2013-06-19 10:39:33,99.4,118.4,103.9,0.0,0.0,838860.7,2.147483647E8,99.4,118.4,103.9,99.4,118.4,103.9,10.0,10.0,0.0,50.0,99.4
2013-06-19 10:39:34,126.7,118.7,88.3,0.0,0.0,7706.4,616.5,126.7,118.8,105.3,99.4,118.4,83.2,10.0,10.0,0.0,50.0,126.7
2013-06-19 10:39:35,109.5,118.8,82.9,0.0,0.0,7341.4,587.3,126.7,118.9,89.6,109.5,118.7,78.8,9.9,10.0,0.0,50.0,109.8
2013-06-19 10:39:36,97.2,118.7,82.2,0.0,0.0,7280.6,582.4,109.5,118.9,89.3,97.2,118.7,80.6,10.0,6.6,0.0,50.0,97.2
2013-06-19 10:39:37,97.6,118.8,86.5,0.0,0.0,7239.7,579.1,97.6,118.9,89.1,97.2,118.7,79.2,9.8,5.0,0.0,50.0,99.3
2013-06-19 10:39:38,97.7,118.8,80.0,0.1,0.0,7178.6,574.2,97.7,118.8,86.5,97.6,118.7,78.7,10.0,4.0,0.0,50.0,97.7
2013-06-19 10:39:39,97.7,118.7,80.2,0.1,0.0,7151.9,572.1,97.7,118.8,86.2,97.7,118.6,79.1,10.0,3.3,0.0,50.0,97.7
2013-06-19 10:39:40,97.6,118.7,84.2,0.1,0.0,7126.9,570.1,97.7,118.9,84.9,97.6,118.6,79.0,10.0,2.8,0.0,50.0,97.6
2013-06-19 10:39:41,97.6,118.8,80.6,0.2,0.0,7201.6,576.1,97.6,118.8,86.7,97.6,118.6,79.0,10.0,2.5,0.0,50.0,97.6
2013-06-19 10:39:42,97.8,118.8,81.0,0.2,0.0,7115.3,569.2,97.8,118.8,87.4,97.6,118.6,80.3,10.0,2.2,0.0,50.0,97.8
2013-06-19 10:39:43,98.2,118.7,82.0,0.2,0.0,7115.4,569.2,98.2,118.8,93.8,97.8,118.6,78.9,9.8,2.0,0.0,50.0,99.7
2013-06-19 10:39:44,98.1,118.7,80.0,0.2,0.0,7168.0,573.4,98.2,118.8,86.8,98.1,118.6,78.9,10.0,1.8,0.0,50.0,98.1
2013-06-19 10:39:45,97.9,118.8,79.8,0.3,0.0,7089.9,567.1,98.1,118.9,85.3,97.9,118.7,78.7,10.0,1.6,0.0,50.0,97.9
2013-06-19 10:39:46,97.8,118.7,80.8,0.3,0.0,7074.7,565.9,97.9,118.8,85.2,97.8,118.6,78.7,10.0,1.5,0.0,50.0,97.8
2013-06-19 10:39:47,97.8,118.7,83.4,0.3,0.0,7120.6,569.6,97.8,118.8,86.7,97.8,118.6,78.9,10.0,1.4,0.0,50.0,97.8
2013-06-19 10:39:48,97.7,118.8,82.5,0.3,0.0,7069.1,565.5,97.8,118.9,85.4,97.7,118.7,79.4,10.0,1.3,0.0,50.0,97.7
2013-06-19 10:39:49,97.8,118.8,84.8,0.4,0.0,7060.7,564.8,97.8,118.9,85.4,97.7,118.7,78.9,10.0,1.2,0.0,50.0,97.8
2013-06-19 10:39:50,97.7,118.8,83.7,0.4,0.0,7054.1,564.3,97.8,118.9,85.3,97.7,118.7,78.6,10.0,1.1,0.0,50.0,97.7
2013-06-19 10:39:51,97.5,118.8,79.2,0.4,0.0,7045.9,563.6,97.7,118.9,85.1,97.5,118.7,78.8,10.0,1.1,0.0,50.0,97.5
2013-06-19 10:39:52,97.5,118.8,78.8,0.5,0.0,7075.0,566.0,97.5,119.0,85.2,97.5,118.7,78.7,10.0,1.0,0.0,50.0,97.5
2013-06-19 10:39:53,97.4,118.8,80.3,0.5,0.0,7037.5,563.0,97.5,118.9,87.5,97.4,118.7,78.8,10.0,1.0,0.0,50.0,97.4
2013-06-19 10:39:54,97.5,118.7,79.0,0.5,0.0,7039.3,563.1,97.5,118.8,87.8,97.4,118.7,79.0,10.0,0.9,0.0,50.0,97.5
2013-06-19 10:39:55,97.6,118.7,78.7,0.5,0.0,7032.6,562.6,97.6,118.8,85.5,97.5,118.6,78.7,10.0,0.9,0.0,50.0,97.6
2013-06-19 10:39:56,97.5,118.8,80.2,0.6,0.0,7031.4,562.5,97.6,118.8,88.5,97.5,118.6,78.7,10.0,0.8,0.0,50.0,97.5
2013-06-19 10:39:57,97.6,118.7,79.3,0.6,0.0,7031.4,562.5,97.6,118.8,87.1,97.5,118.6,79.1,10.0,0.8,0.0,50.0,97.6
2013-06-19 10:39:58,97.5,118.8,79.0,0.6,0.0,7027.0,562.1,97.6,118.8,85.4,97.5,118.5,78.9,10.0,0.8,0.0,50.0,97.5
2013-06-19 10:39:59,97.4,118.8,78.9,0.7,0.0,7024.0,561.9,97.5,118.8,87.8,97.4,118.6,78.8,10.0,0.7,0.0,50.0,97.4
2013-06-19 10:40:00,97.3,118.6,79.4,0.7,0.0,7046.8,563.7,97.4,118.8,85.1,97.3,118.5,78.7,10.0,0.7,0.0,50.0,97.3
2013-06-19 10:40:01,97.3,118.7,80.2,0.7,0.0,7018.1,561.4,97.3,118.7,85.0,97.3,118.6,78.8,10.0,0.7,0.0,50.0,97.3
2013-06-19 10:40:02,97.2,118.7,86.6,0.7,0.0,7026.3,562.1,97.3,118.8,94.1,97.2,118.5,79.6,10.0,0.6,0.0,50.0,97.2
2013-06-19 10:40:03,97.7,118.7,80.4,0.7,0.0,7025.1,562.0,97.7,118.8,88.1,97.2,118.5,79.1,9.7,0.6,0.0,50.0,100.0
2013-06-19 10:40:04,97.7,118.7,79.0,0.8,0.0,7021.8,561.7,97.7,118.8,87.7,97.7,118.6,78.9,10.0,0.6,0.0,50.0,97.7
2013-06-19 10:40:05,97.6,118.8,78.7,0.8,0.0,7042.3,563.3,97.7,118.9,91.9,97.6,118.6,78.7,10.0,0.6,0.0,50.0,97.6
2013-06-19 10:40:06,97.5,118.8,81.3,0.8,0.0,7019.4,561.5,97.6,118.8,89.1,97.5,118.7,78.5,10.0,0.6,0.0,50.0,97.5
2013-06-19 10:40:07,97.6,118.9,80.3,0.9,0.0,7018.6,561.4,97.6,118.9,87.5,97.5,118.7,78.7,10.0,0.5,0.0,50.0,97.6
2013-06-19 10:40:08,97.6,118.9,79.0,0.9,0.0,7039.1,563.1,97.6,118.9,87.9,97.6,118.7,78.9,10.0,0.5,0.0,50.0,97.6
2013-06-19 10:40:09,97.6,118.8,81.8,0.9,0.0,7017.4,561.3,97.6,118.9,86.9,97.6,118.7,78.8,10.0,0.5,0.0,50.0,97.6
2013-06-19 10:40:10,97.6,118.7,78.9,0.9,0.0,7014.4,561.1,97.6,118.9,85.8,97.6,118.7,78.6,10.0,0.5,0.0,50.0,97.6
2013-06-19 10:40:11,97.5,118.7,79.0,1.0,0.0,7014.1,561.1,97.6,118.8,85.9,97.5,118.6,78.8,10.0,0.5,0.0,50.0,97.5
2013-06-19 10:40:12,97.5,118.7,84.0,1.0,0.0,7012.5,561.0,97.5,118.8,85.8,97.5,118.7,78.6,10.0,0.5,0.0,50.0,97.5
2013-06-19 10:40:13,97.4,118.7,81.1,1.0,0.0,7028.4,562.2,97.5,118.8,87.0,97.4,118.6,78.7,10.0,0.5,0.0,50.0,97.4
2013-06-19 10:40:14,97.4,118.8,80.0,1.0,0.0,7012.1,560.9,97.4,118.8,86.4,97.4,118.6,80.0,10.0,0.4,0.0,50.0,97.4
2013-06-19 10:40:15,97.5,118.8,83.6,1.1,0.0,7010.2,560.8,97.5,118.8,85.5,97.4,118.7,78.5,10.0,0.4,0.0,50.0,97.5
2013-06-19 10:40:16,97.5,118.8,83.0,1.1,0.0,7027.4,562.1,97.5,118.9,86.9,97.5,118.7,79.9,10.0,0.4,0.0,50.0,97.5
2013-06-19 10:40:17,97.6,118.7,82.1,1.1,0.0,7010.6,560.8,97.6,118.9,85.5,97.5,118.6,78.7,10.0,0.4,0.0,50.0,97.6
2013-06-19 10:40:18,97.6,118.8,82.5,1.2,0.0,7008.0,560.6,97.6,118.9,85.2,97.6,118.7,78.7,10.0,0.4,0.0,50.0,97.6
2013-06-19 10:40:19,97.5,118.9,85.4,1.2,0.0,7007.6,560.6,97.6,118.9,87.0,97.5,118.7,78.5,10.0,0.4,0.0,50.0,97.5
2013-06-19 10:40:20,97.4,118.8,83.0,1.2,0.0,7007.8,560.6,97.5,119.0,85.4,97.4,118.8,78.8,10.0,0.4,0.0,50.0,97.4
2013-06-19 10:40:21,97.6,118.8,79.1,1.2,0.0,7006.0,560.4,97.6,118.9,87.0,97.4,118.7,78.9,10.0,0.4,0.0,50.0,97.6
2013-06-19 10:40:22,97.6,118.7,79.2,1.3,0.0,7005.4,560.4,97.6,118.8,87.7,97.6,118.7,78.8,10.0,0.4,0.0,50.0,97.6
2013-06-19 10:40:23,97.4,118.7,79.1,1.3,0.0,7004.8,560.3,97.6,118.8,85.4,97.4,118.7,78.6,10.0,0.4,0.0,50.0,97.4
2013-06-19 10:40:24,97.4,118.6,79.1,1.3,0.0,7002.6,560.2,97.4,118.8,85.2,97.4,118.6,78.7,10.0,0.3,0.0,50.0,97.4
2013-06-19 10:40:25,97.3,118.8,81.1,1.4,0.0,7004.0,560.3,97.4,118.9,90.3,97.3,118.5,78.9,10.0,0.3,0.0,50.0,97.3
2013-06-19 10:40:26,97.5,118.9,79.7,1.4,0.0,7005.6,560.4,97.5,118.9,86.8,97.3,118.7,79.7,10.0,0.3,0.0,50.0,97.5
2013-06-19 10:40:27,97.7,118.8,79.3,1.4,0.0,7003.8,560.3,97.7,118.9,85.4,97.5,118.7,78.9,10.0,0.3,0.0,50.0,97.7
2013-06-19 10:40:28,97.6,118.8,79.4,1.4,0.0,7003.5,560.2,97.7,118.8,89.6,97.6,118.6,78.7,10.0,0.3,0.0,50.0,97.6
2013-06-19 10:40:29,97.4,118.8,79.9,1.5,0.0,7003.5,560.2,97.6,118.9,86.0,97.4,118.8,78.8,10.0,0.3,0.0,50.0,97.4
2013-06-19 10:40:30,97.5,118.9,79.6,1.5,0.0,7014.4,561.1,97.5,118.9,85.4,97.4,118.7,78.8,10.0,0.3,0.0,50.0,97.5
2013-06-19 10:40:31,97.4,118.9,80.9,1.5,0.0,7002.6,560.2,97.5,118.9,87.7,97.4,118.7,78.9,10.0,0.3,0.0,50.0,97.4
2013-06-19 10:40:32,97.5,118.8,80.6,1.5,0.0,7004.1,560.3,97.5,118.9,88.8,97.4,118.6,80.2,10.0,0.3,0.0,50.0,97.5
2013-06-19 10:40:33,97.6,118.8,80.2,1.6,0.0,7014.4,561.1,97.6,118.9,85.2,97.5,118.6,78.7,10.0,0.3,0.0,50.0,97.6
2013-06-19 10:40:34,97.5,118.9,80.5,1.6,0.0,7002.0,560.1,97.6,118.9,86.0,97.5,118.7,78.7,10.0,0.3,0.0,50.0,97.5
2013-06-19 10:40:35,97.5,118.8,81.5,1.6,0.0,7002.1,560.1,97.5,118.9,85.6,97.5,118.7,78.8,10.0,0.3,0.0,50.0,97.5
2013-06-19 10:40:36,97.5,119.9,79.5,1.6,0.0,7011.9,560.9,97.5,120.0,85.3,97.5,118.7,78.7,10.0,0.3,0.0,50.0,97.5
2013-06-19 10:40:37,97.4,120.2,82.9,1.7,0.0,7001.0,560.0,97.5,120.2,85.2,97.4,119.9,77.7,10.0,0.3,0.0,50.0,97.4
2013-06-19 10:40:38,97.5,120.0,82.9,1.7,0.0,7002.2,560.1,97.5,120.2,85.8,97.4,119.9,79.2,10.0,0.3,0.0,50.0,97.5
2013-06-19 10:40:39,97.6,120.1,81.4,1.7,0.0,7000.7,560.0,97.6,120.2,84.4,97.5,120.0,77.9,10.0,0.3,0.0,50.0,97.6
2013-06-19 10:40:40,97.5,120.1,82.4,1.7,0.0,7001.6,560.1,97.6,120.2,86.0,97.5,120.0,77.9,10.0,0.2,0.0,50.0,97.5
2013-06-19 10:40:41,97.6,120.1,82.6,1.8,0.0,7001.0,560.0,97.6,120.2,84.5,97.5,120.1,78.0,10.0,0.2,0.0,50.0,97.6
2013-06-19 10:40:42,97.6,120.2,78.8,1.8,0.0,6999.5,559.9,97.6,120.3,84.2,97.6,120.0,77.7,10.0,0.2,0.0,50.0,97.6
2013-06-19 10:40:43,97.4,120.3,80.1,1.8,0.0,6999.5,559.9,97.6,120.3,85.2,97.4,120.0,78.0,10.0,0.2,0.0,50.0,97.4
2013-06-19 10:40:44,97.5,120.1,83.1,1.9,0.0,7009.9,560.7,97.5,120.3,84.9,97.4,120.0,78.9,10.0,0.2,0.0,50.0,97.5
2013-06-19 10:40:45,97.6,120.2,79.7,1.9,0.0,6998.9,559.9,97.6,120.2,84.4,97.5,120.0,78.0,10.0,0.2,0.0,50.0,97.6
2013-06-19 10:40:46,97.5,120.2,82.5,1.9,0.0,7000.3,560.0,97.6,120.2,85.9,97.5,120.0,79.3,10.0,0.2,0.0,50.0,97.5
2013-06-19 10:40:47,97.7,120.0,87.4,1.9,0.0,7000.0,560.0,97.7,120.3,87.4,97.5,120.0,77.6,10.0,0.2,0.0,50.0,97.7
2013-06-19 10:40:48,97.7,120.1,82.7,2.0,0.0,6998.6,559.8,97.7,120.2,87.7,97.7,120.0,77.8,10.0,0.2,0.0,50.0,97.7
2013-06-19 10:40:49,97.5,119.9,85.4,2.0,0.0,7007.9,560.6,97.7,120.1,85.4,97.5,119.9,78.2,10.0,0.2,0.0,50.0,97.5
2013-06-19 10:40:50,97.6,120.0,79.3,2.0,0.0,6998.0,559.8,97.6,120.1,85.9,97.5,119.9,78.0,10.0,0.2,0.0,50.0,97.6
2013-06-19 10:40:51,97.6,119.9,79.2,2.1,0.0,6998.4,559.8,97.6,120.1,88.3,97.6,119.9,79.0,10.0,0.2,0.0,50.0,97.6
2013-06-19 10:40:52,97.6,119.9,77.9,2.1,0.0,6998.5,559.8,97.6,120.0,85.6,97.6,119.8,77.8,10.0,0.2,0.0,50.0,97.6
2013-06-19 10:40:53,97.6,119.9,77.9,2.1,0.0,6997.2,559.7,97.6,120.0,84.3,97.6,119.8,77.8,10.0,0.2,0.0,50.0,97.6
2013-06-19 10:40:54,97.6,119.8,77.9,2.1,0.0,7005.0,560.4,97.6,120.0,87.1,97.6,119.8,77.9,10.0,0.2,0.0,50.0,97.6
2013-06-19 10:40:55,97.4,119.9,78.1,2.2,0.0,6995.8,559.6,97.6,120.0,85.3,97.4,119.8,77.8,10.0,0.2,0.0,50.0,97.4
2013-06-19 10:40:56,97.4,119.9,79.3,2.2,0.0,6995.4,559.6,97.4,119.9,86.4,97.4,119.7,78.0,10.0,0.2,0.0,50.0,97.4
2013-06-19 10:40:57,97.4,119.9,77.9,2.2,0.0,6995.4,559.6,97.4,119.9,89.8,97.4,119.8,77.9,10.0,0.2,0.0,50.0,97.4
2013-06-19 10:40:58,97.2,119.8,78.2,2.2,0.0,6994.8,559.5,97.4,119.9,86.7,97.2,119.7,77.8,10.0,0.2,0.0,50.0,97.2
2013-06-19 10:40:59,97.2,119.7,78.2,2.3,0.0,6993.6,559.4,97.2,119.8,85.2,97.2,119.6,78.0,10.0,0.2,0.0,50.0,97.2
2013-06-19 10:41:00,97.2,119.7,78.0,2.3,0.0,7001.6,560.1,97.2,119.8,86.6,97.2,119.6,78.0,10.0,0.2,0.0,50.0,97.2
2013-06-19 10:41:01,97.1,119.7,79.7,2.3,0.0,6993.2,559.4,97.2,119.8,86.0,97.1,119.7,77.8,10.0,0.2,0.0,50.0,97.1
2013-06-19 10:41:02,97.2,119.8,78.1,2.3,0.0,7001.2,560.1,97.2,119.8,89.8,97.1,119.7,78.1,10.0,0.2,0.0,50.0,97.2
2013-06-19 10:41:03,97.3,119.8,78.2,2.4,0.0,6993.5,559.4,97.3,119.8,87.8,97.2,119.6,77.9,10.0,0.2,0.0,50.0,97.3
2013-06-19 10:41:04,97.3,119.8,78.8,2.4,0.0,6993.4,559.4,97.3,119.9,85.2,97.3,119.7,78.1,10.0,0.2,0.0,50.0,97.3
2013-06-19 10:41:05,97.3,119.8,78.1,2.4,0.0,6992.2,559.3,97.3,119.8,85.1,97.3,119.6,78.1,10.0,0.2,0.0,50.0,97.3
2013-06-19 10:41:06,97.2,119.7,78.2,2.4,0.0,6991.7,559.3,97.3,119.8,85.2,97.2,119.6,77.9,10.0,0.2,0.0,50.0,97.2
2013-06-19 10:41:07,97.1,119.7,80.4,2.5,0.0,6991.7,559.3,97.2,119.8,85.0,97.1,119.6,78.0,10.0,0.2,0.0,50.0,97.1
2013-06-19 10:41:08,97.3,119.7,78.4,2.5,0.0,6991.7,559.3,97.3,119.8,86.3,97.1,119.6,78.4,10.0,0.2,0.0,50.0,97.3
2013-06-19 10:41:09,97.3,119.7,78.4,2.5,0.0,6991.4,559.3,97.3,119.8,84.9,97.3,119.6,78.1,10.0,0.2,0.0,50.0,97.3
2013-06-19 10:41:10,97.2,119.6,80.3,2.6,0.0,6998.4,559.8,97.3,119.8,84.8,97.2,119.6,77.7,10.0,0.2,0.0,50.0,97.2
2013-06-19 10:41:11,97.3,119.7,78.4,2.6,0.0,6989.9,559.1,97.3,119.8,84.8,97.2,119.6,77.8,10.0,0.2,0.0,50.0,97.3
2013-06-19 10:41:12,97.1,119.6,78.6,2.6,0.0,6989.7,559.1,97.3,119.8,84.9,97.1,119.6,77.8,10.0,0.2,0.0,50.0,97.1
2013-06-19 10:41:13,97.1,119.6,83.8,2.6,0.0,6991.1,559.2,97.1,119.6,88.8,97.1,119.5,78.2,10.0,0.2,0.0,50.0,97.1
2013-06-19 10:41:14,97.5,119.8,79.6,2.7,0.0,6991.1,559.2,97.5,119.8,85.2,97.1,119.5,79.3,9.8,0.1,0.0,50.0,98.6
2013-06-19 10:41:15,97.4,119.8,80.3,2.7,0.0,6990.8,559.2,97.5,119.8,84.7,97.4,119.6,77.9,10.0,0.1,0.0,50.0,97.4
2013-06-19 10:41:16,97.4,119.7,83.9,2.7,0.0,6990.2,559.2,97.4,119.8,89.0,97.4,119.5,77.9,10.0,0.1,0.0,50.0,97.4
2013-06-19 10:41:17,97.3,119.7,81.8,2.7,0.0,6989.3,559.1,97.4,119.8,84.7,97.3,119.6,78.0,10.0,0.1,0.0,50.0,97.3
2013-06-19 10:41:18,97.2,119.6,84.5,2.8,0.0,6989.3,559.1,97.3,119.7,85.1,97.2,119.5,78.0,10.0,0.1,0.0,50.0,97.2
2013-06-19 10:41:19,97.3,119.4,88.7,2.8,0.0,6989.1,559.1,97.3,119.7,88.7,97.2,119.4,78.1,10.0,0.1,0.0,50.0,97.3
2013-06-19 10:41:20,97.3,119.6,78.4,2.8,0.0,6988.7,559.0,97.3,119.7,91.0,97.3,119.4,78.2,10.0,0.1,0.0,50.0,97.3
2013-06-19 10:41:21,97.3,119.8,78.1,2.9,0.0,6994.9,559.5,97.3,119.8,84.7,97.3,119.5,78.0,10.0,0.1,0.0,50.0,97.3
2013-06-19 10:41:22,97.3,119.7,79.6,2.9,0.0,6987.7,559.0,97.3,119.8,84.6,97.3,119.7,78.1,10.0,0.1,0.0,50.0,97.3
2013-06-19 10:41:23,97.3,119.6,78.0,2.9,0.0,6987.2,558.9,97.3,119.7,87.1,97.3,119.6,77.9,10.0,0.1,0.0,50.0,97.3
2013-06-19 10:41:24,97.1,119.8,78.1,2.9,0.0,6993.3,559.4,97.3,119.8,84.6,97.1,119.5,78.0,10.0,0.1,0.0,50.0,97.1
2013-06-19 10:41:25,97.1,119.8,78.5,3.0,0.0,6986.2,558.9,97.1,119.8,84.5,97.1,119.6,77.9,10.0,0.1,0.0,50.0,97.1
2013-06-19 10:41:26,97.2,119.6,79.6,3.0,0.0,6986.8,558.9,97.2,119.8,85.7,97.1,119.6,78.5,10.0,0.1,0.0,50.0,97.2
2013-06-19 10:41:27,97.2,119.7,81.2,3.0,0.0,6987.6,559.0,97.2,119.7,87.6,97.2,119.5,79.4,10.0,0.1,0.0,50.0,97.2
2013-06-19 10:41:28,97.3,119.7,78.1,3.0,0.0,6986.6,558.9,97.3,119.8,84.4,97.2,119.6,78.0,9.9,0.1,0.0,50.0,97.6
2013-06-19 10:41:29,97.3,119.8,78.1,3.1,0.0,6986.3,558.9,97.3,119.9,85.0,97.3,119.7,78.0,10.0,0.1,0.0,50.0,97.3
2013-06-19 10:41:30,97.2,119.8,78.4,3.1,0.0,6991.9,559.3,97.3,119.9,84.2,97.2,119.6,77.8,10.0,0.1,0.0,50.0,97.2
2013-06-19 10:41:31,97.1,119.8,79.6,3.1,0.0,6985.5,558.8,97.2,119.9,84.3,97.1,119.7,77.9,10.0,0.1,0.0,50.0,97.1
2013-06-19 10:41:32,97.3,120.0,79.0,3.1,0.0,6986.6,558.9,97.3,120.0,86.4,97.1,119.8,79.0,10.0,0.1,0.0,50.0,97.3
2013-06-19 10:41:33,97.4,119.8,78.6,3.2,0.0,6992.5,559.4,97.4,120.0,84.8,97.3,119.7,78.6,10.0,0.1,0.0,50.0,97.4
2013-06-19 10:41:34,97.4,119.9,78.6,3.2,0.0,6986.1,558.8,97.4,119.9,84.6,97.4,119.8,78.0,10.0,0.1,0.0,50.0,97.4
2013-06-19 10:41:35,97.4,120.0,79.1,3.2,0.0,6986.2,558.9,97.4,120.0,85.1,97.4,119.8,78.1,10.0,0.1,0.0,50.0,97.4
2013-06-19 10:41:36,97.3,119.9,79.3,3.3,0.0,6992.2,559.3,97.4,120.0,86.1,97.3,119.9,78.1,10.0,0.1,0.0,50.0,97.3
2013-06-19 10:41:37,97.4,120.0,79.9,3.3,0.0,6986.2,558.9,97.4,120.0,84.6,97.3,119.8,77.9,10.0,0.1,0.0,50.0,97.4
2013-06-19 10:41:38,97.4,119.9,78.9,3.3,0.0,6986.8,558.9,97.4,120.0,85.5,97.4,119.8,78.9,10.0,0.1,0.0,50.0,97.4
2013-06-19 10:41:39,97.5,119.9,79.8,3.3,0.0,6992.5,559.4,97.5,120.1,86.1,97.4,119.9,78.1,10.0,0.1,0.0,50.0,97.5
2013-06-19 10:41:40,97.6,120.1,79.7,3.4,0.0,6986.4,558.9,97.6,120.1,84.7,97.5,119.9,78.1,10.0,0.1,0.0,50.0,97.6
2013-06-19 10:41:41,97.4,119.9,81.6,3.4,0.0,6987.4,558.9,97.6,120.1,86.9,97.4,119.8,78.2,10.0,0.1,0.0,50.0,97.4
2013-06-19 10:41:42,97.7,119.9,81.3,3.4,0.0,6993.3,559.4,97.7,120.0,87.6,97.4,119.8,78.2,9.9,0.1,0.0,50.0,98.1
2013-06-19 10:41:43,97.7,119.9,82.1,3.4,0.0,6987.5,559.0,97.7,119.9,85.4,97.7,119.7,77.9,10.0,0.1,0.0,50.0,97.7
2013-06-19 10:41:44,97.7,119.7,81.0,3.5,0.0,6988.1,559.0,97.7,119.9,85.4,97.7,119.5,79.4,10.0,0.1,0.0,50.0,97.7
2013-06-19 10:41:45,97.8,119.9,84.9,3.5,0.0,6988.2,559.0,97.8,119.9,90.1,97.7,119.6,78.1,10.0,0.1,0.0,50.0,97.8
2013-06-19 10:41:46,97.8,119.7,83.5,3.5,0.0,6987.8,559.0,97.8,119.9,85.0,97.8,119.6,78.2,10.0,0.1,0.0,50.0,97.8
2013-06-19 10:41:47,97.6,119.7,84.9,3.6,0.0,6987.8,559.0,97.8,119.8,86.4,97.6,119.6,78.4,10.0,0.1,0.0,50.0,97.6
2013-06-19 10:41:48,97.6,119.6,89.7,3.6,0.0,6987.7,559.0,97.6,119.8,89.7,97.6,119.6,78.1,10.0,0.1,0.0,50.0,97.6
2013-06-19 10:41:49,97.6,119.7,83.9,3.6,0.0,6992.0,559.3,97.6,119.9,89.7,97.6,119.6,78.3,10.0,0.1,0.0,50.0,97.6
2013-06-19 10:41:50,97.6,119.7,79.2,3.6,0.0,6987.1,558.9,97.6,119.9,88.4,97.6,119.7,78.3,10.0,0.1,0.0,50.0,97.6
2013-06-19 10:41:51,97.6,119.8,83.5,3.7,0.0,6987.0,558.9,97.6,119.9,86.8,97.6,119.6,78.0,10.0,0.1,0.0,50.0,97.6
2013-06-19 10:41:52,97.6,119.9,78.8,3.7,0.0,6986.8,558.9,97.6,120.0,87.3,97.6,119.8,77.8,10.0,0.1,0.0,50.0,97.6
2013-06-19 10:41:53,97.5,119.9,78.1,3.7,0.0,6986.7,558.9,97.6,120.0,85.8,97.5,119.8,78.1,10.0,0.1,0.0,50.0,97.5
2013-06-19 10:41:54,97.5,119.9,81.8,3.7,0.0,6986.5,558.9,97.5,120.0,86.0,97.5,119.8,78.0,10.0,0.1,0.0,50.0,97.5
2013-06-19 10:41:55,97.5,119.9,79.4,3.8,0.0,6991.4,559.3,97.5,120.0,86.7,97.5,119.8,78.2,10.0,0.1,0.0,50.0,97.5
2013-06-19 10:41:56,97.6,119.9,81.8,3.8,0.0,6987.8,559.0,97.6,120.0,86.5,97.5,119.8,79.4,10.0,0.1,0.0,50.0,97.6
2013-06-19 10:41:57,97.9,119.9,81.6,3.8,0.0,6989.5,559.1,97.9,119.9,88.7,97.6,119.7,81.6,9.9,0.1,0.0,50.0,98.8
2013-06-19 10:41:58,98.4,120.0,81.9,3.8,0.0,6996.7,559.7,98.4,120.0,89.3,97.9,119.7,81.6,9.8,0.1,0.0,50.0,100.2
2013-06-19 10:41:59,98.7,119.9,81.7,3.9,0.0,6993.9,559.5,98.7,120.0,88.7,98.4,119.8,81.7,9.8,0.1,0.0,50.0,99.7
2013-06-19 10:42:00,99.1,119.8,82.0,3.9,0.0,6995.6,559.6,99.1,119.9,88.6,98.7,119.7,81.7,9.8,0.1,0.0,50.0,100.4
2013-06-19 10:42:01,99.4,119.9,79.4,3.9,0.0,6996.3,559.7,99.4,119.9,87.6,99.1,119.7,79.4,9.9,0.1,0.0,50.0,100.2
2013-06-19 10:42:02,99.2,119.9,78.3,4.0,0.0,7001.5,560.1,99.4,120.0,86.8,99.2,119.7,78.3,10.0,0.1,0.0,50.0,99.2
2013-06-19 10:42:03,99.1,120.0,78.1,4.0,0.0,6996.3,559.7,99.2,120.0,84.6,99.1,119.8,78.0,10.0,0.1,0.0,50.0,99.1
2013-06-19 10:42:04,99.0,119.9,78.2,4.0,0.0,6996.2,559.6,99.1,120.0,85.5,99.0,119.8,78.1,10.0,0.1,0.0,50.0,99.0
2013-06-19 10:42:05,98.7,120.0,78.4,4.0,0.0,6996.0,559.6,99.0,120.0,84.7,98.7,119.8,78.1,10.0,0.1,0.0,50.0,98.7
2013-06-19 10:42:06,98.4,119.9,78.0,4.1,0.0,6995.5,559.6,98.7,120.0,84.2,98.4,119.8,78.0,10.0,0.1,0.0,50.0,98.4
2013-06-19 10:42:07,98.3,119.8,79.5,4.1,0.0,6995.4,559.6,98.4,119.9,85.9,98.3,119.8,77.9,10.0,0.1,0.0,50.0,98.3
2013-06-19 10:42:08,98.2,119.8,78.7,4.1,0.0,7000.5,560.0,98.3,119.9,88.1,98.2,119.7,78.7,10.0,0.1,0.0,50.0,98.2
2013-06-19 10:42:09,98.2,119.8,78.4,4.1,0.0,6995.5,559.6,98.2,120.0,85.1,98.2,119.8,78.0,10.0,0.1,0.0,50.0,98.2
2013-06-19 10:42:10,98.0,119.9,78.6,4.2,0.0,6995.2,559.6,98.2,119.9,85.1,98.0,119.6,78.2,10.0,0.1,0.0,50.0,98.0
2013-06-19 10:42:11,97.9,119.8,78.9,4.2,0.0,6994.9,559.5,98.0,119.9,88.2,97.9,119.7,77.9,10.0,0.1,0.0,50.0,97.9
2013-06-19 10:42:12,97.7,119.9,78.9,4.2,0.0,6998.7,559.9,97.9,119.9,84.8,97.7,119.7,77.9,10.0,0.1,0.0,50.0,97.7
2013-06-19 10:42:13,97.6,119.8,80.6,4.3,0.0,6994.5,559.5,97.7,119.9,87.0,97.6,119.7,78.1,10.0,0.1,0.0,50.0,97.6
2013-06-19 10:42:14,97.7,119.9,80.3,4.3,0.0,6994.9,559.5,97.7,119.9,88.5,97.6,119.7,79.5,10.0,0.1,0.0,50.0,97.7
2013-06-19 10:42:15,97.7,119.9,81.0,4.3,0.0,6998.8,559.9,97.7,119.9,85.0,97.7,119.7,78.3,10.0,0.1,0.0,50.0,97.7
2013-06-19 10:42:16,97.6,119.7,80.9,4.3,0.0,6994.4,559.5,97.7,119.9,86.0,97.6,119.7,78.2,10.0,0.1,0.0,50.0,97.6
2013-06-19 10:42:17,97.6,119.8,83.6,4.4,0.0,6994.1,559.5,97.6,119.9,87.3,97.6,119.7,77.9,10.0,0.1,0.0,50.0,97.6
2013-06-19 10:42:18,97.5,119.6,84.9,4.4,0.0,6998.0,559.8,97.6,119.8,84.9,97.5,119.6,78.0,10.0,0.1,0.0,50.0,97.5
2013-06-19 10:42:19,97.4,119.6,82.7,4.4,0.0,6993.7,559.5,97.5,119.8,86.4,97.4,119.6,78.4,10.0,0.1,0.0,50.0,97.4
2013-06-19 10:42:20,97.6,119.8,81.6,4.5,0.0,6994.0,559.5,97.6,119.8,86.2,97.4,119.6,79.0,10.0,0.1,0.0,50.0,97.6
2013-06-19 10:42:21,97.7,119.8,78.1,4.5,0.0,6997.6,559.8,97.7,119.8,86.4,97.6,119.7,78.1,10.0,0.1,0.0,50.0,97.7
2013-06-19 10:42:22,97.5,119.8,78.2,4.5,0.0,6993.2,559.4,97.7,119.8,84.4,97.5,119.7,78.1,10.0,0.1,0.0,50.0,97.5
2013-06-19 10:42:23,97.4,119.8,81.9,4.5,0.0,6992.9,559.4,97.5,119.8,84.4,97.4,119.6,78.1,10.0,0.1,0.0,50.0,97.4
2013-06-19 10:42:24,97.3,119.7,78.3,4.6,0.0,6992.4,559.3,97.4,119.8,84.7,97.3,119.6,78.3,10.0,0.1,0.0,50.0,97.3
2013-06-19 10:42:25,97.3,119.7,80.3,4.6,0.0,6992.5,559.4,97.3,119.8,84.5,97.3,119.6,78.2,10.0,0.1,0.0,50.0,97.3
2013-06-19 10:42:26,97.4,119.7,83.0,4.6,0.0,6992.3,559.3,97.4,119.8,85.2,97.3,119.6,78.2,10.0,0.1,0.0,50.0,97.4
2013-06-19 10:42:27,97.3,119.7,78.2,4.6,0.0,6991.9,559.3,97.4,119.8,84.7,97.3,119.5,78.2,10.0,0.1,0.0,50.0,97.3
2013-06-19 10:42:28,97.1,119.5,78.4,4.7,0.0,6991.7,559.3,97.3,119.7,86.4,97.1,119.5,78.0,10.0,0.1,0.0,50.0,97.1
2013-06-19 10:42:29,97.1,119.7,78.9,4.7,0.0,6991.3,559.3,97.1,119.8,84.8,97.1,119.5,78.1,10.0,0.1,0.0,50.0,97.1
2013-06-19 10:42:30,97.2,119.6,78.2,4.7,0.0,6994.9,559.5,97.2,119.8,84.6,97.1,119.6,78.2,10.0,0.1,0.0,50.0,97.2
2013-06-19 10:42:31,97.1,119.6,79.7,4.7,0.0,6991.4,559.3,97.2,119.7,87.1,97.1,119.5,78.1,10.0,0.1,0.0,50.0,97.1
2013-06-19 10:42:32,97.3,119.6,79.7,4.8,0.0,6991.4,559.3,97.3,119.7,85.3,97.1,119.5,78.1,9.9,0.1,0.0,50.0,97.4
2013-06-19 10:42:33,97.5,119.7,78.4,4.8,0.0,6991.7,559.3,97.5,119.8,85.6,97.3,119.6,78.3,10.0,0.1,0.0,50.0,97.5
2013-06-19 10:42:34,97.4,119.8,78.3,4.8,0.0,6991.7,559.3,97.5,119.8,87.5,97.4,119.5,78.1,10.0,0.1,0.0,50.0,97.4
2013-06-19 10:42:35,97.4,119.7,78.2,4.8,0.0,6991.0,559.2,97.4,119.8,84.3,97.4,119.6,77.8,10.0,0.1,0.0,50.0,97.4
2013-06-19 10:42:36,97.3,119.7,79.6,4.9,0.0,6991.3,559.3,97.4,119.7,85.7,97.3,119.5,78.2,10.0,0.1,0.0,50.0,97.3
2013-06-19 10:42:37,97.4,119.7,80.0,4.9,0.0,6995.3,559.6,97.4,119.7,87.9,97.3,119.6,78.7,10.0,0.1,0.0,50.0,97.4
2013-06-19 10:42:38,97.5,119.8,78.8,4.9,0.0,6991.6,559.3,97.5,119.9,86.2,97.4,119.7,78.8,10.0,0.1,0.0,50.0,97.5
2013-06-19 10:42:39,97.6,119.9,78.4,5.0,0.0,6991.5,559.3,97.6,119.9,85.3,97.5,119.7,78.3,10.0,0.1,0.0,50.0,97.6
2013-06-19 10:42:40,97.5,119.8,79.0,5.0,0.0,6991.3,559.3,97.6,119.9,91.5,97.5,119.7,77.8,10.0,0.1,0.0,50.0,97.5
2013-06-19 10:42:41,97.4,119.8,78.9,5.0,0.0,6990.8,559.2,97.5,119.9,87.3,97.4,119.6,77.9,10.0,0.1,0.0,50.0,97.4
2013-06-19 10:42:42,97.4,119.9,79.4,5.0,0.0,6990.7,559.2,97.4,119.9,87.5,97.4,119.6,78.2,10.0,0.1,0.0,50.0,97.4
2013-06-19 10:42:43,97.3,119.7,81.4,5.1,0.0,6990.8,559.2,97.4,119.9,89.4,97.3,119.7,78.2,10.0,0.1,0.0,50.0,97.3
2013-06-19 10:42:44,97.4,119.9,80.2,5.1,0.0,6991.0,559.2,97.4,119.9,88.1,97.3,119.7,79.3,10.0,0.1,0.0,50.0,97.4
2013-06-19 10:42:45,97.4,119.9,81.5,5.1,0.0,6994.7,559.5,97.4,120.0,86.2,97.4,119.8,78.0,10.0,0.1,0.0,50.0,97.4
2013-06-19 10:42:46,97.4,119.8,82.7,5.2,0.0,6990.9,559.2,97.4,119.9,88.5,97.4,119.7,78.0,10.0,0.1,0.0,50.0,97.4
2013-06-19 10:42:47,97.5,120.0,82.7,5.2,0.0,6990.5,559.2,97.5,120.0,86.0,97.4,119.8,78.1,10.0,0.1,0.0,50.0,97.5
2013-06-19 10:42:48,97.3,119.8,85.1,5.2,0.0,6990.7,559.2,97.5,120.0,85.1,97.3,119.8,78.3,10.0,0.1,0.0,50.0,97.3
2013-06-19 10:42:49,97.4,119.8,89.0,5.2,0.0,6990.9,559.2,97.4,120.0,93.3,97.3,119.8,77.9,10.0,0.1,0.0,50.0,97.4
2013-06-19 10:42:50,97.6,119.9,79.7,5.3,0.0,6990.7,559.2,97.6,119.9,91.5,97.4,119.7,79.1,9.9,0.1,0.0,50.0,98.1
2013-06-19 10:42:51,97.6,119.9,79.8,5.3,0.0,6990.7,559.2,97.6,120.1,85.0,97.6,119.9,78.3,10.0,0.1,0.0,50.0,97.6
2013-06-19 10:42:52,97.6,119.9,81.9,5.3,0.0,6990.7,559.2,97.6,120.0,86.0,97.6,119.7,78.1,10.0,0.1,0.0,50.0,97.6
2013-06-19 10:42:53,97.6,119.9,79.5,5.3,0.0,6990.4,559.2,97.6,120.0,85.3,97.6,119.8,78.3,10.0,0.1,0.0,50.0,97.6
2013-06-19 10:42:54,97.4,120.0,79.8,5.4,0.0,6990.2,559.2,97.6,120.0,84.5,97.4,119.8,78.2,10.0,0.0,0.0,50.0,97.4
2013-06-19 10:42:55,97.5,119.9,84.0,5.4,0.0,6990.3,559.2,97.5,120.0,86.0,97.4,119.8,78.1,10.0,0.0,0.0,50.0,97.5
2013-06-19 10:42:56,97.5,120.0,81.3,5.4,0.0,6990.5,559.2,97.5,120.0,86.4,97.5,119.8,79.3,10.0,0.0,0.0,50.0,97.5
2013-06-19 10:42:57,97.5,119.9,81.9,5.4,0.0,6990.6,559.2,97.5,120.0,84.8,97.5,119.8,78.4,10.0,0.0,0.0,50.0,97.5
2013-06-19 10:42:58,97.5,119.9,86.5,5.5,0.0,6993.9,559.5,97.5,120.0,86.5,97.5,119.9,77.9,10.0,0.0,0.0,50.0,97.5
2013-06-19 10:42:59,97.5,119.9,79.7,5.5,0.0,6990.0,559.2,97.5,120.0,87.6,97.5,119.8,78.1,10.0,0.0,0.0,50.0,97.5
2013-06-19 10:43:00,97.4,119.9,78.8,5.5,0.0,6990.0,559.2,97.5,120.0,84.9,97.4,119.8,78.1,10.0,0.0,0.0,50.0,97.4
2013-06-19 10:43:01,97.4,119.9,83.2,5.5,0.0,6993.3,559.4,97.4,120.0,84.6,97.4,119.8,78.1,10.0,0.0,0.0,50.0,97.4
2013-06-19 10:43:02,97.5,120.0,78.6,5.6,0.0,6990.2,559.2,97.5,120.0,87.2,97.4,119.8,78.6,10.0,0.0,0.0,50.0,97.5
2013-06-19 10:43:03,97.5,120.1,78.6,5.6,0.0,6990.4,559.2,97.5,120.1,88.9,97.5,119.8,78.0,10.0,0.0,0.0,50.0,97.5
2013-06-19 10:43:04,97.6,120.1,78.4,5.6,0.0,6990.0,559.2,97.6,120.1,84.5,97.5,119.9,77.8,10.0,0.0,0.0,50.0,97.6
2013-06-19 10:43:05,97.6,119.9,78.6,5.7,0.0,6990.0,559.2,97.6,120.1,85.9,97.6,119.8,78.1,10.0,0.0,0.0,50.0,97.6
2013-06-19 10:43:06,97.5,120.0,79.9,5.7,0.0,6990.4,559.2,97.6,120.0,89.9,97.5,119.8,78.5,10.0,0.0,0.0,50.0,97.5
2013-06-19 10:43:07,97.6,120.0,79.6,5.7,0.0,6990.2,559.2,97.6,120.1,84.6,97.5,119.9,78.2,10.0,0.0,0.0,50.0,97.6
2013-06-19 10:43:08,97.7,119.9,78.6,5.7,0.0,6990.6,559.2,97.7,120.0,86.5,97.6,119.9,78.6,10.0,0.0,0.0,50.0,97.7
2013-06-19 10:43:09,97.7,120.0,78.7,5.8,0.0,6990.4,559.2,97.7,120.0,87.5,97.7,119.8,78.0,10.0,0.0,0.0,50.0,97.7
2013-06-19 10:43:10,97.6,120.0,78.7,5.8,0.0,6990.1,559.2,97.7,120.1,84.4,97.6,119.9,78.1,10.0,0.0,0.0,50.0,97.6
2013-06-19 10:43:11,97.5,120.0,80.1,5.8,0.0,6990.3,559.2,97.6,120.1,85.9,97.5,120.0,78.3,10.0,0.0,0.0,50.0,97.5
2013-06-19 10:43:12,97.6,120.1,79.3,5.8,0.0,6990.4,559.2,97.6,120.1,85.9,97.5,119.9,78.0,10.0,0.0,0.0,50.0,97.6
2013-06-19 10:43:13,97.6,120.0,80.9,5.9,0.0,6990.1,559.2,97.6,120.2,85.4,97.6,119.9,77.8,10.0,0.0,0.0,50.0,97.6
2013-06-19 10:43:14,97.7,120.0,80.6,5.9,0.0,6990.6,559.2,97.7,120.1,87.8,97.6,120.0,79.5,10.0,0.0,0.0,50.0,97.7
2013-06-19 10:43:15,97.7,119.9,81.6,5.9,0.0,6990.6,559.2,97.7,120.1,86.4,97.7,119.9,78.1,10.0,0.0,0.0,50.0,97.7
2013-06-19 10:43:16,97.6,120.0,81.1,6.0,0.0,6993.3,559.4,97.7,120.1,85.0,97.6,119.9,78.2,10.0,0.0,0.0,50.0,97.6
2013-06-19 10:43:17,97.5,120.1,82.2,6.0,0.0,6990.1,559.2,97.6,120.1,86.5,97.5,119.8,77.9,10.0,0.0,0.0,50.0,97.5
2013-06-19 10:43:18,97.4,120.0,86.9,6.0,0.0,6990.3,559.2,97.5,120.2,86.9,97.4,120.0,77.8,10.0,0.0,0.0,50.0,97.4
2013-06-19 10:43:19,97.5,120.0,81.6,6.0,0.0,6990.3,559.2,97.5,120.1,86.9,97.4,120.0,78.9,10.0,0.0,0.0,50.0,97.5
2013-06-19 10:43:20,97.6,120.1,78.5,6.1,0.0,6990.2,559.2,97.6,120.1,87.0,97.5,119.9,78.1,10.0,0.0,0.0,50.0,97.6
2013-06-19 10:43:21,97.6,120.0,79.4,6.1,0.0,6990.1,559.2,97.6,120.1,84.4,97.6,119.9,78.1,10.0,0.0,0.0,50.0,97.6
2013-06-19 10:43:22,97.5,120.1,78.2,6.1,0.0,6989.7,559.1,97.6,120.1,84.7,97.5,119.9,77.9,10.0,0.0,0.0,50.0,97.5
2013-06-19 10:43:23,97.4,119.9,78.3,6.1,0.0,6992.6,559.4,97.5,120.1,86.4,97.4,119.9,78.0,10.0,0.0,0.0,50.0,97.4
2013-06-19 10:43:24,97.3,120.1,81.0,6.2,0.0,6989.5,559.1,97.4,120.1,84.1,97.3,119.9,78.0,10.0,0.0,0.0,50.0,97.3
2013-06-19 10:43:25,97.4,120.0,80.0,6.2,0.0,6989.8,559.1,97.4,120.1,85.9,97.3,119.9,79.5,10.0,0.0,0.0,50.0,97.4
2013-06-19 10:43:26,97.5,120.0,78.4,6.2,0.0,6989.8,559.1,97.5,120.1,87.4,97.4,119.9,78.3,10.0,0.0,0.0,50.0,97.5
2013-06-19 10:43:27,97.4,120.0,81.2,6.2,0.0,6992.6,559.4,97.5,120.1,84.1,97.4,120.0,78.0,10.0,0.0,0.0,50.0,97.4
2013-06-19 10:43:28,97.4,120.0,78.3,6.3,0.0,6989.3,559.1,97.4,120.1,84.1,97.4,119.9,78.0,10.0,0.0,0.0,50.0,97.4
2013-06-19 10:43:29,97.3,120.0,78.5,6.3,0.0,6989.2,559.1,97.4,120.1,89.5,97.3,119.9,78.0,10.0,0.0,0.0,50.0,97.3
2013-06-19 10:43:30,97.3,119.9,83.0,6.3,0.0,6992.1,559.3,97.3,120.0,84.9,97.3,119.8,78.0,10.0,0.0,0.0,50.0,97.3
2013-06-19 10:43:31,97.4,119.9,78.8,6.4,0.0,6989.3,559.1,97.4,120.0,86.1,97.3,119.9,78.8,10.0,0.0,0.0,50.0,97.4
2013-06-19 10:43:32,97.4,119.8,78.7,6.4,0.0,6989.3,559.1,97.4,120.0,91.1,97.4,119.7,78.0,10.0,0.0,0.0,50.0,97.4
2013-06-19 10:43:33,97.4,119.8,83.5,6.4,0.0,6989.2,559.1,97.4,119.9,86.6,97.4,119.8,78.2,10.0,0.0,0.0,50.0,97.4
2013-06-19 10:43:34,97.4,120.0,78.8,6.4,0.0,6988.8,559.1,97.4,120.0,86.9,97.4,119.7,78.1,10.0,0.0,0.0,50.0,97.4
2013-06-19 10:43:35,97.3,119.8,78.8,6.5,0.0,6988.6,559.0,97.4,120.0,89.8,97.3,119.8,77.8,10.0,0.0,0.0,50.0,97.3
2013-06-19 10:43:36,97.2,120.0,80.9,6.5,0.0,6988.4,559.0,97.3,120.0,85.0,97.2,119.7,77.8,10.0,0.0,0.0,50.0,97.2
2013-06-19 10:43:37,97.3,119.9,79.2,6.5,0.0,6988.7,559.0,97.3,120.0,87.0,97.2,119.8,79.0,10.0,0.0,0.0,50.0,97.3
2013-06-19 10:43:38,97.3,119.9,79.1,6.5,0.0,6988.6,559.0,97.3,120.0,88.2,97.3,119.8,77.9,10.0,0.0,0.0,50.0,97.3
2013-06-19 10:43:39,97.3,119.8,79.2,6.6,0.0,6988.3,559.0,97.3,119.9,85.8,97.3,119.8,78.1,10.0,0.0,0.0,50.0,97.3
2013-06-19 10:43:40,97.3,119.9,79.2,6.6,0.0,6991.1,559.2,97.3,119.9,85.0,97.3,119.7,78.0,10.0,0.0,0.0,50.0,97.3
2013-06-19 10:43:41,97.2,119.8,80.6,6.6,0.0,6988.5,559.0,97.3,119.9,87.1,97.2,119.7,78.2,10.0,0.0,0.0,50.0,97.2
2013-06-19 10:43:42,97.4,119.9,79.8,6.7,0.0,6988.1,559.0,97.4,119.9,85.4,97.2,119.8,77.9,10.0,0.0,0.0,50.0,97.4
2013-06-19 10:43:43,97.3,119.7,83.0,6.7,0.0,6988.4,559.0,97.4,119.9,86.9,97.3,119.6,78.4,10.0,0.0,0.0,50.0,97.3
2013-06-19 10:43:44,97.5,119.8,80.6,6.7,0.0,6988.5,559.0,97.5,119.8,85.6,97.3,119.6,78.3,10.0,0.0,0.0,50.0,97.5
2013-06-19 10:43:45,97.5,119.7,81.8,6.7,0.0,6988.2,559.0,97.5,119.8,84.6,97.5,119.7,77.8,10.0,0.0,0.0,50.0,97.5
2013-06-19 10:43:46,97.5,119.8,83.3,6.8,0.0,6988.5,559.0,97.5,119.9,86.3,97.5,119.7,78.9,10.0,0.0,0.0,50.0,97.5
2013-06-19 10:43:47,97.5,119.7,83.8,6.8,0.0,6991.3,559.3,97.5,119.8,85.5,97.5,119.6,78.2,10.0,0.0,0.0,50.0,97.5
2013-06-19 10:43:48,97.6,119.7,86.7,6.8,0.0,6988.5,559.0,97.6,119.8,86.7,97.5,119.7,78.2,10.0,0.0,0.0,50.0,97.6
2013-06-19 10:43:49,97.6,119.7,80.7,6.9,0.0,6988.6,559.0,97.6,119.8,86.7,97.6,119.6,78.8,10.0,0.0,0.0,50.0,97.6
2013-06-19 10:43:50,97.6,119.9,78.5,6.9,0.0,6991.0,559.2,97.6,119.9,85.5,97.6,119.6,77.6,10.0,0.0,0.0,50.0,97.6
2013-06-19 10:43:51,97.5,119.7,78.3,6.9,0.0,6987.9,559.0,97.6,119.9,84.6,97.5,119.7,77.7,10.0,0.0,0.0,50.0,97.5
2013-06-19 10:43:52,97.4,119.8,78.2,6.9,0.0,6987.7,559.0,97.5,119.8,84.5,97.4,119.6,78.0,10.0,0.0,0.0,50.0,97.4
2013-06-19 10:43:53,97.3,119.8,78.7,6.9,0.0,6987.6,559.0,97.4,119.8,85.1,97.3,119.6,78.0,10.0,0.0,0.0,50.0,97.3
2013-06-19 10:43:54,97.2,119.8,79.4,7.0,0.0,6987.2,558.9,97.3,119.9,84.2,97.2,119.6,77.7,10.0,0.0,0.0,50.0,97.2
2013-06-19 10:43:55,97.2,119.7,78.5,7.0,0.0,6987.4,558.9,97.2,119.8,87.1,97.2,119.6,78.5,10.0,0.0,0.0,50.0,97.2
2013-06-19 10:43:56,97.2,119.7,79.9,7.0,0.0,6987.3,558.9,97.2,119.8,85.4,97.2,119.5,78.0,10.0,0.0,0.0,50.0,97.2
2013-06-19 10:43:57,97.2,119.6,78.6,7.1,0.0,6986.8,558.9,97.2,119.8,84.3,97.2,119.5,78.1,10.0,0.0,0.0,50.0,97.2
2013-06-19 10:43:58,97.0,119.8,78.1,7.1,0.0,6986.7,558.9,97.2,119.8,85.9,97.0,119.6,77.8,10.0,0.0,0.0,50.0,97.0
2013-06-19 10:43:59,97.0,119.7,81.0,7.1,0.0,6986.5,558.9,97.0,119.8,85.1,97.0,119.6,77.7,10.0,0.0,0.0,50.0,97.0
2013-06-19 10:44:00,97.0,119.7,79.9,7.1,0.0,6988.8,559.1,97.0,119.8,84.0,97.0,119.6,77.8,10.0,0.0,0.0,50.0,97.0
2013-06-19 10:44:01,96.9,119.7,79.3,7.2,0.0,6986.4,558.9,97.0,119.7,90.6,96.9,119.6,79.2,10.0,0.0,0.0,50.0,96.9
2013-06-19 10:44:02,97.1,119.6,82.4,7.2,0.0,6986.2,558.9,97.1,119.8,85.3,96.9,119.6,77.8,10.0,0.0,0.0,50.0,97.1
2013-06-19 10:44:03,97.1,119.8,79.4,7.2,0.0,6985.9,558.8,97.1,119.8,84.9,97.1,119.6,78.1,10.0,0.0,0.0,50.0,97.1
2013-06-19 10:44:04,97.0,119.7,79.2,7.2,0.0,6988.4,559.0,97.1,119.8,88.0,97.0,119.5,77.9,10.0,0.0,0.0,50.0,97.0
2013-06-19 10:44:05,97.0,119.7,85.1,7.3,0.0,6985.8,558.8,97.0,119.8,85.1,97.0,119.6,77.7,10.0,0.0,0.0,50.0,97.0
2013-06-19 10:44:06,97.0,119.8,80.9,7.3,0.0,6985.5,558.8,97.0,119.8,85.1,97.0,119.7,77.9,10.0,0.0,0.0,50.0,97.0
2013-06-19 10:44:07,97.0,119.8,80.6,7.3,0.0,6985.7,558.8,97.0,119.8,88.0,97.0,119.6,78.9,10.0,0.0,0.0,50.0,97.0
2013-06-19 10:44:08,97.2,119.7,84.4,7.4,0.0,6985.6,558.8,97.2,119.9,85.9,97.0,119.7,77.5,10.0,0.0,0.0,50.0,97.2
2013-06-19 10:44:09,97.1,119.8,80.9,7.4,0.0,6985.2,558.8,97.2,120.0,84.8,97.1,119.7,77.5,10.0,0.0,0.0,50.0,97.1
2013-06-19 10:44:10,97.0,119.9,80.3,7.4,0.0,6987.5,559.0,97.1,120.0,84.9,97.0,119.7,77.6,10.0,0.0,0.0,50.0,97.0
2013-06-19 10:44:11,97.0,119.7,79.1,7.4,0.0,6984.6,558.7,97.0,119.9,84.3,97.0,119.7,77.7,10.0,0.0,0.0,50.0,97.0
2013-06-19 10:44:12,97.0,119.9,79.7,7.5,0.0,6984.5,558.7,97.0,119.9,84.8,97.0,119.7,77.7,10.0,0.0,0.0,50.0,97.0
2013-06-19 10:44:13,97.0,120.0,79.0,7.5,0.0,6984.6,558.7,97.0,120.0,84.8,97.0,119.8,78.5,10.0,0.0,0.0,50.0,97.0
2013-06-19 10:44:14,97.0,119.9,79.5,7.5,0.0,6984.3,558.7,97.0,120.1,84.8,97.0,119.8,77.5,10.0,0.0,0.0,50.0,97.0
2013-06-19 10:44:15,97.0,119.8,80.7,7.5,0.0,6986.6,558.9,97.0,120.0,85.1,97.0,119.8,77.7,10.0,0.0,0.0,50.0,97.0
2013-06-19 10:44:16,96.9,120.0,82.4,7.6,0.0,6986.8,558.9,97.0,120.1,85.9,96.9,119.8,79.0,10.0,0.0,0.0,50.0,96.9
2013-06-19 10:44:17,97.1,120.1,82.6,7.6,0.0,6984.0,558.7,97.1,120.1,84.0,96.9,119.9,77.5,9.9,0.0,0.0,50.0,97.2
2013-06-19 10:44:18,97.1,119.8,85.4,7.6,0.0,6984.0,558.7,97.1,120.1,85.4,97.1,119.8,77.6,10.0,0.0,0.0,50.0,97.1
2013-06-19 10:44:19,97.0,119.9,79.8,7.7,0.0,6984.0,558.7,97.1,120.1,85.4,97.0,119.8,78.3,10.0,0.0,0.0,50.0,97.0
2013-06-19 10:44:20,97.2,120.0,77.8,7.7,0.0,6983.6,558.6,97.2,120.1,84.4,97.0,119.9,77.7,10.0,0.0,0.0,50.0,97.2
2013-06-19 10:44:21,97.1,119.9,79.5,7.7,0.0,6983.7,558.6,97.2,120.0,86.8,97.1,119.8,77.8,10.0,0.0,0.0,50.0,97.1
2013-06-19 10:44:22,97.2,119.8,77.9,7.7,0.0,6983.7,558.7,97.2,120.0,86.3,97.1,119.8,77.6,10.0,0.0,0.0,50.0,97.2
2013-06-19 10:44:23,97.2,119.9,77.5,7.7,0.0,6983.3,558.6,97.2,120.0,84.9,97.2,119.8,77.5,10.0,0.0,0.0,50.0,97.2
2013-06-19 10:44:24,97.0,120.0,79.0,7.8,0.0,6983.2,558.6,97.2,120.0,86.8,97.0,119.8,77.5,10.0,0.0,0.0,50.0,97.0
2013-06-19 10:44:25,97.1,119.9,79.8,7.8,0.0,6983.4,558.6,97.1,120.0,88.0,97.0,119.7,79.0,10.0,0.0,0.0,50.0,97.1
2013-06-19 10:44:26,97.2,119.9,77.6,7.8,0.0,6983.1,558.6,97.2,120.0,86.7,97.1,119.9,77.6,10.0,0.0,0.0,50.0,97.2
2013-06-19 10:44:27,96.9,119.9,79.0,7.9,0.0,6983.1,558.6,97.2,120.0,88.5,96.9,119.7,77.4,10.0,0.0,0.0,50.0,96.9
2013-06-19 10:44:28,97.0,119.8,78.6,7.9,0.0,6983.0,558.6,97.0,119.9,86.1,96.9,119.7,77.7,10.0,0.0,0.0,50.0,97.0
2013-06-19 10:44:29,97.0,119.9,77.7,7.9,0.0,6982.6,558.6,97.0,119.9,85.5,97.0,119.8,77.7,10.0,0.0,0.0,50.0,97.0
2013-06-19 10:44:30,96.9,119.7,79.1,7.9,0.0,6982.5,558.6,97.0,119.9,87.0,96.9,119.7,77.6,10.0,0.0,0.0,50.0,96.9
2013-06-19 10:44:31,96.9,119.8,79.5,8.0,0.0,6982.7,558.6,96.9,119.8,86.6,96.9,119.6,79.1,10.0,0.0,0.0,50.0,96.9
2013-06-19 10:44:32,97.0,119.8,77.6,8.0,0.0,6982.3,558.5,97.0,119.9,84.4,96.9,119.7,77.6,10.0,0.0,0.0,50.0,97.0
2013-06-19 10:44:33,96.9,119.8,78.0,8.0,0.0,6982.1,558.5,97.0,119.9,86.0,96.9,119.7,77.6,10.0,0.0,0.0,50.0,96.9
2013-06-19 10:44:34,96.9,119.4,103.8,8.0,0.0,6983.8,558.7,96.9,119.8,104.4,96.9,119.4,77.8,10.0,0.0,0.0,50.0,96.9
2013-06-19 10:44:35,111.9,119.7,78.3,8.1,0.0,6986.4,558.9,111.9,119.8,104.6,96.9,119.3,78.2,10.0,0.0,0.0,50.0,111.9
2013-06-19 10:44:36,101.1,119.7,79.3,8.1,0.0,6986.4,558.9,111.9,119.7,85.7,101.1,119.5,78.1,9.8,0.1,0.0,50.0,102.5
2013-06-19 10:44:37,100.7,119.6,81.8,8.1,0.0,6986.6,558.9,101.1,119.7,86.1,100.7,119.5,79.3,10.0,0.1,0.0,50.0,100.7
2013-06-19 10:44:38,100.4,119.6,78.3,8.2,0.0,6988.6,559.0,100.7,119.7,84.8,100.4,119.5,78.0,10.0,0.1,0.0,50.0,100.4
2013-06-19 10:44:39,99.9,119.7,78.3,8.2,0.0,6986.3,558.9,100.4,119.8,85.5,99.9,119.6,78.1,10.0,0.1,0.0,50.0,99.9
2013-06-19 10:44:40,99.6,119.6,84.4,8.2,0.0,6986.3,558.9,99.9,119.8,85.6,99.6,119.6,78.0,10.0,0.1,0.0,50.0,99.6
2013-06-19 10:44:41,99.4,119.7,78.1,8.2,0.0,6986.2,558.8,99.6,119.8,84.4,99.4,119.5,78.1,10.0,0.1,0.0,50.0,99.4
2013-06-19 10:44:42,99.0,119.6,78.8,8.3,0.0,6986.0,558.8,99.4,119.7,84.6,99.0,119.5,77.8,10.0,0.1,0.0,50.0,99.0
2013-06-19 10:44:43,98.7,119.6,81.7,8.3,0.0,6986.0,558.8,99.0,119.7,86.5,98.7,119.4,78.0,10.0,0.1,0.0,50.0,98.7
2013-06-19 10:44:44,98.7,119.6,79.7,8.3,0.0,6986.0,558.8,98.7,119.7,85.6,98.7,119.5,78.2,10.0,0.1,0.0,50.0,98.7
2013-06-19 10:44:45,98.4,119.7,81.0,8.4,0.0,6985.9,558.8,98.7,119.7,84.5,98.4,119.5,77.7,10.0,0.1,0.0,50.0,98.4
2013-06-19 10:44:46,98.3,119.5,81.0,8.4,0.0,6985.5,558.8,98.4,119.7,84.4,98.3,119.5,77.8,10.0,0.1,0.0,50.0,98.3
2013-06-19 10:44:47,98.0,119.7,83.3,8.4,0.0,6985.4,558.8,98.3,119.7,84.5,98.0,119.5,77.8,10.0,0.1,0.0,50.0,98.0
2013-06-19 10:44:48,97.8,119.5,84.1,8.4,0.0,6987.4,558.9,98.0,119.7,84.1,97.8,119.5,77.8,10.0,0.1,0.0,50.0,97.8
2013-06-19 10:44:49,97.7,119.5,80.5,8.5,0.0,6984.9,558.7,97.8,119.7,84.5,97.7,119.4,78.1,10.0,0.1,0.0,50.0,97.7
2013-06-19 10:44:50,97.8,119.5,78.0,8.5,0.0,6984.9,558.7,97.8,119.6,87.8,97.7,119.4,78.0,10.0,0.1,0.0,50.0,97.8
2013-06-19 10:44:51,97.6,119.4,79.5,8.5,0.0,6985.0,558.8,97.8,119.5,85.7,97.6,119.3,78.0,10.0,0.1,0.0,50.0,97.6
2013-06-19 10:44:52,97.7,119.5,78.0,8.5,0.0,6984.7,558.7,97.7,119.5,86.0,97.6,119.3,78.0,10.0,0.1,0.0,50.0,97.7
2013-06-19 10:44:53,97.6,119.6,78.1,8.6,0.0,6984.6,558.7,97.7,119.6,88.9,97.6,119.3,77.9,10.0,0.1,0.0,50.0,97.6
2013-06-19 10:44:54,97.4,119.3,79.6,8.6,0.0,6984.5,558.7,97.6,119.6,84.4,97.4,119.3,78.0,10.0,0.1,0.0,50.0,97.4
2013-06-19 10:44:55,97.4,119.5,78.3,8.6,0.0,6984.5,558.7,97.4,119.5,86.2,97.4,119.3,78.3,10.0,0.1,0.0,50.0,97.4
2013-06-19 10:44:56,97.4,119.4,79.6,8.6,0.0,6984.6,558.7,97.4,119.5,91.0,97.4,119.3,78.0,10.0,0.1,0.0,50.0,97.4
2013-06-19 10:44:57,97.4,119.3,78.7,8.7,0.0,6986.8,558.9,97.4,119.4,86.4,97.4,119.3,78.4,10.0,0.1,0.0,50.0,97.4
2013-06-19 10:44:58,97.4,119.4,78.0,8.7,0.0,6984.3,558.7,97.4,119.5,84.8,97.4,119.3,78.0,10.0,0.1,0.0,50.0,97.4
2013-06-19 10:44:59,97.2,119.4,78.0,8.7,0.0,6984.1,558.7,97.4,119.4,87.4,97.2,119.2,77.8,10.0,0.1,0.0,50.0,97.2
2013-06-19 10:45:00,97.1,119.5,80.1,8.7,0.0,6984.1,558.7,97.2,119.6,84.7,97.1,119.4,77.8,10.0,0.1,0.0,50.0,97.1
2013-06-19 10:45:01,97.2,119.5,78.6,8.8,0.0,6984.1,558.7,97.2,119.6,85.9,97.1,119.4,78.6,10.0,0.1,0.0,50.0,97.2
2013-06-19 10:45:02,97.2,119.6,78.4,8.8,0.0,6984.1,558.7,97.2,119.6,86.8,97.2,119.3,78.1,10.0,0.1,0.0,50.0,97.2
2013-06-19 10:45:03,97.2,119.6,80.0,8.8,0.0,6986.1,558.8,97.2,119.7,85.1,97.2,119.6,77.9,10.0,0.1,0.0,50.0,97.2
2013-06-19 10:45:04,97.2,119.7,79.4,8.9,0.0,6983.9,558.7,97.2,119.7,85.5,97.2,119.5,77.9,10.0,0.1,0.0,50.0,97.2
2013-06-19 10:45:05,97.3,119.6,78.3,8.9,0.0,6984.0,558.7,97.3,119.7,85.5,97.2,119.5,78.3,10.0,0.1,0.0,50.0,97.3
2013-06-19 10:45:06,97.3,119.6,82.0,8.9,0.0,6984.0,558.7,97.3,119.8,85.8,97.3,119.6,77.8,10.0,0.1,0.0,50.0,97.3
2013-06-19 10:45:07,97.3,119.8,78.8,8.9,0.0,6984.0,558.7,97.3,119.8,86.2,97.3,119.5,78.8,10.0,0.1,0.0,50.0,97.3
2013-06-19 10:45:08,97.3,119.7,78.5,9.0,0.0,6983.9,558.7,97.3,119.8,84.5,97.3,119.6,77.7,10.0,0.1,0.0,50.0,97.3
2013-06-19 10:45:09,97.3,119.6,82.4,9.0,0.0,6983.7,558.7,97.3,119.8,85.2,97.3,119.6,77.7,10.0,0.1,0.0,50.0,97.3
2013-06-19 10:45:10,97.2,119.8,78.8,9.0,0.0,6983.4,558.6,97.3,119.8,84.4,97.2,119.6,77.8,10.0,0.1,0.0,50.0,97.2
2013-06-19 10:45:11,97.1,119.8,80.8,9.1,0.0,6983.5,558.6,97.2,119.8,86.0,97.1,119.7,78.0,10.0,0.1,0.0,50.0,97.1
2013-06-19 10:45:12,97.3,119.6,86.1,9.1,0.0,6985.7,558.8,97.3,119.8,86.8,97.1,119.6,77.9,10.0,0.1,0.0,50.0,97.3
2013-06-19 10:45:13,97.4,119.6,80.5,9.1,0.0,6983.6,558.6,97.4,119.7,86.1,97.3,119.5,78.1,10.0,0.1,0.0,50.0,97.4
2013-06-19 10:45:14,97.3,119.6,81.1,9.1,0.0,6983.5,558.6,97.4,119.7,85.7,97.3,119.6,78.1,10.0,0.1,0.0,50.0,97.3
2013-06-19 10:45:15,97.2,119.7,85.7,9.2,0.0,6983.3,558.6,97.3,119.8,86.9,97.2,119.6,77.9,10.0,0.1,0.0,50.0,97.2
2013-06-19 10:45:16,97.2,119.7,82.1,9.2,0.0,6985.1,558.8,97.2,119.8,87.4,97.2,119.6,78.1,10.0,0.1,0.0,50.0,97.2
2013-06-19 10:45:17,97.1,119.9,85.1,9.2,0.0,6983.0,558.6,97.2,119.9,86.7,97.1,119.6,77.9,10.0,0.1,0.0,50.0,97.1
2013-06-19 10:45:18,97.1,119.6,86.3,9.2,0.0,6982.8,558.6,97.1,119.9,86.3,97.1,119.6,77.8,10.0,0.1,0.0,50.0,97.1
2013-06-19 10:45:19,97.2,119.8,81.6,9.3,0.0,6982.9,558.6,97.2,119.8,89.1,97.1,119.6,78.6,10.0,0.1,0.0,50.0,97.2
2013-06-19 10:45:20,97.2,119.8,81.0,9.3,0.0,6982.7,558.6,97.2,119.9,85.4,97.2,119.7,77.9,10.0,0.1,0.0,50.0,97.2
2013-06-19 10:45:21,97.1,119.8,80.4,9.3,0.0,6982.4,558.5,97.2,119.8,85.7,97.1,119.6,77.7,10.0,0.1,0.0,50.0,97.1
2013-06-19 10:45:22,97.1,119.7,79.2,9.3,0.0,6982.2,558.5,97.1,119.8,89.8,97.1,119.6,77.5,10.0,0.1,0.0,50.0,97.1
2013-06-19 10:45:23,96.9,119.8,78.4,9.4,0.0,6982.0,558.5,97.1,119.9,84.6,96.9,119.6,78.0,10.0,0.1,0.0,50.0,96.9
2013-06-19 10:45:24,96.9,119.8,79.2,9.4,0.0,6981.8,558.5,96.9,119.9,84.3,96.9,119.7,77.9,10.0,0.1,0.0,50.0,96.9
2013-06-19 10:45:25,97.0,119.7,79.7,9.4,0.0,6982.1,558.5,97.0,119.8,89.4,96.9,119.6,78.7,10.0,0.1,0.0,50.0,97.0
2013-06-19 10:45:26,97.1,119.7,79.3,9.4,0.0,6982.3,558.5,97.1,119.8,86.4,97.0,119.6,79.1,10.0,0.1,0.0,50.0,97.1
2013-06-19 10:45:27,97.2,119.7,77.9,9.5,0.0,6982.1,558.5,97.2,119.8,85.1,97.1,119.6,77.7,9.9,0.1,0.0,50.0,97.4
2013-06-19 10:45:28,97.2,119.8,77.9,9.5,0.0,6983.9,558.7,97.2,119.8,86.7,97.2,119.6,77.7,10.0,0.1,0.0,50.0,97.2
2013-06-19 10:45:29,97.0,119.7,78.3,9.5,0.0,6981.8,558.5,97.2,119.8,84.9,97.0,119.5,77.8,10.0,0.1,0.0,50.0,97.0
2013-06-19 10:45:30,97.0,119.8,79.3,9.6,0.0,6981.5,558.5,97.0,119.8,84.8,97.0,119.6,78.0,10.0,0.1,0.0,50.0,97.0
2013-06-19 10:45:31,97.0,119.7,79.2,9.6,0.0,6981.7,558.5,97.0,119.8,85.7,97.0,119.6,79.0,10.0,0.1,0.0,50.0,97.0
2013-06-19 10:45:32,97.1,119.6,78.4,9.6,0.0,6981.7,558.5,97.1,119.8,85.5,97.0,119.5,78.2,10.0,0.1,0.0,50.0,97.1
2013-06-19 10:45:33,97.1,119.7,78.4,9.6,0.0,6981.4,558.5,97.1,119.7,84.5,97.1,119.5,77.8,10.0,0.1,0.0,50.0,97.1
