2013-06-27 05:23:38,108.7,119.7,98.3,0.0,0.0,9545.3,763.6,108.7,119.8,98.6,92.9,119.7,98.3,10.0,10.0,0.0,50.0,108.7
2013-06-27 05:23:39,121.4,119.8,98.7,0.0,0.0,8163.2,653.0,121.4,119.9,105.1,108.7,119.6,98.0,10.0,10.0,0.0,50.0,121.4
2013-06-27 05:23:40,121.3,119.6,99.5,0.0,0.0,8385.7,670.8,121.4,119.8,102.7,121.3,119.6,98.1,10.0,10.0,0.0,50.0,121.3
2013-06-27 05:23:41,121.2,119.6,98.6,0.0,0.0,8469.1,677.5,121.3,119.7,102.9,121.2,119.6,98.0,10.0,10.0,0.0,50.0,121.2
2013-06-27 05:23:42,121.2,119.6,100.1,0.1,0.0,8739.8,699.1,121.2,119.8,103.8,121.2,119.6,98.2,10.0,10.0,0.0,50.0,121.2
2013-06-27 05:23:43,121.4,119.6,102.5,0.1,0.0,8759.7,700.7,121.4,119.7,104.9,121.2,119.6,99.8,10.0,10.0,0.0,50.0,121.4
2013-06-27 05:23:44,121.6,119.6,97.7,0.1,0.0,8609.5,688.7,121.6,119.7,103.5,121.4,119.6,97.7,10.0,10.0,0.0,50.0,121.6
2013-06-27 05:23:45,121.4,119.7,98.3,0.2,0.0,8608.8,688.7,121.6,119.8,102.2,121.4,119.6,97.3,10.0,10.0,0.0,50.0,121.4
2013-06-27 05:23:46,121.3,119.8,100.9,0.2,0.0,8616.8,689.3,121.4,119.9,102.7,121.3,119.6,97.4,10.0,10.0,0.0,50.0,121.3
2013-06-27 05:23:47,121.4,119.7,99.3,0.2,0.0,8729.0,698.3,121.4,119.9,104.9,121.3,119.6,98.6,10.0,10.0,0.0,50.0,121.4
2013-06-27 05:23:48,121.5,119.6,107.8,0.3,0.0,8660.8,692.8,121.5,119.8,107.8,121.4,119.6,98.2,10.0,10.0,0.0,50.0,121.5
2013-06-27 05:23:49,122.1,119.9,86.0,0.3,0.0,8633.5,690.6,122.1,119.9,110.2,121.5,119.5,85.0,9.8,10.0,0.0,50.0,124.2
2013-06-27 05:23:51,108.9,119.8,88.1,0.4,0.0,8505.7,680.4,108.9,119.9,100.9,108.5,119.6,80.9,9.6,10.0,0.0,50.0,112.5
2013-06-27 05:23:52,103.1,119.9,97.4,0.4,0.0,8452.7,676.2,108.9,120.0,97.4,103.1,119.7,84.4,10.0,10.0,0.0,50.0,103.1
2013-06-27 05:23:53,108.8,120.0,90.3,0.5,0.0,8307.9,664.6,109.4,120.0,95.1,108.8,119.7,81.1,10.0,10.0,0.0,50.0,108.8
2013-06-27 05:23:54,109.4,119.9,83.7,0.5,0.0,8357.7,668.6,109.7,119.9,100.3,109.4,119.6,83.7,10.0,10.0,0.0,50.0,109.4
2013-06-27 05:23:57,101.7,119.7,88.2,0.6,0.0,8225.9,658.0,108.7,120.0,95.6,101.7,119.6,80.8,10.0,10.0,0.0,50.0,101.7
2013-06-27 05:23:56,108.7,119.9,81.8,0.5,0.0,8266.6,661.3,108.8,120.0,99.9,108.7,119.8,81.1,10.0,10.0,0.0,50.0,108.7
2013-06-27 05:23:58,101.8,119.9,82.1,0.6,0.0,8174.8,653.9,101.8,119.9,89.0,101.7,119.7,81.1,9.9,10.0,0.0,50.0,102.1
2013-06-27 05:23:59,101.9,120.0,81.3,0.6,0.0,8135.0,650.8,101.9,120.1,92.9,101.8,119.9,81.3,10.0,10.0,0.0,50.0,101.9
2013-06-27 05:24:00,101.7,120.0,82.5,0.6,0.0,8094.4,647.5,101.9,120.1,88.1,101.7,119.8,81.0,10.0,10.0,0.0,50.0,101.7
2013-06-27 05:24:01,101.6,119.9,82.2,0.7,0.0,8055.4,644.4,101.7,120.0,87.9,101.6,119.8,80.9,10.0,10.0,0.0,50.0,101.6
2013-06-27 05:24:02,101.5,119.9,82.1,0.7,0.0,8020.8,641.6,101.6,119.9,88.0,101.5,119.7,81.2,10.0,10.0,0.0,50.0,101.5
2013-06-27 05:24:03,101.4,119.9,84.9,0.7,0.0,7990.6,639.2,101.5,120.0,90.3,101.4,119.7,81.3,10.0,10.0,0.0,50.0,101.4
2013-06-27 05:24:04,101.1,119.9,80.3,0.7,0.0,7949.4,635.9,101.4,120.0,84.9,101.1,119.8,78.0,10.0,10.0,0.0,50.0,101.1
2013-06-27 05:24:05,100.7,120.0,84.3,0.8,0.0,7919.4,633.5,101.1,120.0,87.7,100.7,119.8,78.9,10.0,10.0,0.0,50.0,100.7
2013-06-27 05:24:06,100.5,119.9,84.4,0.8,0.0,7886.1,630.8,100.7,120.0,86.7,100.5,119.7,77.7,10.0,10.0,0.0,50.0,100.5
2013-06-27 05:24:07,100.1,120.0,84.7,0.8,0.0,7854.1,628.3,100.5,120.0,85.3,100.1,119.8,78.0,10.0,10.0,0.0,50.0,100.1
2013-06-27 05:24:08,99.7,119.9,83.0,0.8,0.0,7823.3,625.8,100.1,120.1,84.7,99.7,119.9,78.0,10.0,9.9,0.0,50.0,99.7
2013-06-27 05:24:09,99.3,119.9,82.1,0.9,0.0,7793.1,623.4,99.7,120.0,84.8,99.3,119.9,77.8,10.0,9.5,0.0,50.0,99.3
2013-06-27 05:30:05,103.1,120.2,79.8,10.4,0.0,6995.0,559.6,103.1,120.4,95.5,97.3,120.0,77.5,10.0,0.8,0.0,50.0,103.1
2013-06-27 05:30:39,105.6,120.1,77.9,11.3,0.0,6988.6,559.0,105.6,120.2,85.0,96.5,120.0,77.7,10.0,0.7,0.0,50.0,105.6
2013-06-27 05:38:15,103.3,120.1,82.7,23.4,0.1,6943.2,555.4,103.3,120.2,97.1,95.9,120.0,81.0,10.0,0.3,0.0,50.0,103.3
2013-06-27 05:38:16,102.7,120.2,80.1,23.5,0.1,6943.3,555.4,103.3,120.3,86.8,102.7,120.1,78.4,10.0,0.3,0.0,50.0,102.7
2013-06-27 05:40:59,101.7,120.3,81.3,27.8,0.2,6935.5,554.8,101.7,120.4,100.7,96.0,120.0,77.2,10.0,0.3,0.0,50.0,101.7
2013-06-27 05:50:17,101.3,120.1,77.4,42.6,0.3,6917.8,553.4,101.3,120.2,84.3,96.0,119.9,77.3,10.0,0.2,0.0,50.0,101.3
2013-06-27 05:59:35,101.9,120.1,78.3,57.4,0.4,6908.8,552.7,101.9,120.3,105.1,96.5,119.9,77.5,10.0,0.1,0.0,50.0,101.9
2013-06-27 06:09:46,101.9,120.1,78.0,73.6,0.5,6902.2,552.1,101.9,120.3,84.5,96.7,120.1,77.7,10.0,0.1,0.0,50.0,101.9
2013-06-27 06:16:46,101.7,119.8,78.6,84.8,0.6,6899.1,551.9,101.7,120.0,106.7,96.2,119.6,77.3,10.0,0.1,0.0,50.0,101.7
2013-06-27 06:20:03,101.5,119.9,81.8,90.0,0.7,6898.6,551.8,101.5,119.9,89.4,96.3,119.8,78.8,10.0,0.1,0.0,50.0,101.5
2013-06-27 06:20:04,100.8,119.9,78.0,90.1,0.7,6898.6,551.8,101.5,119.9,83.9,100.8,119.7,77.5,10.0,0.1,0.0,50.0,100.8
2013-06-27 06:23:46,102.3,120.1,77.4,96.0,0.7,6897.6,551.8,102.3,120.1,104.1,96.2,119.6,77.4,10.0,0.1,0.0,50.0,102.3
2013-06-27 06:31:24,101.3,119.7,77.9,108.2,0.8,6897.5,551.8,101.3,119.8,84.7,96.1,119.6,77.7,10.0,0.1,0.0,50.0,101.3
2013-06-27 06:46:51,102.3,119.8,81.3,132.8,1.0,6897.1,551.7,102.3,119.8,106.5,96.2,119.3,77.6,10.0,0.0,0.0,50.0,102.3
2013-06-27 07:01:04,101.7,120.8,77.2,155.5,1.2,6897.5,551.8,101.7,120.9,86.0,96.3,120.6,76.8,10.0,0.0,0.0,50.1,101.7
2013-06-27 07:02:43,101.7,120.4,79.0,158.1,1.2,6897.4,551.7,101.7,120.5,89.5,96.3,120.2,77.5,10.0,0.0,0.0,50.1,101.7
2013-06-27 07:10:44,102.7,120.0,79.6,171.0,1.3,6898.0,551.8,102.7,120.1,107.2,96.6,119.8,77.8,10.0,0.0,0.0,50.0,102.7
2013-06-27 07:25:39,101.5,119.8,78.5,194.8,1.5,6897.6,551.8,101.5,119.9,106.9,96.1,119.5,77.6,10.0,0.0,0.0,50.0,101.5
2013-06-27 07:25:40,100.9,119.8,78.4,194.8,1.5,6897.6,551.8,101.5,119.9,83.9,100.9,119.6,77.4,10.0,0.0,0.0,50.0,100.9
2013-06-27 07:25:41,100.3,119.9,78.2,194.8,1.5,6897.7,551.8,100.9,119.9,83.8,100.3,119.7,77.3,10.0,0.0,0.0,50.0,100.3
2013-06-27 07:25:42,99.8,119.8,78.1,194.9,1.5,6897.6,551.8,100.3,119.9,83.9,99.8,119.7,77.2,10.0,0.0,0.0,50.0,99.8
2013-06-27 07:43:43,101.9,120.5,80.6,223.6,1.7,6896.3,551.7,101.9,120.6,95.9,96.0,120.3,78.3,10.0,0.0,0.0,50.0,101.9
2013-06-27 07:43:44,101.2,120.4,79.5,223.6,1.7,6896.2,551.6,101.9,120.5,84.5,101.2,120.3,76.7,10.0,0.0,0.0,50.0,101.2
2013-06-27 07:50:45,102.1,120.1,81.5,234.8,1.8,6896.0,551.6,102.1,120.3,97.4,96.2,120.0,77.4,10.0,0.0,0.0,50.0,102.1
2013-06-27 07:55:41,99.1,119.7,82.2,242.7,1.9,6896.1,551.6,99.1,119.9,88.0,98.9,119.6,80.9,10.0,0.0,0.0,50.0,99.1
2013-06-27 07:55:42,99.3,119.7,86.0,242.7,1.9,6896.1,551.6,99.3,119.8,87.3,99.1,119.6,80.9,10.0,0.0,0.0,50.0,99.3
2013-06-27 07:55:43,99.5,119.8,84.6,242.7,1.9,6896.1,551.6,99.5,119.9,87.6,99.3,119.7,80.8,10.0,0.0,0.0,50.0,99.5
2013-06-27 07:55:44,99.6,119.7,86.0,242.8,1.9,6896.2,551.7,99.6,119.8,87.8,99.5,119.6,81.0,10.0,0.0,0.0,50.0,99.6
2013-06-27 07:55:45,99.8,119.7,88.5,242.8,1.9,6896.2,551.7,99.8,119.8,88.5,99.6,119.6,81.3,9.9,0.0,0.0,50.0,100.0
2013-06-27 07:55:46,99.9,119.8,80.9,242.8,1.9,6896.2,551.7,99.9,120.0,88.7,99.8,119.7,77.8,10.0,0.0,0.0,50.0,99.9
2013-06-27 07:55:47,99.6,119.8,78.7,242.8,1.9,6896.2,551.7,99.9,119.9,85.9,99.6,119.7,78.6,10.0,0.0,0.0,50.0,99.6
2013-06-27 07:55:48,99.4,119.7,78.8,242.9,1.9,6896.2,551.7,99.6,119.8,85.4,99.4,119.6,77.7,10.0,0.0,0.0,50.0,99.4
2013-06-27 07:55:49,99.2,119.7,81.8,242.9,1.9,6896.3,551.7,99.4,119.9,88.3,99.2,119.6,78.2,10.0,0.0,0.0,50.0,99.2
2013-06-27 07:55:50,99.4,119.7,81.0,242.9,1.9,6896.3,551.7,99.4,119.8,87.9,99.2,119.6,80.7,10.0,0.0,0.0,50.0,99.4
2013-06-27 07:55:51,99.4,119.7,81.6,243.0,1.9,6896.3,551.7,99.4,119.8,87.2,99.4,119.6,80.7,10.0,0.0,0.0,50.0,99.4
2013-06-27 07:55:52,99.5,119.7,82.1,243.0,1.9,6896.4,551.7,99.5,119.8,89.2,99.4,119.5,80.7,10.0,0.0,0.0,50.0,99.5
2013-06-27 07:55:53,99.6,119.7,81.2,243.0,1.9,6896.4,551.7,99.6,119.7,87.9,99.5,119.5,81.1,10.0,0.0,0.0,50.0,99.6
2013-06-27 07:55:54,99.6,119.7,81.0,243.0,1.9,6896.4,551.7,99.6,119.8,89.8,99.6,119.5,80.7,10.0,0.0,0.0,50.0,99.6
2013-06-27 07:55:55,99.6,119.7,77.6,243.0,1.9,6896.4,551.7,99.6,119.8,92.7,99.6,119.6,77.6,10.0,0.0,0.0,50.0,99.6
2013-06-27 07:55:56,99.3,119.8,77.8,243.1,1.9,6896.4,551.7,99.6,119.8,85.6,99.3,119.6,77.5,10.0,0.0,0.0,50.0,99.3
2013-06-27 07:58:02,102.5,119.8,83.5,246.5,1.9,6897.0,551.7,102.5,120.0,106.5,96.8,119.5,77.9,10.0,0.0,0.0,50.0,102.5
2013-06-27 07:58:03,101.8,119.9,78.9,246.5,1.9,6897.0,551.7,102.5,119.9,83.9,101.8,119.7,78.0,10.0,0.0,0.0,50.0,101.8
2013-06-27 08:01:02,102.1,119.8,79.1,251.3,2.0,6897.9,551.8,102.1,119.9,98.2,96.5,119.5,77.8,10.0,0.0,0.0,50.1,102.1
2013-06-27 08:14:08,103.1,120.1,77.7,272.3,2.1,6899.7,551.9,103.1,120.3,84.6,96.6,120.1,77.7,10.0,0.0,0.0,50.0,103.1
2013-06-27 08:22:08,102.7,120.0,80.9,285.1,2.2,6901.4,552.1,102.7,120.1,105.7,97.5,119.6,77.9,10.0,0.0,0.0,50.0,102.7
2013-06-27 08:29:40,102.3,119.6,82.6,297.2,2.3,6902.6,552.2,102.3,119.7,107.8,97.0,119.2,78.3,10.0,0.0,0.0,50.0,102.3
2013-06-27 08:37:35,102.5,119.7,78.4,309.9,2.4,6904.2,552.3,102.5,119.7,84.4,96.7,119.5,77.9,10.0,0.0,0.0,50.0,102.5
2013-06-27 08:45:40,102.9,120.8,78.6,322.9,2.5,6905.6,552.4,102.9,120.9,106.1,97.0,120.4,77.9,10.0,0.0,0.0,50.0,102.9
2013-06-27 08:53:52,102.3,120.9,80.7,336.1,2.6,6906.7,552.5,102.3,121.0,96.5,96.9,120.8,77.2,10.0,0.0,0.0,50.1,102.3
2013-06-27 08:56:24,106.4,120.7,77.3,340.1,2.7,6907.3,552.5,106.4,120.7,101.9,96.8,120.3,77.3,10.0,0.0,0.0,50.0,106.4
2013-06-27 08:56:25,99.2,120.6,78.3,340.2,2.7,6907.2,552.5,106.4,120.7,86.0,99.2,120.5,77.3,10.0,0.0,0.0,50.0,99.2
2013-06-27 09:01:03,103.5,120.1,78.2,347.6,2.7,6906.8,552.5,103.5,120.3,84.2,96.2,120.0,77.3,10.0,0.0,0.0,50.1,103.5
2013-06-27 09:01:05,101.5,120.2,81.4,347.6,2.7,6906.8,552.5,101.5,120.3,105.8,95.5,119.8,77.7,9.9,0.0,0.0,50.1,101.6
2013-06-27 09:01:06,100.9,120.3,77.0,347.7,2.7,6906.9,552.5,101.5,120.4,85.7,100.9,120.1,77.0,10.0,0.0,0.0,50.1,100.9
2013-06-27 09:01:07,100.3,120.3,78.5,347.7,2.7,6906.9,552.5,100.9,120.4,85.5,100.3,120.1,77.0,10.0,0.0,0.0,50.1,100.3
2013-06-27 09:01:08,99.9,120.3,81.1,347.7,2.7,6906.9,552.5,100.3,120.4,83.9,99.9,120.2,77.1,10.0,0.0,0.0,50.1,99.9
2013-06-27 09:01:09,99.4,120.4,76.9,347.7,2.7,6906.8,552.5,99.9,120.5,83.8,99.4,120.3,76.8,10.0,0.0,0.0,50.1,99.4
2013-06-27 09:10:34,103.5,120.2,78.9,362.8,2.9,6905.8,552.4,103.5,120.2,84.1,97.4,120.0,77.9,10.0,0.0,0.0,50.0,103.5
2013-06-27 09:26:38,102.9,119.6,78.1,388.4,3.1,6904.3,552.3,102.9,119.7,84.6,96.1,119.4,77.6,10.0,0.0,0.0,50.0,102.9
2013-06-27 09:35:38,101.5,120.9,76.8,402.7,3.2,6903.2,552.2,101.5,120.9,104.2,96.2,120.4,76.6,10.0,0.0,0.0,50.0,101.5
2013-06-27 09:43:06,102.3,120.5,77.4,414.5,3.3,6902.3,552.1,102.3,120.6,83.4,95.9,120.4,77.0,10.0,0.0,0.0,50.0,102.3
2013-06-27 09:51:47,100.9,120.3,78.2,428.4,3.4,6901.3,552.1,100.9,120.3,83.9,95.8,120.2,76.8,10.0,0.0,0.0,50.0,100.9
2013-06-27 10:10:00,102.7,120.3,78.4,457.4,3.6,6899.3,551.9,102.7,120.4,84.4,96.0,120.2,77.2,10.0,0.0,0.0,50.0,102.7
2013-06-27 10:18:04,103.9,120.2,83.3,470.2,3.7,6898.7,551.9,103.9,120.3,106.1,96.0,120.0,77.4,10.0,0.0,0.0,50.0,103.9
2013-06-27 10:26:03,103.1,120.4,77.8,482.9,3.8,6898.4,551.8,103.1,120.4,106.0,96.0,120.1,77.5,10.0,0.0,0.0,50.0,103.1
2013-06-27 10:34:13,102.7,120.3,82.1,495.9,3.9,6898.4,551.8,102.7,120.5,86.8,96.5,120.2,77.3,10.0,0.0,0.0,50.0,102.7
2013-06-27 10:50:49,102.1,120.2,79.0,522.4,4.1,6897.1,551.7,102.1,120.2,83.7,96.3,119.9,77.2,10.0,0.0,0.0,50.0,102.1
2013-06-27 10:50:50,101.4,120.1,79.0,522.4,4.1,6897.2,551.7,102.1,120.3,83.9,101.4,120.1,77.5,10.0,0.0,0.0,50.0,101.4
2013-06-27 10:58:00,101.1,120.4,77.4,533.8,4.2,6896.5,551.7,101.1,120.4,85.0,95.9,120.2,76.6,10.0,0.0,0.0,50.0,101.1
2013-06-27 11:01:03,101.3,120.4,79.9,538.6,4.3,6896.3,551.7,101.3,120.5,98.4,96.1,120.1,78.1,10.0,0.0,0.0,50.0,101.3
2013-06-27 11:01:04,100.6,120.4,80.6,538.6,4.3,6896.3,551.7,101.3,120.6,85.2,100.6,120.4,76.7,10.0,0.0,0.0,50.0,100.6
2013-06-27 11:01:05,100.1,120.5,80.1,538.7,4.3,6896.3,551.7,100.6,120.6,83.6,100.1,120.4,76.5,10.0,0.0,0.0,50.0,100.1
2013-06-27 11:01:06,99.5,120.6,81.2,538.7,4.3,6896.3,551.7,100.1,120.6,83.4,99.5,120.4,76.4,10.0,0.0,0.0,50.0,99.5
2013-06-27 11:13:21,102.3,120.4,80.8,558.2,4.4,6895.6,551.6,102.3,120.5,96.1,96.2,120.4,77.1,10.0,0.0,0.0,50.0,102.3
2013-06-27 11:20:03,101.1,120.5,77.1,568.9,4.5,6895.3,551.6,101.1,120.5,94.8,96.0,120.2,77.0,10.0,0.0,0.0,50.1,101.1
2013-06-27 11:20:51,102.7,120.6,78.3,570.1,4.5,6895.3,551.6,102.7,120.7,89.4,96.0,120.5,76.5,10.0,0.0,0.0,50.1,102.7
2013-06-27 11:28:12,101.9,120.0,80.5,581.9,4.6,6895.0,551.6,101.9,120.2,105.9,96.3,119.8,77.3,10.0,0.0,0.0,50.0,101.9
2013-06-27 11:28:13,101.3,120.2,78.7,581.9,4.6,6895.0,551.6,101.9,120.2,84.9,101.3,119.9,78.2,10.0,0.0,0.0,50.0,101.3
2013-06-27 11:35:58,102.7,120.1,78.4,594.3,4.7,6895.1,551.6,102.7,120.2,105.5,96.4,119.9,77.3,10.0,0.0,0.0,50.0,102.7
2013-06-27 11:43:50,103.9,120.4,77.7,606.8,4.8,6895.2,551.6,103.9,120.4,106.5,96.3,120.0,77.7,10.0,0.0,0.0,50.0,103.9
2013-06-27 11:51:53,102.3,120.6,77.9,619.7,4.9,6895.3,551.6,102.3,120.7,110.0,96.5,120.1,77.9,10.0,0.0,0.0,50.0,102.3
2013-06-27 11:59:22,103.1,120.5,77.9,631.6,5.0,6895.5,551.6,103.1,120.5,107.4,96.3,120.1,77.8,10.0,0.0,0.0,50.0,103.1
2013-06-27 12:06:53,102.5,120.5,85.5,643.7,5.1,6895.8,551.6,102.5,120.7,96.5,96.4,120.5,77.1,10.0,0.0,0.0,50.0,102.5
2013-06-27 12:14:37,102.5,120.5,77.2,656.0,5.2,6896.1,551.6,102.5,120.6,84.2,96.8,120.4,77.2,10.0,0.0,0.0,50.0,102.5
2013-06-27 12:30:34,102.1,120.8,80.4,681.5,5.4,6895.6,551.6,102.1,120.8,102.3,95.9,120.5,76.8,10.0,0.0,0.0,50.0,102.1
2013-06-27 12:34:22,101.9,120.5,78.6,687.5,5.5,6895.6,551.6,101.9,120.6,92.4,96.8,120.3,77.6,10.0,0.0,0.0,50.0,101.9
2013-06-27 12:34:23,101.4,120.4,80.2,687.5,5.5,6895.6,551.6,101.9,120.6,84.6,101.4,120.3,77.3,10.0,0.0,0.0,50.0,101.4
2013-06-27 12:34:24,100.9,120.4,80.2,687.6,5.5,6895.6,551.6,101.4,120.5,84.4,100.9,120.4,78.0,10.0,0.0,0.0,50.0,100.9
2013-06-27 12:34:25,100.6,120.5,80.1,687.6,5.5,6895.6,551.6,100.9,120.6,88.0,100.6,120.4,77.7,10.0,0.0,0.0,50.0,100.6
2013-06-27 12:34:26,100.1,120.4,82.0,687.6,5.5,6895.6,551.6,100.6,120.6,90.6,100.1,120.3,77.3,10.0,0.0,0.0,50.0,100.1
2013-06-27 12:34:27,100.0,120.4,80.1,687.7,5.5,6895.6,551.6,100.1,120.5,84.1,100.0,120.3,77.1,10.0,0.0,0.0,50.0,100.0
2013-06-27 12:34:28,99.6,120.5,80.0,687.7,5.5,6895.6,551.6,100.0,120.6,84.8,99.6,120.4,77.1,10.0,0.0,0.0,50.0,99.6
2013-06-27 12:34:29,99.1,120.4,81.7,687.7,5.5,6895.6,551.6,99.6,120.6,84.1,99.1,120.3,77.3,10.0,0.0,0.0,50.0,99.1
2013-06-27 12:38:25,102.7,120.4,79.2,694.0,5.5,6895.8,551.6,102.7,120.5,107.9,96.7,120.1,78.2,10.0,0.0,0.0,50.0,102.7
2013-06-27 12:38:26,102.1,120.4,77.4,694.0,5.5,6895.8,551.6,102.7,120.5,85.2,102.1,120.2,77.4,10.0,0.0,0.0,50.0,102.1
2013-06-27 12:46:06,102.1,120.6,80.5,706.3,5.6,6896.3,551.7,102.1,120.6,92.2,96.7,120.4,77.4,10.0,0.0,0.0,50.0,102.1
2013-06-27 12:50:02,101.7,120.6,77.3,712.6,5.7,6896.5,551.7,101.7,120.7,99.0,96.6,120.4,77.2,10.0,0.0,0.0,50.0,101.7
2013-06-27 12:54:05,101.9,120.9,78.5,719.1,5.7,6896.8,551.7,101.9,120.9,93.1,96.8,120.7,77.6,10.0,0.0,0.0,50.0,101.9
2013-06-27 12:54:06,101.4,120.8,77.2,719.1,5.7,6896.8,551.7,101.9,120.9,86.8,101.4,120.6,77.2,10.0,0.0,0.0,50.0,101.4
2013-06-27 12:54:07,100.8,120.9,77.3,719.2,5.7,6896.8,551.7,101.4,120.9,85.1,100.8,120.7,77.0,10.0,0.0,0.0,50.0,100.8
2013-06-27 12:54:08,100.3,120.8,77.1,719.2,5.7,6896.8,551.7,100.8,120.9,84.6,100.3,120.6,77.1,10.0,0.0,0.0,50.0,100.3
2013-06-27 12:54:09,99.8,120.8,77.0,719.2,5.7,6896.8,551.7,100.3,120.9,84.4,99.8,120.7,76.7,10.0,0.0,0.0,50.0,99.8
2013-06-27 12:54:10,99.4,120.7,78.3,719.2,5.7,6896.8,551.7,99.8,120.8,86.6,99.4,120.6,76.8,10.0,0.0,0.0,50.0,99.4
2013-06-27 12:54:11,99.1,120.8,77.4,719.3,5.7,6896.8,551.7,99.4,120.8,84.0,99.1,120.6,77.4,10.0,0.0,0.0,50.0,99.1
2013-06-27 13:02:35,102.9,120.7,79.9,732.8,5.8,6897.4,551.7,102.9,120.8,91.4,96.6,120.6,77.4,10.0,0.0,0.0,50.0,102.9
2013-06-27 13:11:24,103.9,120.9,78.3,746.9,5.9,6897.9,551.8,103.9,120.9,108.2,96.6,120.5,78.3,10.0,0.0,0.0,50.0,103.9
2013-06-27 13:19:54,102.9,120.9,78.5,760.5,6.0,6898.5,551.8,102.9,121.0,85.0,96.8,120.8,77.1,10.0,0.0,0.0,50.0,102.9
2013-06-27 13:27:33,102.1,120.9,77.5,772.8,6.1,6899.2,551.9,102.1,120.9,105.0,97.0,120.5,77.4,10.0,0.0,0.0,50.0,102.1
2013-06-27 13:27:34,101.4,120.8,78.9,772.8,6.1,6899.2,551.9,102.1,120.9,84.0,101.4,120.7,77.2,10.0,0.0,0.0,50.0,101.4
2013-06-27 13:27:35,101.0,120.9,77.3,772.9,6.1,6899.2,551.9,101.4,120.9,85.6,101.0,120.8,77.3,10.0,0.0,0.0,50.0,101.0
2013-06-27 13:35:05,103.9,120.9,77.4,784.9,6.2,6899.9,551.9,103.9,120.9,107.9,97.0,120.4,77.4,10.0,0.0,0.0,50.0,103.9
2013-06-27 13:43:18,102.5,120.6,79.4,798.1,6.3,6900.8,552.0,102.5,120.6,106.0,97.0,120.3,79.3,10.0,0.0,0.0,50.0,102.5
2013-06-27 13:43:19,101.9,120.6,78.1,798.2,6.3,6900.8,552.0,102.5,120.7,88.2,101.9,120.5,78.1,10.0,0.0,0.0,50.0,101.9
2013-06-27 13:43:20,101.4,120.6,78.4,798.2,6.3,6900.8,552.0,101.9,120.7,84.8,101.4,120.5,78.0,10.0,0.0,0.0,50.0,101.4
2013-06-27 13:43:21,100.9,120.5,78.8,798.2,6.3,6900.8,552.0,101.4,120.6,84.3,100.9,120.5,77.6,10.0,0.0,0.0,50.0,100.9
2013-06-27 13:43:22,100.3,120.6,79.0,798.3,6.3,6900.8,552.0,100.9,120.7,85.7,100.3,120.5,77.5,10.0,0.0,0.0,50.0,100.3
2013-06-27 13:43:23,99.9,120.6,79.0,798.3,6.3,6900.8,552.0,100.3,120.6,84.2,99.9,120.5,77.6,10.0,0.0,0.0,50.0,99.9
2013-06-27 13:43:24,99.5,120.6,79.1,798.3,6.3,6900.8,552.0,99.9,120.7,84.2,99.5,120.5,77.6,10.0,0.0,0.0,50.0,99.5
2013-06-27 13:43:25,99.2,120.6,80.5,798.3,6.3,6900.8,552.0,99.5,120.7,86.6,99.2,120.4,78.7,10.0,0.0,0.0,50.0,99.2
2013-06-27 13:43:26,99.1,120.7,79.3,798.4,6.3,6900.8,552.0,99.2,120.7,83.9,99.1,120.6,77.4,10.0,0.0,0.0,50.0,99.1
2013-06-27 13:44:12,103.9,120.5,79.3,799.6,6.3,6901.0,552.0,103.9,120.6,98.4,97.4,120.2,77.8,10.0,0.0,0.0,50.0,103.9
2013-06-27 13:50:44,103.5,120.7,77.1,810.1,6.4,6901.3,552.1,103.5,120.7,107.2,96.8,120.4,77.0,10.0,0.0,0.0,50.0,103.5
2013-06-27 13:58:43,102.5,120.5,78.4,822.9,6.5,6901.5,552.1,102.5,120.6,105.4,96.5,120.2,77.2,10.0,0.0,0.0,50.0,102.5
2013-06-27 14:06:30,103.1,120.5,78.9,835.3,6.6,6901.3,552.1,103.1,120.5,89.8,96.4,120.2,78.3,10.0,0.0,0.0,50.0,103.1
2013-06-27 14:14:16,102.3,119.7,77.6,847.7,6.7,6901.2,552.1,102.3,119.7,106.1,96.3,119.3,77.6,10.0,0.0,0.0,50.0,102.3
2013-06-27 14:21:53,102.1,119.8,80.4,859.8,6.8,6901.1,552.0,102.1,119.8,92.9,96.4,119.6,77.6,10.0,0.0,0.0,50.0,102.1
2013-06-27 14:29:36,103.9,120.0,78.9,872.2,6.9,6901.1,552.0,103.9,120.2,108.8,96.6,119.8,77.5,10.0,0.0,0.0,50.0,103.9
2013-06-27 14:37:15,102.3,120.4,77.5,884.4,7.0,6901.2,552.0,102.3,120.4,105.9,96.7,119.8,77.1,10.0,0.0,0.0,50.0,102.3
2013-06-27 14:45:13,101.9,120.2,80.4,897.1,7.1,6901.2,552.0,101.9,120.3,85.6,96.5,120.1,77.2,10.0,0.0,0.0,50.0,101.9
2013-06-27 14:52:24,102.1,120.4,77.3,908.6,7.2,6901.2,552.1,102.1,120.4,84.1,96.4,120.3,77.1,10.0,0.0,0.0,50.1,102.1
2013-06-27 15:00:03,101.9,120.5,78.3,920.8,7.3,6901.2,552.1,101.9,120.6,84.5,96.2,120.5,77.7,10.0,0.0,0.0,50.0,101.9
2013-06-27 15:08:32,103.5,120.9,77.1,934.4,7.4,6901.4,552.1,103.5,120.9,106.3,96.5,120.5,77.1,10.0,0.0,0.0,50.0,103.5
2013-06-27 15:10:03,102.1,120.9,78.5,936.8,7.4,6901.4,552.1,102.1,121.0,85.8,96.6,120.8,77.9,10.0,0.0,0.0,50.0,102.1
2013-06-27 15:10:04,101.5,120.8,78.0,936.8,7.4,6901.4,552.1,102.1,120.9,84.7,101.5,120.7,77.9,10.0,0.0,0.0,50.0,101.5
2013-06-27 15:16:20,102.7,120.7,80.9,946.9,7.5,6901.5,552.1,102.7,120.8,84.8,96.5,120.6,76.8,10.0,0.0,0.0,50.0,102.7
2013-06-27 15:24:15,102.5,120.7,77.6,959.6,7.6,6901.8,552.1,102.5,120.8,107.7,96.8,120.4,77.2,10.0,0.0,0.0,50.0,102.5
2013-06-27 15:32:34,101.9,120.8,77.2,972.9,7.7,6902.1,552.1,101.9,120.9,106.2,96.8,120.5,77.1,10.0,0.0,0.0,50.0,101.9
2013-06-27 15:40:01,105.0,120.7,77.3,984.8,7.8,6902.3,552.1,105.0,120.8,85.2,96.3,120.4,77.3,9.9,0.0,0.0,50.0,105.1
2013-06-27 15:40:03,101.3,120.6,78.1,984.9,7.8,6902.3,552.1,101.3,120.8,85.2,95.7,120.6,77.3,10.0,0.0,0.0,50.0,101.3
2013-06-27 15:40:04,100.6,120.6,78.2,984.9,7.8,6902.3,552.1,101.3,120.7,84.6,100.6,120.5,76.8,10.0,0.0,0.0,50.0,100.6
2013-06-27 15:40:05,100.0,120.8,79.5,984.9,7.8,6902.3,552.1,100.6,120.8,85.6,100.0,120.6,76.8,10.0,0.0,0.0,50.0,100.0
2013-06-27 15:40:06,99.6,120.7,81.6,984.9,7.8,6902.3,552.1,100.0,120.8,85.0,99.6,120.6,76.9,10.0,0.0,0.0,50.0,99.6
2013-06-27 15:40:07,99.3,120.7,80.6,985.0,7.8,6902.3,552.1,99.6,120.8,83.4,99.3,120.6,77.1,10.0,0.0,0.0,50.0,99.3
2013-06-27 15:48:13,103.1,121.0,81.5,997.9,7.9,6902.1,552.1,103.1,121.1,106.5,96.0,120.7,77.8,10.0,0.0,0.0,50.0,103.1
2013-06-27 15:56:32,102.5,119.9,81.8,1011.1,8.0,6901.9,552.1,102.5,119.9,91.8,96.2,119.7,77.6,10.0,0.0,0.0,50.0,102.5
2013-06-27 16:01:03,102.3,120.1,77.7,1018.4,8.1,6902.0,552.1,102.3,120.1,87.8,96.8,120.0,77.7,10.0,0.0,0.0,50.0,102.3
2013-06-27 16:04:20,103.7,120.2,78.1,1023.6,8.1,6902.1,552.1,103.7,120.2,106.6,96.7,119.7,77.6,10.0,0.0,0.0,50.0,103.7
2013-06-27 16:12:24,102.9,119.9,79.2,1036.6,8.2,6902.5,552.2,102.9,120.0,106.8,96.7,119.5,78.0,10.0,0.0,0.0,50.0,102.9
2013-06-27 16:12:25,102.3,120.0,77.8,1036.6,8.2,6902.5,552.2,102.9,120.0,84.5,102.3,119.8,77.8,10.0,0.0,0.0,50.0,102.3
2013-06-27 16:20:03,102.1,120.2,77.9,1048.9,8.3,6902.9,552.2,102.1,120.3,85.6,96.8,120.1,77.9,10.0,0.0,0.0,50.0,102.1
2013-06-27 16:20:04,101.4,120.3,78.0,1048.9,8.3,6902.9,552.2,102.1,120.3,84.0,101.4,120.0,77.6,10.0,0.0,0.0,50.0,101.4
2013-06-27 16:20:05,100.8,120.2,80.2,1048.9,8.3,6902.9,552.2,101.4,120.3,84.0,100.8,120.2,77.5,10.0,0.0,0.0,50.0,100.8
2013-06-27 16:20:06,100.3,120.4,78.3,1048.9,8.3,6902.9,552.2,100.8,120.4,83.7,100.3,120.1,77.3,10.0,0.0,0.0,50.0,100.3
2013-06-27 16:20:07,99.9,120.3,78.4,1049.0,8.3,6902.9,552.2,100.3,120.4,83.5,99.9,120.2,77.5,10.0,0.0,0.0,50.0,99.9
2013-06-27 16:20:08,99.4,120.3,83.4,1049.0,8.3,6902.9,552.2,99.9,120.4,86.1,99.4,120.2,77.7,10.0,0.0,0.0,50.0,99.4
2013-06-27 16:20:09,99.3,120.4,80.8,1049.0,8.3,6902.9,552.2,99.4,120.4,84.1,99.3,120.3,77.4,10.0,0.0,0.0,50.0,99.3
2013-06-27 16:20:38,104.3,120.3,80.7,1049.8,8.3,6902.9,552.2,104.3,120.4,85.5,96.7,120.2,77.9,10.0,0.0,0.0,50.0,104.3
2013-06-27 16:28:48,104.6,120.4,79.8,1062.9,8.5,6903.3,552.2,104.6,120.5,86.2,96.7,120.2,77.7,10.0,0.0,0.0,50.0,104.6
2013-06-27 16:35:55,104.3,120.1,86.6,1074.3,8.5,6903.7,552.2,104.3,120.3,86.6,96.6,120.1,78.0,10.0,0.0,0.0,50.0,104.3
2013-06-27 16:43:19,103.9,120.1,82.1,1086.2,8.6,6904.0,552.3,103.9,120.2,107.3,96.9,119.9,78.5,10.0,0.0,0.0,50.0,103.9
2013-06-27 16:50:03,102.3,120.3,79.3,1097.0,8.7,6904.4,552.3,102.3,120.3,97.6,96.9,120.0,78.8,10.0,0.0,0.0,50.0,102.3
2013-06-27 16:50:04,101.6,120.2,78.3,1097.0,8.7,6904.4,552.3,102.3,120.3,86.7,101.6,120.0,77.5,10.0,0.0,0.0,50.0,101.6
2013-06-27 16:50:05,101.0,120.2,80.6,1097.1,8.7,6904.4,552.3,101.6,120.3,86.2,101.0,120.1,77.4,10.0,0.0,0.0,50.0,101.0
2013-06-27 16:50:06,100.5,120.2,78.6,1097.1,8.7,6904.4,552.3,101.0,120.3,85.1,100.5,120.1,77.6,10.0,0.0,0.0,50.0,100.5
2013-06-27 16:50:07,100.0,120.2,80.7,1097.1,8.7,6904.4,552.3,100.5,120.2,86.1,100.0,120.1,77.7,10.0,0.0,0.0,50.0,100.0
2013-06-27 16:50:08,99.8,120.2,80.7,1097.2,8.7,6904.4,552.3,100.0,120.2,87.1,99.8,120.0,78.9,10.0,0.0,0.0,50.0,99.8
2013-06-27 16:50:09,99.6,120.1,80.9,1097.2,8.7,6904.4,552.3,99.8,120.3,85.3,99.6,120.0,77.5,10.0,0.0,0.0,50.0,99.6
2013-06-27 16:50:10,99.2,120.1,81.1,1097.2,8.7,6904.4,552.3,99.6,120.2,84.9,99.2,120.0,77.5,10.0,0.0,0.0,50.0,99.2
2013-06-27 16:51:20,103.7,120.3,78.9,1099.1,8.7,6904.5,552.3,103.7,120.3,84.8,97.1,120.1,78.2,10.0,0.0,0.0,50.0,103.7
2013-06-27 16:59:16,103.3,120.1,83.9,1111.8,8.8,6905.0,552.4,103.3,120.1,106.2,97.0,119.7,78.5,10.0,0.0,0.0,50.0,103.3
2013-06-27 17:01:03,102.1,120.3,78.0,1114.7,8.9,6905.1,552.4,102.1,120.6,97.5,96.8,120.2,77.9,10.0,0.0,0.0,50.0,102.1
2013-06-27 17:07:00,104.1,120.7,77.9,1124.2,8.9,6905.2,552.4,104.1,120.7,83.7,96.8,120.5,77.3,10.0,0.0,0.0,50.0,104.1
2013-06-27 17:14:58,104.8,119.9,80.3,1137.0,9.0,6905.5,552.4,104.8,120.0,91.6,96.7,119.8,79.1,10.0,0.0,0.0,50.0,104.8
2013-06-27 17:22:15,103.1,120.1,78.0,1148.7,9.1,6905.5,552.4,103.1,120.1,106.3,96.1,119.6,77.3,10.0,0.0,0.0,50.0,103.1
2013-06-27 17:23:58,105.2,120.0,86.3,1151.4,9.2,6905.5,552.4,105.2,120.1,89.5,96.5,119.9,81.0,10.0,0.0,0.0,50.0,105.2
2013-06-27 17:23:59,104.6,119.9,90.1,1151.4,9.2,6905.5,552.4,105.2,120.1,90.1,104.6,119.9,80.9,10.0,0.0,0.0,50.0,104.6
2013-06-27 17:24:00,104.0,120.0,83.0,1151.5,9.2,6905.5,552.4,104.6,120.1,90.1,104.0,119.9,80.9,10.0,0.0,0.0,50.0,104.0
2013-06-27 17:24:01,103.6,120.0,81.1,1151.5,9.2,6905.5,552.4,104.0,120.1,87.6,103.6,119.9,80.8,10.0,0.0,0.0,50.0,103.6
2013-06-27 17:24:02,103.3,119.9,85.3,1151.5,9.2,6905.5,552.4,103.6,120.1,86.9,103.3,119.9,81.1,10.0,0.0,0.0,50.0,103.3
2013-06-27 17:24:03,103.0,120.0,81.5,1151.6,9.2,6905.5,552.4,103.3,120.1,90.0,103.0,119.9,81.3,10.0,0.0,0.0,50.0,103.0
2013-06-27 17:24:04,102.8,120.0,82.0,1151.6,9.2,6905.5,552.4,103.0,120.0,88.2,102.8,119.8,81.4,10.0,0.0,0.0,50.0,102.8
2013-06-27 17:24:05,102.9,119.9,83.2,1151.6,9.2,6905.6,552.4,102.9,120.0,95.9,102.8,119.7,81.8,10.0,0.0,0.0,50.0,102.9
2013-06-27 17:24:06,102.8,120.0,81.3,1151.6,9.2,6905.5,552.4,102.9,120.1,88.7,102.8,119.9,80.7,10.0,0.0,0.0,50.0,102.8
2013-06-27 17:24:07,102.4,120.0,80.9,1151.6,9.2,6905.6,552.4,102.8,120.1,87.6,102.4,119.9,80.9,10.0,0.0,0.0,50.0,102.4
2013-06-27 17:24:08,102.2,119.9,81.6,1151.7,9.2,6905.6,552.4,102.4,120.0,87.9,102.2,119.8,80.4,10.0,0.0,0.0,50.0,102.2
2013-06-27 17:24:09,102.4,120.0,86.7,1151.7,9.2,6905.6,552.4,102.4,120.0,94.5,102.2,119.7,81.6,10.0,0.0,0.0,50.0,102.4
2013-06-27 17:24:10,108.3,119.9,85.7,1151.7,9.2,6905.6,552.4,108.3,120.0,96.4,102.4,119.8,85.2,10.0,0.0,0.0,50.0,108.3
2013-06-27 17:24:11,108.3,119.9,88.5,1151.8,9.2,6905.6,552.4,108.3,120.1,97.4,108.3,119.8,85.7,10.0,0.0,0.0,50.0,108.3
2013-06-27 17:24:12,108.3,120.0,81.7,1151.8,9.2,6905.6,552.4,108.3,120.1,90.9,108.3,119.8,81.7,10.0,0.0,0.0,50.0,108.3
2013-06-27 17:24:13,107.7,120.0,81.5,1151.8,9.2,6905.6,552.4,108.3,120.1,90.7,107.7,119.9,80.8,10.0,0.0,0.0,50.0,107.7
2013-06-27 17:24:14,107.1,120.1,82.9,1151.9,9.2,6905.7,552.4,107.7,120.1,91.6,107.1,119.9,80.7,10.0,0.0,0.0,50.0,107.1
2013-06-27 17:24:15,106.8,120.1,84.9,1151.9,9.2,6905.7,552.4,107.1,120.2,94.3,106.8,119.9,82.9,10.0,0.0,0.0,50.0,106.8
2013-06-27 17:24:16,106.7,120.0,88.9,1151.9,9.2,6905.7,552.4,106.8,120.2,92.4,106.7,119.9,84.6,10.0,0.0,0.0,50.0,106.7
2013-06-27 17:24:17,106.7,120.1,82.8,1151.9,9.2,6905.7,552.4,106.7,120.2,91.3,106.7,120.0,82.8,10.0,0.0,0.0,50.0,106.7
2013-06-27 17:24:18,106.6,120.1,86.0,1152.0,9.2,6905.7,552.4,106.7,120.2,95.5,106.6,119.9,82.8,10.0,0.0,0.0,50.0,106.6
2013-06-27 17:24:19,106.7,120.1,86.1,1152.0,9.2,6905.8,552.4,106.7,120.2,93.5,106.6,119.9,83.8,10.0,0.0,0.0,50.0,106.7
2013-06-27 17:24:20,106.7,120.2,84.6,1152.0,9.2,6905.8,552.4,106.7,120.3,93.4,106.7,120.0,83.6,10.0,0.0,0.0,50.0,106.7
2013-06-27 17:24:21,106.6,120.2,85.6,1152.1,9.2,6905.8,552.4,106.7,120.2,93.2,106.6,120.0,83.7,10.0,0.0,0.0,50.0,106.6
2013-06-27 17:24:22,106.6,120.1,82.4,1152.1,9.2,6905.8,552.4,106.6,120.2,94.8,106.6,120.0,82.3,10.0,0.0,0.0,50.0,106.6
2013-06-27 17:24:23,106.3,120.1,85.7,1152.1,9.2,6905.8,552.4,106.6,120.2,90.1,106.3,119.9,82.0,10.0,0.0,0.0,50.0,106.3
2013-06-27 17:24:24,106.1,120.1,86.7,1152.2,9.2,6905.8,552.4,106.3,120.3,93.3,106.1,120.0,83.6,10.0,0.0,0.0,50.0,106.1
2013-06-27 17:24:25,106.1,120.0,87.5,1152.2,9.2,6905.8,552.4,106.1,120.2,97.8,106.1,119.8,82.6,10.0,0.0,0.0,50.0,106.1
2013-06-27 17:24:26,106.2,119.9,91.9,1152.2,9.2,6905.9,552.4,106.2,120.1,92.5,106.1,119.7,84.2,10.0,0.0,0.0,50.0,106.2
2013-06-27 17:24:27,106.2,120.1,89.7,1152.2,9.2,6905.9,552.4,106.2,120.1,93.7,106.2,119.9,84.0,10.0,0.0,0.0,50.0,106.2
2013-06-27 17:24:28,106.2,120.0,89.9,1152.3,9.2,6905.9,552.4,106.2,120.2,93.0,106.2,120.0,84.3,10.0,0.0,0.0,50.0,106.2
2013-06-27 17:24:29,106.2,119.9,95.9,1152.3,9.2,6905.9,552.4,106.2,120.1,95.9,106.2,119.8,84.4,10.0,0.0,0.0,50.0,106.2
2013-06-27 17:24:30,106.2,120.1,86.2,1152.3,9.2,6905.9,552.4,106.2,120.2,95.9,106.2,119.9,84.3,10.0,0.0,0.0,50.0,106.2
2013-06-27 17:24:34,105.2,120.2,83.5,1152.4,9.2,6906.0,552.4,105.7,120.2,88.9,105.2,120.0,80.8,10.0,0.0,0.0,50.0,105.2
2013-06-27 17:24:36,104.3,120.1,81.3,1152.5,9.2,6906.0,552.4,104.8,120.3,91.3,104.3,120.1,80.2,10.0,0.0,0.0,50.0,104.3
2013-06-27 17:24:37,103.9,120.1,86.5,1152.5,9.2,6906.0,552.4,104.3,120.2,86.8,103.9,120.1,80.6,10.0,0.0,0.0,50.0,103.9
2013-06-27 17:24:38,103.5,120.1,81.5,1152.5,9.2,6906.0,552.4,103.9,120.2,88.6,103.5,120.1,80.4,10.0,0.0,0.0,50.0,103.5
2013-06-27 17:24:39,103.3,120.2,83.0,1152.6,9.2,6906.0,552.4,103.5,120.2,92.4,103.3,120.0,81.1,10.0,0.0,0.0,50.0,103.3
2013-06-27 17:24:40,103.2,120.1,83.1,1152.6,9.2,6906.0,552.4,103.3,120.3,89.8,103.2,120.0,81.1,10.0,0.0,0.0,50.0,103.2
2013-06-27 17:24:41,103.1,120.2,82.4,1152.6,9.2,6906.0,552.4,103.2,120.2,90.2,103.1,120.0,81.5,10.0,0.0,0.0,50.0,103.1
2013-06-27 17:24:42,103.1,120.1,84.0,1152.7,9.2,6906.0,552.4,103.1,120.3,91.2,103.1,120.1,81.3,10.0,0.0,0.0,50.0,103.1
2013-06-27 17:24:43,103.1,120.1,82.0,1152.7,9.2,6906.1,552.4,103.1,120.2,89.4,103.1,120.0,81.0,10.0,0.0,0.0,50.0,103.1
2013-06-27 17:24:44,103.0,120.2,81.9,1152.7,9.2,6906.1,552.4,103.1,120.2,91.5,103.0,120.0,81.7,10.0,0.0,0.0,50.0,103.0
2013-06-27 17:24:45,103.0,120.2,81.8,1152.8,9.2,6906.1,552.4,103.0,120.3,91.6,103.0,120.0,80.9,10.0,0.0,0.0,50.0,103.0
2013-06-27 17:24:46,102.9,120.2,82.7,1152.8,9.2,6906.1,552.4,103.0,120.2,93.1,102.9,120.0,81.0,10.0,0.0,0.0,50.0,102.9
2013-06-27 17:24:47,103.0,120.1,85.8,1152.8,9.2,6906.1,552.4,103.0,120.2,90.7,102.9,120.0,81.9,10.0,0.0,0.0,50.0,103.0
2013-06-27 17:24:48,103.0,120.1,85.5,1152.8,9.2,6906.1,552.4,103.0,120.2,91.7,103.0,119.9,81.0,10.0,0.0,0.0,50.0,103.0
2013-06-27 17:24:49,103.0,120.1,82.6,1152.9,9.2,6906.1,552.4,103.0,120.2,89.8,103.0,120.0,81.7,10.0,0.0,0.0,50.0,103.0
2013-06-27 17:24:50,103.0,120.1,85.6,1152.9,9.2,6906.1,552.4,103.0,120.2,92.2,103.0,120.0,82.3,10.0,0.0,0.0,50.0,103.0
2013-06-27 17:24:51,103.0,120.2,83.2,1152.9,9.2,6906.1,552.4,103.0,120.2,91.3,103.0,120.0,81.4,10.0,0.0,0.0,50.0,103.0
2013-06-27 17:24:52,103.1,120.2,85.2,1153.0,9.2,6906.1,552.4,103.1,120.2,91.9,103.0,120.1,81.2,10.0,0.0,0.0,50.0,103.1
2013-06-27 17:24:53,103.1,120.3,84.2,1153.0,9.2,6906.2,552.4,103.1,120.3,90.6,103.1,120.0,82.5,10.0,0.0,0.0,50.0,103.1
2013-06-27 17:24:54,103.1,120.2,89.0,1153.0,9.2,6906.2,552.4,103.1,120.4,90.6,103.1,120.2,81.3,10.0,0.0,0.0,50.0,103.1
2013-06-27 17:24:55,103.2,120.3,85.3,1153.0,9.2,6906.2,552.4,103.2,120.4,90.7,103.1,120.2,81.5,10.0,0.0,0.0,50.0,103.2
2013-06-27 17:24:56,103.3,120.0,96.1,1153.1,9.2,6906.2,552.5,103.3,120.4,96.3,103.2,120.0,82.7,10.0,0.0,0.0,50.0,103.3
2013-06-27 17:24:57,110.9,120.4,86.2,1153.1,9.2,6906.2,552.5,110.9,120.4,99.4,103.3,120.0,80.9,10.0,0.0,0.0,50.0,110.9
2013-06-27 17:24:58,102.5,120.4,91.2,1153.1,9.2,6906.2,552.5,110.9,120.5,92.2,102.5,120.3,81.2,10.0,0.0,0.0,50.0,102.5
2013-06-27 17:24:59,103.0,120.2,88.6,1153.2,9.2,6906.2,552.5,103.0,120.4,94.1,102.5,120.2,84.5,9.8,0.0,0.0,50.0,104.4
2013-06-27 17:25:00,103.3,120.3,89.7,1153.2,9.2,6906.3,552.5,103.3,120.4,92.0,103.0,120.2,85.3,9.8,0.0,0.0,50.0,104.9
2013-06-27 17:25:01,103.9,120.2,84.9,1153.2,9.2,6906.3,552.5,103.9,120.4,93.9,103.3,120.2,80.4,9.7,0.0,0.0,50.0,106.3
2013-06-27 17:25:02,103.7,120.3,80.3,1153.2,9.2,6906.3,552.5,103.9,120.4,96.6,103.7,120.1,80.1,10.0,0.0,0.0,50.0,103.7
2013-06-27 17:25:03,103.2,120.2,84.9,1153.3,9.2,6906.3,552.5,103.7,120.4,86.7,103.2,120.1,80.3,10.0,0.0,0.0,50.0,103.2
2013-06-27 17:25:04,103.1,120.2,84.7,1153.3,9.2,6906.3,552.5,103.2,120.3,90.2,103.1,120.0,82.1,10.0,0.0,0.0,50.0,103.1
2013-06-27 17:25:05,103.2,120.2,85.5,1153.3,9.2,6906.3,552.5,103.2,120.3,91.1,103.1,120.0,81.5,10.0,0.0,0.0,50.0,103.2
2013-06-27 17:25:06,103.1,120.2,85.0,1153.4,9.2,6906.3,552.5,103.2,120.3,89.2,103.1,120.1,81.9,10.0,0.0,0.0,50.0,103.1
2013-06-27 17:25:07,103.2,120.0,83.2,1153.4,9.2,6906.3,552.5,103.2,120.2,89.2,103.1,120.0,81.5,10.0,0.0,0.0,50.0,103.2
2013-06-27 17:25:08,103.4,120.0,85.0,1153.4,9.2,6906.4,552.5,103.4,120.2,99.8,103.2,119.9,81.7,10.0,0.0,0.0,50.0,103.4
2013-06-27 17:25:09,103.5,120.1,87.7,1153.4,9.2,6906.4,552.5,103.5,120.2,91.5,103.4,120.0,81.1,9.9,0.0,0.0,50.0,103.9
2013-06-27 17:25:10,103.5,120.1,83.2,1153.5,9.2,6906.4,552.5,103.5,120.1,92.5,103.5,119.9,81.2,10.0,0.0,0.0,50.0,103.5
2013-06-27 17:25:11,103.3,120.1,81.7,1153.5,9.2,6906.4,552.5,103.5,120.1,90.2,103.3,119.9,81.0,10.0,0.0,0.0,50.0,103.3
2013-06-27 17:25:12,103.1,120.0,82.4,1153.5,9.2,6906.4,552.5,103.3,120.1,89.4,103.1,119.9,80.9,10.0,0.0,0.0,50.0,103.1
2013-06-27 17:25:13,103.0,120.0,81.8,1153.6,9.2,6906.4,552.5,103.1,120.0,87.7,103.0,119.8,81.3,10.0,0.0,0.0,50.0,103.0
2013-06-27 17:25:14,102.7,120.1,82.7,1153.6,9.2,6906.4,552.5,103.0,120.1,88.8,102.7,119.9,81.3,10.0,0.0,0.0,50.0,102.7
2013-06-27 17:25:15,102.6,120.1,82.0,1153.6,9.2,6906.4,552.5,102.7,120.1,92.2,102.6,119.8,81.2,10.0,0.0,0.0,50.0,102.6
2013-06-27 17:25:16,102.7,120.0,84.9,1153.6,9.2,6906.4,552.5,102.7,120.1,89.1,102.6,119.9,81.9,10.0,0.0,0.0,50.0,102.7
2013-06-27 17:25:17,102.8,119.9,84.6,1153.7,9.2,6906.4,552.5,102.8,120.1,93.0,102.7,119.9,82.1,10.0,0.0,0.0,50.0,102.8
2013-06-27 17:25:18,103.0,120.0,83.8,1153.7,9.2,6906.5,552.5,103.0,120.1,90.8,102.8,119.8,82.4,9.9,0.0,0.0,50.0,103.2
2013-06-27 17:25:19,103.0,119.9,85.8,1153.7,9.2,6906.5,552.5,103.0,120.1,92.5,103.0,119.8,83.2,10.0,0.0,0.0,50.0,103.0
2013-06-27 17:25:20,103.1,120.0,84.9,1153.8,9.2,6906.5,552.5,103.1,120.1,90.3,103.0,119.8,82.5,10.0,0.0,0.0,50.0,103.1
2013-06-27 17:25:21,103.2,120.0,85.0,1153.8,9.2,6906.5,552.5,103.2,120.0,89.7,103.1,119.8,83.0,10.0,0.0,0.0,50.0,103.2
2013-06-27 17:25:22,103.5,119.9,84.7,1153.8,9.2,6906.5,552.5,103.5,120.0,90.0,103.2,119.7,80.9,9.9,0.0,0.0,50.0,103.9
2013-06-27 17:25:23,103.3,119.8,87.5,1153.8,9.2,6906.5,552.5,103.5,120.0,91.0,103.3,119.7,81.9,10.0,0.0,0.0,50.0,103.3
2013-06-27 17:25:24,103.3,119.7,87.4,1153.9,9.2,6906.5,552.5,103.3,119.9,91.6,103.3,119.6,82.2,10.0,0.0,0.0,50.0,103.3
2013-06-27 17:25:25,103.3,119.8,85.4,1153.9,9.2,6906.5,552.5,103.3,119.8,91.4,103.3,119.6,82.7,10.0,0.0,0.0,50.0,103.3
2013-06-27 17:25:26,103.3,119.8,87.7,1153.9,9.2,6906.6,552.5,103.3,119.8,93.3,103.3,119.7,82.7,10.0,0.0,0.0,50.0,103.3
2013-06-27 17:25:27,103.3,119.8,89.4,1153.9,9.2,6906.6,552.5,103.3,119.9,92.4,103.3,119.7,82.5,10.0,0.0,0.0,50.0,103.3
2013-06-27 17:25:28,103.3,119.7,92.2,1154.0,9.2,6906.6,552.5,103.3,119.9,92.2,103.3,119.6,82.2,10.0,0.0,0.0,50.0,103.3
2013-06-27 17:25:29,103.3,119.7,88.0,1154.0,9.2,6906.6,552.5,103.3,119.8,92.2,103.3,119.7,82.7,10.0,0.0,0.0,50.0,103.3
2013-06-27 17:25:30,103.3,119.8,84.7,1154.0,9.2,6906.6,552.5,103.3,119.8,89.5,103.3,119.6,81.9,10.0,0.0,0.0,50.0,103.3
2013-06-27 17:25:31,103.3,119.7,87.3,1154.1,9.2,6906.6,552.5,103.3,119.8,93.5,103.3,119.6,83.4,10.0,0.0,0.0,50.0,103.3
2013-06-27 17:25:32,103.6,119.7,87.5,1154.1,9.2,6906.6,552.5,103.6,119.8,93.3,103.3,119.5,84.7,9.9,0.0,0.0,50.0,104.4
2013-06-27 17:25:33,104.0,119.8,86.9,1154.1,9.2,6906.6,552.5,104.0,119.9,92.1,103.6,119.7,83.1,9.8,0.0,0.0,50.0,105.3
2013-06-27 17:25:34,104.4,119.8,87.2,1154.2,9.2,6906.7,552.5,104.4,119.8,94.8,104.0,119.7,86.1,9.9,0.0,0.0,50.0,105.3
2013-06-27 17:25:35,104.7,119.8,86.9,1154.2,9.2,6906.7,552.5,104.7,119.8,92.9,104.4,119.6,86.5,9.9,0.0,0.0,50.0,105.6
2013-06-27 17:25:36,105.0,119.8,86.9,1154.2,9.2,6906.7,552.5,105.0,119.9,92.4,104.7,119.6,84.4,9.9,0.0,0.0,50.0,105.3
2013-06-27 17:25:37,105.1,119.8,86.0,1154.2,9.2,6906.7,552.5,105.1,119.9,94.5,105.0,119.6,84.3,10.0,0.0,0.0,50.0,105.1
2013-06-27 17:25:38,105.1,119.8,86.8,1154.3,9.2,6906.7,552.5,105.1,119.9,91.7,105.1,119.7,83.9,10.0,0.0,0.0,50.0,105.1
2013-06-27 17:25:39,105.2,119.9,85.4,1154.3,9.2,6906.7,552.5,105.2,119.9,91.7,105.1,119.7,84.1,10.0,0.0,0.0,50.0,105.2
2013-06-27 17:25:40,105.2,119.9,85.0,1154.3,9.2,6906.8,552.5,105.2,119.9,93.8,105.2,119.7,83.8,10.0,0.0,0.0,50.0,105.2
2013-06-27 17:25:41,105.0,119.8,87.0,1154.4,9.2,6906.8,552.5,105.2,119.9,90.9,105.0,119.7,83.6,10.0,0.0,0.0,50.0,105.0
2013-06-27 17:25:42,105.0,119.8,84.9,1154.4,9.2,6906.8,552.5,105.0,119.9,91.9,105.0,119.7,84.4,10.0,0.0,0.0,50.0,105.0
2013-06-27 17:25:43,105.1,120.0,85.2,1154.4,9.2,6906.8,552.5,105.1,120.0,93.3,105.0,119.8,83.3,10.0,0.0,0.0,50.0,105.1
2013-06-27 17:25:44,105.1,120.0,90.0,1154.5,9.2,6906.8,552.5,105.1,120.0,90.8,105.1,119.8,84.7,10.0,0.0,0.0,50.0,105.1
2013-06-27 17:25:45,105.2,120.0,85.0,1154.5,9.2,6906.8,552.5,105.2,120.1,92.0,105.1,119.9,83.6,10.0,0.0,0.0,50.0,105.2
2013-06-27 17:25:46,105.1,120.1,81.2,1154.5,9.2,6906.8,552.5,105.2,120.2,100.8,105.1,119.9,81.2,10.0,0.0,0.0,50.0,105.1
2013-06-27 17:25:47,105.0,119.9,86.1,1154.5,9.2,6906.9,552.5,105.1,120.2,90.6,105.0,119.9,80.8,10.0,0.0,0.0,50.0,105.0
2013-06-27 17:25:48,104.7,119.9,83.4,1154.6,9.2,6906.9,552.5,105.0,120.1,90.6,104.7,119.8,81.3,10.0,0.0,0.0,50.0,104.7
2013-06-27 17:25:49,104.4,120.0,84.8,1154.6,9.2,6906.9,552.5,104.7,120.1,90.2,104.4,119.9,82.0,10.0,0.0,0.0,50.0,104.4
2013-06-27 17:25:50,104.3,120.0,85.0,1154.6,9.2,6906.9,552.5,104.4,120.1,90.5,104.3,119.8,82.1,10.0,0.0,0.0,50.0,104.3
2013-06-27 17:25:51,104.2,120.1,83.9,1154.7,9.2,6906.9,552.5,104.3,120.1,89.4,104.2,119.9,82.2,10.0,0.0,0.0,50.0,104.2
2013-06-27 17:25:52,104.0,120.0,85.3,1154.7,9.2,6906.9,552.5,104.2,120.1,89.1,104.0,119.9,82.2,10.0,0.0,0.0,50.0,104.0
2013-06-27 17:25:53,104.0,120.0,87.6,1154.7,9.2,6906.9,552.5,104.0,120.1,89.9,104.0,119.9,81.5,10.0,0.0,0.0,50.0,104.0
2013-06-27 17:25:54,103.9,120.0,86.8,1154.7,9.2,6906.9,552.5,104.0,120.0,90.0,103.9,119.9,83.6,10.0,0.0,0.0,50.0,103.9
2013-06-27 17:25:55,103.9,119.7,99.4,1154.8,9.2,6907.0,552.5,103.9,120.0,99.4,103.9,119.7,83.7,10.0,0.0,0.0,50.0,103.9
2013-06-27 17:25:56,104.5,119.7,84.7,1154.8,9.2,6907.0,552.5,104.5,119.9,100.7,103.9,119.6,81.3,9.7,0.0,0.0,50.0,107.0
2013-06-27 17:25:57,104.2,119.8,81.4,1154.8,9.2,6907.0,552.5,104.5,119.9,89.4,104.2,119.7,81.3,10.0,0.0,0.0,50.0,104.2
2013-06-27 17:25:58,103.8,119.8,81.7,1154.8,9.2,6907.0,552.5,104.2,119.9,87.5,103.8,119.7,81.2,10.0,0.0,0.0,50.0,103.8
2013-06-27 17:25:59,103.6,119.8,82.6,1154.9,9.2,6907.0,552.5,103.8,119.8,87.8,103.6,119.6,81.1,10.0,0.0,0.0,50.0,103.6
2013-06-27 17:26:00,103.2,119.8,81.7,1154.9,9.2,6907.0,552.5,103.6,119.8,88.7,103.2,119.6,81.7,10.0,0.0,0.0,50.0,103.2
2013-06-27 17:26:01,103.0,119.8,81.8,1154.9,9.2,6907.0,552.5,103.2,119.8,88.1,103.0,119.7,81.7,10.0,0.0,0.0,50.0,103.0
2013-06-27 17:26:02,102.7,119.7,82.7,1155.0,9.2,6907.0,552.5,103.0,119.8,87.3,102.7,119.6,80.7,10.0,0.0,0.0,50.0,102.7
2013-06-27 17:26:03,102.6,119.8,82.0,1155.0,9.2,6907.0,552.5,102.7,119.8,92.0,102.6,119.6,81.5,10.0,0.0,0.0,50.0,102.6
2013-06-27 17:26:04,102.5,119.7,82.6,1155.0,9.2,6907.0,552.5,102.6,119.8,88.0,102.5,119.5,82.0,10.0,0.0,0.0,50.0,102.5
2013-06-27 17:26:05,102.5,119.7,83.1,1155.0,9.2,6907.0,552.5,102.5,119.8,89.8,102.5,119.6,81.9,10.0,0.0,0.0,50.0,102.5
2013-06-27 17:26:06,102.5,119.8,82.2,1155.1,9.2,6907.0,552.5,102.5,119.9,91.6,102.5,119.7,82.1,10.0,0.0,0.0,50.0,102.5
2013-06-27 17:26:07,102.4,119.8,83.4,1155.1,9.2,6907.1,552.5,102.5,119.8,87.6,102.4,119.7,81.4,10.0,0.0,0.0,50.0,102.4
2013-06-27 17:26:08,102.4,119.9,83.0,1155.1,9.2,6907.1,552.5,102.4,119.9,89.4,102.4,119.6,82.7,10.0,0.0,0.0,50.0,102.4
2013-06-27 17:26:09,102.6,119.9,83.9,1155.2,9.2,6907.1,552.5,102.6,119.9,90.8,102.4,119.7,82.7,10.0,0.0,0.0,50.0,102.6
2013-06-27 17:26:10,102.5,120.0,82.6,1155.2,9.2,6907.1,552.5,102.6,120.1,90.4,102.5,119.9,82.5,10.0,0.0,0.0,50.0,102.5
2013-06-27 17:26:11,102.5,120.1,83.3,1155.2,9.2,6907.1,552.5,102.5,120.1,90.6,102.5,119.9,81.7,10.0,0.0,0.0,50.0,102.5
2013-06-27 17:26:12,102.7,120.0,83.0,1155.2,9.2,6907.1,552.5,102.7,120.1,90.4,102.5,119.8,82.7,10.0,0.0,0.0,50.0,102.7
2013-06-27 17:26:13,102.7,120.0,84.6,1155.3,9.2,6907.1,552.5,102.7,120.0,89.2,102.7,119.8,82.3,10.0,0.0,0.0,50.0,102.7
2013-06-27 17:26:14,102.8,120.1,83.8,1155.3,9.2,6907.1,552.5,102.8,120.1,90.5,102.7,119.8,82.5,10.0,0.0,0.0,50.0,102.8
2013-06-27 17:26:15,102.9,120.0,83.2,1155.3,9.2,6907.1,552.5,102.9,120.1,90.0,102.8,119.9,82.8,10.0,0.0,0.0,50.0,102.9
2013-06-27 17:26:16,102.9,120.0,84.4,1155.4,9.2,6907.2,552.5,102.9,120.1,95.4,102.9,119.9,81.8,10.0,0.0,0.0,50.0,102.9
2013-06-27 17:26:17,102.9,120.1,82.7,1155.4,9.2,6907.2,552.5,102.9,120.2,88.5,102.9,120.0,80.3,10.0,0.0,0.0,50.0,102.9
2013-06-27 17:26:18,102.9,120.1,83.3,1155.4,9.2,6907.2,552.5,102.9,120.2,88.9,102.9,120.0,81.6,10.0,0.0,0.0,50.0,102.9
2013-06-27 17:26:19,102.7,120.1,85.5,1155.5,9.2,6907.2,552.5,102.9,120.2,89.7,102.7,120.0,81.5,10.0,0.0,0.0,50.0,102.7
2013-06-27 17:26:20,102.6,120.1,83.8,1155.5,9.2,6907.2,552.5,102.7,120.3,91.9,102.6,120.0,81.3,10.0,0.0,0.0,50.0,102.6
2013-06-27 17:26:21,102.5,120.0,84.0,1155.5,9.2,6907.2,552.5,102.6,120.2,90.6,102.5,119.9,81.2,10.0,0.0,0.0,50.0,102.5
2013-06-27 17:26:22,102.5,120.0,90.6,1155.5,9.2,6907.2,552.5,102.5,120.2,90.6,102.5,120.0,81.4,10.0,0.0,0.0,50.0,102.5
2013-06-27 17:26:23,102.4,120.1,86.3,1155.5,9.2,6907.2,552.5,102.5,120.2,90.8,102.4,120.0,81.5,10.0,0.0,0.0,50.0,102.4
2013-06-27 17:26:24,102.3,120.1,87.9,1155.6,9.2,6907.2,552.5,102.4,120.2,90.1,102.3,120.0,81.5,10.0,0.0,0.0,50.0,102.3
2013-06-27 17:26:25,102.3,120.0,91.6,1155.6,9.2,6907.2,552.5,102.3,120.2,91.6,102.3,120.0,81.7,10.0,0.0,0.0,50.0,102.3
2013-06-27 17:26:26,102.3,120.0,87.0,1155.6,9.2,6907.3,552.5,102.3,120.2,91.6,102.3,120.0,81.6,10.0,0.0,0.0,50.0,102.3
2013-06-27 17:26:27,102.4,120.1,82.8,1155.7,9.2,6907.3,552.5,102.4,120.2,92.7,102.3,120.0,81.0,10.0,0.0,0.0,50.0,102.4
2013-06-27 17:26:28,102.3,120.1,83.8,1155.7,9.2,6907.3,552.5,102.4,120.2,90.6,102.3,120.0,80.7,10.0,0.0,0.0,50.0,102.3
2013-06-27 17:26:29,102.3,120.2,83.5,1155.7,9.2,6907.3,552.5,102.3,120.2,92.8,102.3,120.0,81.6,10.0,0.0,0.0,50.0,102.3
2013-06-27 17:26:30,102.2,120.2,87.0,1155.8,9.2,6907.3,552.5,102.3,120.2,88.5,102.2,120.0,81.1,10.0,0.0,0.0,50.0,102.2
2013-06-27 17:26:31,102.2,120.2,84.6,1155.8,9.2,6907.3,552.5,102.2,120.3,89.3,102.2,120.1,81.4,10.0,0.0,0.0,50.0,102.2
2013-06-27 17:26:32,102.1,120.2,83.1,1155.8,9.2,6907.3,552.5,102.2,120.3,89.5,102.1,120.1,80.3,10.0,0.0,0.0,50.0,102.1
2013-06-27 17:26:33,101.8,120.1,82.7,1155.8,9.2,6907.3,552.5,102.1,120.3,87.0,101.8,120.1,80.5,10.0,0.0,0.0,50.0,101.8
2013-06-27 17:26:34,101.6,120.2,81.3,1155.9,9.2,6907.3,552.5,101.8,120.3,86.6,101.6,120.0,80.0,10.0,0.0,0.0,50.0,101.6
2013-06-27 17:26:35,101.4,120.2,82.7,1155.9,9.2,6907.3,552.5,101.6,120.3,97.0,101.4,120.0,81.3,10.0,0.0,0.0,50.0,101.4
2013-06-27 17:26:36,101.8,120.2,80.3,1155.9,9.2,6907.3,552.5,101.8,120.3,86.8,101.4,120.1,80.3,9.8,0.0,0.0,50.0,103.2
2013-06-27 17:26:37,101.6,120.2,81.0,1156.0,9.2,6907.4,552.5,101.8,120.3,87.0,101.6,120.0,80.2,10.0,0.0,0.0,50.0,101.6
2013-06-27 17:26:38,101.3,120.1,81.2,1156.0,9.2,6907.3,552.5,101.6,120.2,88.2,101.3,119.9,80.6,10.0,0.0,0.0,50.0,101.3
2013-06-27 17:26:39,101.4,120.2,81.8,1156.0,9.2,6907.4,552.5,101.4,120.2,88.3,101.3,120.0,80.8,10.0,0.0,0.0,50.0,101.4
2013-06-27 17:26:40,101.3,120.1,80.8,1156.0,9.2,6907.4,552.5,101.4,120.2,91.0,101.3,120.1,80.5,10.0,0.0,0.0,50.0,101.3
2013-06-27 17:26:41,101.2,120.3,81.2,1156.1,9.2,6907.4,552.5,101.3,120.3,86.9,101.2,120.1,80.1,10.0,0.0,0.0,50.0,101.2
2013-06-27 17:26:42,101.1,120.1,80.9,1156.1,9.2,6907.4,552.5,101.2,120.3,87.0,101.1,120.1,80.3,10.0,0.0,0.0,50.0,101.1
2013-06-27 17:26:43,100.9,120.3,81.3,1156.1,9.2,6907.4,552.5,101.1,120.3,87.0,100.9,120.0,80.3,10.0,0.0,0.0,50.0,100.9
2013-06-27 17:26:44,100.7,120.2,80.6,1156.2,9.2,6907.4,552.5,100.9,120.3,81.7,100.7,120.2,80.2,10.0,0.0,0.0,50.0,100.7
2013-06-27 17:26:45,100.6,120.2,80.7,1156.2,9.2,6907.4,552.5,100.7,120.3,83.6,100.6,120.1,80.3,10.0,0.0,0.0,50.0,100.6
2013-06-27 17:26:46,100.6,120.2,81.8,1156.2,9.2,6907.4,552.5,100.6,120.3,87.1,100.6,120.1,80.4,10.0,0.0,0.0,50.0,100.6
2013-06-27 17:26:47,100.7,120.2,81.1,1156.2,9.2,6907.4,552.5,100.7,120.2,88.4,100.6,120.1,80.7,10.0,0.0,0.0,50.0,100.7
2013-06-27 17:26:48,100.7,120.2,82.1,1156.2,9.2,6907.4,552.5,100.7,120.3,88.8,100.7,120.1,80.9,10.0,0.0,0.0,50.0,100.7
2013-06-27 17:26:49,100.7,120.1,81.2,1156.3,9.2,6907.4,552.5,100.7,120.2,88.5,100.7,120.0,80.7,10.0,0.0,0.0,50.0,100.7
2013-06-27 17:26:50,100.8,120.2,81.4,1156.3,9.2,6907.4,552.5,100.8,120.2,88.3,100.7,120.1,80.5,10.0,0.0,0.0,50.0,100.8
2013-06-27 17:26:51,100.8,120.2,82.1,1156.3,9.2,6907.4,552.5,100.8,120.2,91.1,100.8,119.9,80.9,10.0,0.0,0.0,50.0,100.8
2013-06-27 17:26:52,100.9,120.2,82.2,1156.4,9.2,6907.4,552.5,100.9,120.2,89.8,100.8,120.0,81.1,10.0,0.0,0.0,50.0,100.9
2013-06-27 17:26:53,100.9,120.0,81.5,1156.4,9.2,6907.4,552.5,100.9,120.2,89.7,100.9,120.0,81.0,10.0,0.0,0.0,50.0,100.9
2013-06-27 17:26:54,100.9,120.2,81.9,1156.4,9.2,6907.5,552.6,100.9,120.2,89.9,100.9,120.0,81.0,10.0,0.0,0.0,50.0,100.9
2013-06-27 17:26:55,100.8,120.2,82.1,1156.4,9.2,6907.5,552.6,100.9,120.2,88.0,100.8,120.0,80.9,10.0,0.0,0.0,50.0,100.8
2013-06-27 17:26:56,101.1,120.1,80.7,1156.5,9.2,6907.5,552.6,101.1,120.2,93.4,100.8,120.0,80.7,10.0,0.0,0.0,50.0,101.1
2013-06-27 17:26:57,101.1,120.1,80.8,1156.5,9.2,6907.5,552.6,101.1,120.2,88.2,101.1,120.0,80.4,10.0,0.0,0.0,50.0,101.1
2013-06-27 17:26:58,101.0,120.2,82.8,1156.5,9.2,6907.5,552.6,101.1,120.2,87.3,101.0,120.0,80.7,10.0,0.0,0.0,50.0,101.0
2013-06-27 17:26:59,101.0,120.2,81.6,1156.6,9.2,6907.5,552.6,101.0,120.2,88.1,101.0,120.0,81.0,10.0,0.0,0.0,50.0,101.0
2013-06-27 17:27:00,101.1,120.3,82.0,1156.6,9.2,6907.5,552.6,101.1,120.3,88.0,101.0,120.0,80.9,10.0,0.0,0.0,50.0,101.1
2013-06-27 17:27:01,101.1,120.2,85.2,1156.6,9.2,6907.5,552.6,101.1,120.3,90.3,101.1,120.1,81.2,10.0,0.0,0.0,50.0,101.1
2013-06-27 17:27:02,101.1,120.3,82.4,1156.6,9.2,6907.5,552.6,101.1,120.3,88.5,101.1,120.1,81.1,10.0,0.0,0.0,50.0,101.1
2013-06-27 17:27:03,101.1,120.4,83.6,1156.7,9.2,6907.5,552.6,101.1,120.4,88.3,101.1,120.1,80.5,10.0,0.0,0.0,50.0,101.1
2013-06-27 17:27:04,101.0,120.3,87.8,1156.7,9.2,6907.5,552.6,101.1,120.4,90.8,101.0,120.2,80.8,10.0,0.0,0.0,50.0,101.0
2013-06-27 17:27:05,101.1,120.2,85.6,1156.7,9.2,6907.5,552.6,101.1,120.3,87.8,101.0,120.2,80.8,10.0,0.0,0.0,50.0,101.1
2013-06-27 17:27:06,101.1,120.1,94.6,1156.8,9.2,6907.6,552.6,101.1,120.3,99.3,101.1,120.0,81.4,10.0,0.0,0.0,50.0,101.1
2013-06-27 17:27:07,107.4,120.0,88.3,1156.8,9.2,6907.6,552.6,107.4,120.3,94.6,101.1,120.0,80.5,10.0,0.0,0.0,50.0,107.4
2013-06-27 17:27:08,102.1,120.3,80.8,1156.8,9.2,6907.6,552.6,107.4,120.3,91.8,102.1,120.0,80.8,10.0,0.0,0.0,50.0,102.1
2013-06-27 17:27:09,101.9,120.2,81.8,1156.8,9.2,6907.6,552.6,102.1,120.3,88.4,101.9,120.1,80.8,10.0,0.0,0.0,50.0,101.9
2013-06-27 17:27:10,101.8,120.1,82.5,1156.9,9.2,6907.6,552.6,101.9,120.2,87.4,101.8,120.0,80.8,10.0,0.0,0.0,50.0,101.8
2013-06-27 17:27:11,101.7,120.1,80.8,1156.9,9.2,6907.6,552.6,101.8,120.2,90.1,101.7,120.0,80.7,10.0,0.0,0.0,50.0,101.7
2013-06-27 17:27:12,101.5,120.2,81.2,1156.9,9.2,6907.6,552.6,101.7,120.2,88.3,101.5,119.9,80.4,10.0,0.0,0.0,50.0,101.5
2013-06-27 17:27:13,101.4,120.2,82.0,1157.0,9.2,6907.6,552.6,101.5,120.2,87.5,101.4,120.0,80.9,10.0,0.0,0.0,50.0,101.4
2013-06-27 17:27:14,101.4,120.2,81.2,1157.0,9.2,6907.6,552.6,101.4,120.2,88.1,101.4,120.1,80.9,10.0,0.0,0.0,50.0,101.4
2013-06-27 17:27:15,101.3,120.2,81.5,1157.0,9.2,6907.6,552.6,101.4,120.2,87.7,101.3,120.0,80.9,10.0,0.0,0.0,50.0,101.3
2013-06-27 17:27:16,101.3,120.2,81.6,1157.0,9.2,6907.6,552.6,101.3,120.2,88.4,101.3,120.0,80.9,10.0,0.0,0.0,50.0,101.3
2013-06-27 17:27:17,101.4,120.1,81.3,1157.1,9.2,6907.6,552.6,101.4,120.2,88.1,101.3,120.0,81.0,10.0,0.0,0.0,50.0,101.4
2013-06-27 17:27:18,101.3,120.3,82.6,1157.1,9.2,6907.7,552.6,101.4,120.3,87.9,101.3,120.0,80.9,10.0,0.0,0.0,50.0,101.3
2013-06-27 17:27:19,101.3,120.2,81.8,1157.1,9.2,6907.7,552.6,101.3,120.3,88.4,101.3,120.1,80.9,10.0,0.0,0.0,50.0,101.3
2013-06-27 17:27:20,101.3,120.2,82.2,1157.1,9.2,6907.7,552.6,101.3,120.3,88.7,101.3,120.1,81.3,10.0,0.0,0.0,50.0,101.3
2013-06-27 17:27:21,101.2,120.2,81.8,1157.2,9.2,6907.7,552.6,101.3,120.3,88.0,101.2,120.1,80.8,10.0,0.0,0.0,50.0,101.2
2013-06-27 17:27:22,101.1,120.2,83.0,1157.2,9.2,6907.7,552.6,101.2,120.3,87.7,101.1,120.1,80.8,10.0,0.0,0.0,50.0,101.1
2013-06-27 17:27:23,101.1,120.1,83.2,1157.2,9.2,6907.7,552.6,101.1,120.3,88.6,101.1,120.1,81.2,10.0,0.0,0.0,50.0,101.1
2013-06-27 17:27:24,101.1,120.3,83.3,1157.3,9.2,6907.7,552.6,101.1,120.3,87.7,101.1,120.1,81.2,10.0,0.0,0.0,50.0,101.1
2013-06-27 17:27:25,101.2,120.2,82.7,1157.3,9.2,6907.7,552.6,101.2,120.4,88.2,101.1,120.2,81.4,10.0,0.0,0.0,50.0,101.2
2013-06-27 17:27:26,101.4,120.3,83.1,1157.3,9.2,6907.7,552.6,101.4,120.3,90.4,101.2,120.1,80.9,10.0,0.0,0.0,50.0,101.4
2013-06-27 17:27:27,101.3,120.2,83.7,1157.3,9.2,6907.7,552.6,101.4,120.3,88.7,101.3,120.1,80.9,10.0,0.0,0.0,50.0,101.3
2013-06-27 17:27:28,101.3,120.2,84.6,1157.4,9.2,6907.7,552.6,101.3,120.3,87.1,101.3,120.0,80.7,10.0,0.0,0.0,50.0,101.3
2013-06-27 17:27:29,101.3,120.0,85.5,1157.4,9.2,6907.7,552.6,101.3,120.2,87.4,101.3,120.0,81.0,10.0,0.0,0.0,50.0,101.3
2013-06-27 17:27:30,101.2,120.1,86.0,1157.4,9.2,6907.7,552.6,101.3,120.1,91.9,101.2,119.9,80.8,10.0,0.0,0.0,50.0,101.2
2013-06-27 17:27:31,101.2,120.1,83.7,1157.5,9.2,6907.8,552.6,101.2,120.2,87.8,101.2,120.1,80.6,10.0,0.0,0.0,50.0,101.2
2013-06-27 17:27:32,101.2,120.1,83.8,1157.5,9.2,6907.8,552.6,101.2,120.2,87.6,101.2,120.0,81.2,10.0,0.0,0.0,50.0,101.2
2013-06-27 17:27:33,101.2,120.3,84.8,1157.5,9.2,6907.8,552.6,101.2,120.3,90.9,101.2,120.1,80.5,10.0,0.0,0.0,50.0,101.2
2013-06-27 17:27:34,101.2,120.2,84.4,1157.5,9.2,6907.8,552.6,101.2,120.3,87.9,101.2,120.1,81.0,10.0,0.0,0.0,50.0,101.2
2013-06-27 17:27:35,101.2,120.3,86.1,1157.6,9.2,6907.8,552.6,101.2,120.4,87.4,101.2,120.2,80.8,10.0,0.0,0.0,50.0,101.2
2013-06-27 17:27:36,101.1,120.1,89.4,1157.6,9.2,6907.8,552.6,101.2,120.4,89.4,101.1,120.1,80.7,10.0,0.0,0.0,50.0,101.1
2013-06-27 17:27:37,101.1,120.2,82.5,1157.6,9.2,6907.8,552.6,101.1,120.3,89.4,101.1,120.1,80.9,10.0,0.0,0.0,50.0,101.1
2013-06-27 17:27:38,101.3,120.4,81.2,1157.7,9.2,6907.8,552.6,101.3,120.4,94.8,101.1,120.1,80.8,10.0,0.0,0.0,50.0,101.3
2013-06-27 17:27:39,101.2,120.3,83.1,1157.7,9.2,6907.8,552.6,101.3,120.4,87.7,101.2,120.2,80.4,10.0,0.0,0.0,50.0,101.2
2013-06-27 17:27:40,101.1,120.3,81.0,1157.7,9.2,6907.8,552.6,101.2,120.4,87.7,101.1,120.2,80.6,10.0,0.0,0.0,50.0,101.1
2013-06-27 17:27:41,101.1,120.2,81.1,1157.7,9.2,6907.8,552.6,101.1,120.4,87.7,101.1,120.1,80.8,10.0,0.0,0.0,50.0,101.1
2013-06-27 17:27:42,101.0,120.2,86.3,1157.8,9.2,6907.9,552.6,101.1,120.3,87.2,101.0,120.1,80.9,10.0,0.0,0.0,50.0,101.0
2013-06-27 17:27:43,101.3,120.1,81.5,1157.8,9.2,6907.8,552.6,101.3,120.2,95.7,101.0,119.9,80.9,9.9,0.0,0.0,50.0,101.8
2013-06-27 17:27:44,101.2,120.3,80.9,1157.8,9.2,6907.9,552.6,101.3,120.3,87.9,101.2,119.9,80.6,10.0,0.0,0.0,50.0,101.2
2013-06-27 17:27:45,101.1,120.1,81.9,1157.8,9.2,6907.9,552.6,101.2,120.3,87.5,101.1,120.1,80.7,10.0,0.0,0.0,50.0,101.1
2013-06-27 17:27:46,101.1,120.3,81.3,1157.9,9.2,6907.9,552.6,101.1,120.3,87.6,101.1,120.0,80.9,10.0,0.0,0.0,50.0,101.1
2013-06-27 17:27:47,101.0,120.3,81.4,1157.9,9.2,6907.9,552.6,101.1,120.3,87.4,101.0,120.1,80.9,10.0,0.0,0.0,50.0,101.0
2013-06-27 17:27:48,101.0,120.4,80.8,1157.9,9.2,6907.9,552.6,101.0,120.4,87.8,101.0,120.2,80.7,10.0,0.0,0.0,50.0,101.0
2013-06-27 17:27:49,101.0,120.2,80.6,1158.0,9.2,6907.9,552.6,101.0,120.4,87.5,101.0,120.1,80.6,10.0,0.0,0.0,50.0,101.0
2013-06-27 17:27:50,100.9,120.2,81.0,1158.0,9.2,6907.9,552.6,101.0,120.3,87.5,100.9,120.1,80.6,10.0,0.0,0.0,50.0,100.9
2013-06-27 17:27:51,100.8,120.3,80.7,1158.0,9.2,6907.9,552.6,100.9,120.3,87.2,100.8,120.1,80.7,10.0,0.0,0.0,50.0,100.8
2013-06-27 17:27:52,100.9,120.0,96.4,1158.0,9.2,6907.9,552.6,100.9,120.3,96.4,100.8,120.0,80.4,10.0,0.0,0.0,50.0,100.9
2013-06-27 17:27:53,107.2,120.3,80.6,1158.1,9.2,6907.9,552.6,107.2,120.3,97.3,100.9,120.0,80.6,10.0,0.0,0.0,50.0,107.2
2013-06-27 17:27:54,101.1,120.3,81.3,1158.1,9.2,6907.9,552.6,107.2,120.3,89.7,101.1,120.1,80.6,10.0,0.0,0.0,50.0,101.1
2013-06-27 17:27:55,101.1,120.2,81.7,1158.1,9.2,6907.9,552.6,101.1,120.3,87.7,101.1,120.2,80.6,10.0,0.0,0.0,50.0,101.1
2013-06-27 17:27:56,100.9,120.3,82.0,1158.2,9.2,6908.0,552.6,101.1,120.3,91.1,100.9,120.0,80.3,10.0,0.0,0.0,50.0,100.9
2013-06-27 17:27:57,100.9,120.2,81.5,1158.2,9.2,6908.0,552.6,100.9,120.3,87.1,100.9,120.1,80.5,10.0,0.0,0.0,50.0,100.9
2013-06-27 17:27:58,100.8,120.3,82.6,1158.2,9.2,6908.0,552.6,100.9,120.3,87.5,100.8,120.1,80.4,10.0,0.0,0.0,50.0,100.8
2013-06-27 17:27:59,100.8,120.4,82.2,1158.2,9.2,6908.0,552.6,100.8,120.4,88.8,100.8,120.2,80.3,10.0,0.0,0.0,50.0,100.8
2013-06-27 17:28:00,100.8,120.3,83.4,1158.3,9.2,6908.0,552.6,100.8,120.4,87.8,100.8,120.3,80.4,10.0,0.0,0.0,50.0,100.8
2013-06-27 17:28:01,100.8,120.3,84.8,1158.3,9.2,6908.0,552.6,100.8,120.4,88.8,100.8,120.1,79.8,10.0,0.0,0.0,50.0,100.8
2013-06-27 17:28:02,100.7,120.2,86.1,1158.3,9.2,6908.0,552.6,100.8,120.3,90.9,100.7,120.1,80.6,10.0,0.0,0.0,50.0,100.7
2013-06-27 17:28:03,100.8,120.2,87.5,1158.4,9.2,6908.0,552.6,100.8,120.3,88.6,100.7,120.0,80.5,10.0,0.0,0.0,50.0,100.8
2013-06-27 17:28:04,100.7,120.3,87.4,1158.4,9.2,6908.0,552.6,100.8,120.4,87.5,100.7,120.1,80.7,10.0,0.0,0.0,50.0,100.7
2013-06-27 17:28:05,100.7,120.2,86.0,1158.4,9.2,6908.0,552.6,100.7,120.4,87.9,100.7,120.2,81.0,10.0,0.0,0.0,50.0,100.7
2013-06-27 17:28:06,100.9,120.3,83.6,1158.4,9.2,6908.0,552.6,100.9,120.3,90.1,100.7,120.1,81.6,10.0,0.0,0.0,50.0,100.9
2013-06-27 17:28:07,101.1,120.3,83.8,1158.5,9.2,6908.0,552.6,101.1,120.3,89.3,100.9,120.1,81.6,10.0,0.0,0.0,50.0,101.1
2013-06-27 17:28:08,101.5,120.4,83.7,1158.5,9.2,6908.0,552.6,101.5,120.4,96.6,101.1,120.2,82.4,9.9,0.0,0.0,50.0,101.6
2013-06-27 17:28:09,101.7,120.4,82.2,1158.5,9.2,6908.1,552.6,101.7,120.4,88.7,101.5,120.2,80.6,9.8,0.0,0.0,50.0,103.2
2013-06-27 17:28:10,101.9,120.5,81.4,1158.6,9.2,6908.1,552.6,101.9,120.5,90.8,101.7,120.2,81.0,10.0,0.0,0.0,50.0,101.9
2013-06-27 17:28:11,101.8,120.3,83.3,1158.6,9.2,6908.1,552.6,101.9,120.5,88.9,101.8,120.2,79.3,10.0,0.0,0.0,50.0,101.8
2013-06-27 17:28:12,101.6,120.4,81.6,1158.6,9.2,6908.1,552.6,101.8,120.4,87.9,101.6,120.2,80.2,10.0,0.0,0.0,50.0,101.6
2013-06-27 17:28:13,101.7,120.4,80.7,1158.6,9.2,6908.1,552.6,101.7,120.5,88.9,101.6,120.2,80.5,10.0,0.0,0.0,50.0,101.7
2013-06-27 17:28:14,101.5,120.3,83.0,1158.7,9.2,6908.1,552.6,101.7,120.5,87.6,101.5,120.3,80.3,10.0,0.0,0.0,50.0,101.5
2013-06-27 17:28:15,101.4,120.4,80.5,1158.7,9.2,6908.1,552.6,101.5,120.5,88.7,101.4,120.3,80.4,10.0,0.0,0.0,50.0,101.4
2013-06-27 17:28:16,101.3,120.3,81.6,1158.7,9.2,6908.1,552.6,101.4,120.4,90.6,101.3,120.2,80.2,10.0,0.0,0.0,50.0,101.3
2013-06-27 17:28:17,101.2,120.4,84.9,1158.7,9.2,6908.1,552.6,101.3,120.5,89.8,101.2,120.3,80.5,10.0,0.0,0.0,50.0,101.2
2013-06-27 17:28:18,101.1,120.5,81.2,1158.8,9.2,6908.1,552.6,101.2,120.5,88.2,101.1,120.3,80.8,10.0,0.0,0.0,50.0,101.1
2013-06-27 17:28:19,100.9,120.3,81.1,1158.8,9.2,6908.1,552.6,101.1,120.5,91.0,100.9,120.2,80.6,10.0,0.0,0.0,50.0,100.9
2013-06-27 17:28:20,100.9,120.2,84.0,1158.8,9.2,6908.1,552.6,100.9,120.4,88.9,100.9,120.2,80.9,10.0,0.0,0.0,50.0,100.9
2013-06-27 17:28:21,100.9,120.3,80.8,1158.9,9.2,6908.2,552.6,100.9,120.4,88.6,100.9,120.1,80.8,10.0,0.0,0.0,50.0,100.9
2013-06-27 17:28:22,100.8,120.3,81.6,1158.9,9.2,6908.1,552.6,100.9,120.3,89.8,100.8,120.1,80.3,10.0,0.0,0.0,50.0,100.8
2013-06-27 17:28:23,100.8,120.3,81.9,1158.9,9.2,6908.2,552.6,100.8,120.4,88.0,100.8,120.1,80.8,10.0,0.0,0.0,50.0,100.8
2013-06-27 17:28:24,100.9,120.3,82.1,1158.9,9.2,6908.2,552.6,100.9,120.3,88.4,100.8,120.1,81.5,10.0,0.0,0.0,50.0,100.9
2013-06-27 17:28:25,100.9,120.2,81.8,1159.0,9.2,6908.2,552.6,100.9,120.3,88.7,100.9,120.1,81.1,10.0,0.0,0.0,50.0,100.9
2013-06-27 17:28:26,101.1,120.2,82.2,1159.0,9.2,6908.2,552.6,101.1,120.3,90.6,100.9,120.0,81.1,10.0,0.1,0.0,50.0,101.1
2013-06-27 17:28:27,101.2,120.3,82.1,1159.0,9.2,6908.2,552.6,101.2,120.3,87.9,101.1,120.1,81.5,9.9,0.1,0.0,50.0,101.4
2013-06-27 17:28:28,101.2,120.2,82.9,1159.1,9.2,6908.2,552.6,101.2,120.3,88.3,101.2,120.1,81.2,10.0,0.1,0.0,50.0,101.2
2013-06-27 17:28:29,101.2,120.1,82.7,1159.1,9.2,6908.2,552.6,101.2,120.3,88.2,101.2,120.1,81.4,10.0,0.1,0.0,50.0,101.2
2013-06-27 17:28:30,101.2,120.2,83.6,1159.1,9.2,6908.2,552.6,101.2,120.2,87.2,101.2,120.0,81.3,10.0,0.1,0.0,50.0,101.2
2013-06-27 17:28:31,101.1,120.2,85.0,1159.1,9.2,6908.2,552.6,101.2,120.3,88.1,101.1,120.1,80.9,10.0,0.1,0.0,50.0,101.1
2013-06-27 17:28:32,101.2,120.1,85.5,1159.2,9.2,6908.2,552.6,101.2,120.3,88.3,101.1,120.0,81.4,10.0,0.1,0.0,50.0,101.2
2013-06-27 17:28:33,101.3,120.1,88.0,1159.2,9.2,6908.2,552.6,101.3,120.3,88.0,101.2,120.0,81.4,10.0,0.1,0.0,50.0,101.3
2013-06-27 17:28:34,101.2,120.1,85.2,1159.2,9.2,6908.2,552.6,101.3,120.2,88.0,101.2,120.0,80.9,10.0,0.1,0.0,50.0,101.2
2013-06-27 17:28:35,101.1,120.2,83.4,1159.3,9.2,6908.3,552.6,101.2,120.2,98.8,101.1,119.8,81.0,10.0,0.1,0.0,50.0,101.1
2013-06-27 17:28:36,101.7,120.1,77.6,1159.3,9.2,6908.3,552.6,101.7,120.2,87.1,101.1,120.1,77.4,9.7,0.1,0.0,50.0,104.4
2013-06-27 17:30:16,126.7,120.8,80.4,1161.9,9.2,6908.3,552.6,126.7,120.8,107.5,96.9,120.4,80.4,10.0,0.1,0.0,50.0,126.7
2013-06-27 17:30:17,100.4,120.7,80.5,1162.0,9.2,6908.3,552.6,126.7,120.8,87.1,100.4,120.7,80.1,10.0,0.1,0.0,50.0,100.4
2013-06-27 17:30:18,100.4,120.8,77.1,1162.0,9.2,6908.3,552.6,100.4,120.8,90.1,100.4,120.5,77.1,10.0,0.1,0.0,50.0,100.4
2013-06-27 17:30:19,99.8,120.7,77.3,1162.0,9.2,6908.3,552.6,100.4,120.8,85.5,99.8,120.6,76.8,10.0,0.1,0.0,50.0,99.8
2013-06-27 17:30:20,99.3,120.6,77.5,1162.1,9.2,6908.3,552.6,99.8,120.8,83.6,99.3,120.6,76.7,10.0,0.1,0.0,50.0,99.3
