2013-06-21 15:29:17,101.3,119.8,86.8,0.0,0.0,838860.7,2.147483647E8,101.3,119.8,87.3,95.3,119.7,86.8,10.0,10.0,0.0,50.0,101.3
2013-06-21 15:29:17,101.3,119.8,83.0,0.0,0.0,6620.9,529.6,101.3,119.8,86.8,101.3,119.7,82.9,10.0,10.0,0.0,50.0,101.3
2013-06-21 15:29:18,101.5,119.8,85.6,0.0,0.0,7106.3,568.5,101.5,119.9,86.7,101.3,119.7,83.0,10.0,10.0,0.0,50.0,101.5
2013-06-21 15:29:19,101.7,119.7,84.6,0.0,0.0,7229.1,578.3,101.7,119.8,87.1,101.5,119.6,84.5,10.0,10.0,0.0,50.0,101.7
2013-06-21 15:29:20,102.0,119.8,83.4,0.0,0.0,7283.7,582.7,102.0,119.8,88.4,101.7,119.6,83.3,10.0,10.0,0.0,50.0,102.0
2013-06-21 15:29:21,102.1,119.8,84.1,0.1,0.0,7464.7,597.1,102.1,119.9,86.2,102.0,119.7,83.1,10.0,10.0,0.0,50.0,102.1
2013-06-21 15:29:22,102.2,119.7,83.2,0.1,0.0,7301.8,584.1,102.2,119.8,85.7,102.1,119.7,83.0,10.0,10.0,0.0,50.0,102.2
2013-06-21 15:29:23,102.2,119.8,83.1,0.1,0.0,7303.6,584.2,102.2,119.8,87.1,102.2,119.6,83.1,10.0,10.0,0.0,50.0,102.2
2013-06-21 15:29:24,102.2,119.7,87.1,0.2,0.0,7323.3,585.8,102.2,119.8,87.1,102.2,119.7,83.0,10.0,10.0,0.0,50.0,102.2
2013-06-21 15:29:25,102.5,119.8,84.0,0.2,0.0,7424.8,593.9,102.5,119.9,87.5,102.2,119.7,84.0,10.0,10.0,0.0,50.0,102.5
2013-06-21 15:29:26,102.6,119.7,83.8,0.2,0.0,7344.7,587.5,102.6,119.8,87.3,102.5,119.7,83.7,10.0,10.0,0.0,50.0,102.6
2013-06-21 15:29:27,102.7,119.7,84.2,0.2,0.0,7347.0,587.7,102.7,119.8,86.1,102.6,119.7,83.6,10.0,10.0,0.0,50.0,102.7
2013-06-21 15:29:28,102.8,119.7,84.0,0.3,0.0,7412.8,593.0,102.8,119.8,86.0,102.7,119.6,83.7,10.0,10.0,0.0,50.0,102.8
2013-06-21 15:29:29,102.8,119.8,84.1,0.3,0.0,7352.8,588.2,102.8,119.8,86.2,102.8,119.6,83.7,10.0,10.0,0.0,50.0,102.8
2013-06-21 15:29:30,102.8,119.6,85.9,0.3,0.0,7356.1,588.4,102.8,119.8,87.5,102.8,119.6,83.8,10.0,10.0,0.0,50.0,102.8
2013-06-21 15:29:31,103.0,119.7,86.5,0.4,0.0,7367.6,589.4,103.0,119.7,87.5,102.8,119.6,85.4,10.0,10.0,0.0,50.0,103.0
2013-06-21 15:29:32,103.2,119.6,86.3,0.4,0.0,7422.5,593.8,103.2,119.7,87.4,103.0,119.6,84.1,10.0,10.0,0.0,50.0,103.2
2013-06-21 15:29:33,103.3,119.7,85.5,0.4,0.0,7371.2,589.7,103.3,119.8,86.3,103.2,119.6,83.0,10.0,10.0,0.0,50.0,103.3
2013-06-21 15:29:34,103.2,119.8,83.2,0.4,0.0,7367.1,589.3,103.3,119.9,85.5,103.2,119.7,83.0,10.0,10.0,0.0,50.0,103.2
2013-06-21 15:29:35,103.2,119.7,80.4,0.5,0.0,7365.7,589.2,103.2,119.9,90.1,103.2,119.7,80.4,10.0,10.0,0.0,50.0,103.2
2013-06-21 15:29:36,102.8,119.8,79.7,0.5,0.0,7349.5,587.9,103.2,119.9,82.9,102.8,119.7,79.7,10.0,10.0,0.0,50.0,102.8
2013-06-21 15:29:37,102.2,119.8,79.8,0.5,0.0,7333.4,586.6,102.8,119.9,82.6,102.2,119.8,79.5,10.0,10.0,0.0,50.0,102.2
2013-06-21 15:29:38,101.7,119.8,77.0,0.6,0.0,7314.9,585.1,102.2,119.9,82.7,101.7,119.8,76.8,10.0,10.0,0.0,50.0,101.7
2013-06-21 15:29:39,95.9,119.8,79.1,0.6,0.0,7323.7,585.8,101.7,119.9,80.9,95.9,119.8,76.5,10.0,9.7,0.0,50.0,95.9
2013-06-21 15:29:40,95.7,119.9,76.5,0.6,0.0,7267.8,581.4,95.9,120.0,80.0,95.7,119.8,76.4,10.0,9.3,0.0,50.0,95.7
2013-06-21 15:29:41,95.5,119.9,76.6,0.6,0.0,7246.3,579.7,95.7,120.0,80.1,95.5,119.8,76.3,10.0,8.9,0.0,50.0,95.5
2013-06-21 15:29:42,95.3,119.8,79.9,0.7,0.0,7256.4,580.5,95.5,120.0,80.7,95.3,119.7,76.3,10.0,8.6,0.0,50.0,95.3
2013-06-21 15:29:43,95.3,120.0,77.9,0.7,0.0,7213.8,577.1,95.3,120.0,80.9,95.3,119.8,77.7,10.0,8.2,0.0,50.0,95.3
2013-06-21 15:29:44,95.3,120.0,77.7,0.7,0.0,7197.6,575.8,95.3,120.1,79.7,95.3,119.9,76.6,10.0,7.9,0.0,50.0,95.3
2013-06-21 15:29:45,95.2,120.0,80.3,0.7,0.0,7183.5,574.6,95.3,120.0,83.4,95.2,119.9,76.5,10.0,7.6,0.0,50.0,95.2
2013-06-21 15:29:46,95.2,120.0,80.3,0.7,0.0,7169.4,573.5,95.2,120.1,80.8,95.2,119.9,76.3,10.0,7.4,0.0,50.0,95.2
2013-06-21 15:29:47,95.1,120.0,79.3,0.8,0.0,7155.3,572.4,95.2,120.1,80.3,95.1,119.9,76.4,10.0,7.1,0.0,50.0,95.1
2013-06-21 15:29:48,95.0,119.9,79.1,0.8,0.0,7143.9,571.5,95.1,120.1,80.0,95.0,119.9,77.1,10.0,6.9,0.0,50.0,95.0
2013-06-21 15:29:49,95.1,119.9,78.4,0.8,0.0,7134.0,570.7,95.1,120.0,82.3,95.0,119.8,76.4,10.0,6.7,0.0,50.0,95.1
2013-06-21 15:29:50,95.1,120.0,76.6,0.9,0.0,7124.3,569.9,95.1,120.0,81.1,95.1,119.8,76.4,10.0,6.5,0.0,50.0,95.1
2013-06-21 15:29:51,95.0,119.8,76.6,0.9,0.0,7111.9,568.9,95.1,120.0,79.2,95.0,119.8,76.1,10.0,6.3,0.0,50.0,95.0
2013-06-21 15:29:52,94.9,119.9,76.7,0.9,0.0,7101.0,568.0,95.0,119.9,80.4,94.9,119.8,76.1,10.0,6.1,0.0,50.0,94.9
2013-06-21 15:29:53,94.7,119.9,76.9,0.9,0.0,7091.1,567.2,94.9,120.0,79.1,94.7,119.8,76.3,10.0,6.0,0.0,50.0,94.7
2013-06-21 15:29:54,94.6,119.9,78.1,1.0,0.0,7082.0,566.5,94.7,120.0,79.3,94.6,119.8,76.3,10.0,5.8,0.0,50.0,94.6
2013-06-21 15:29:55,94.6,120.0,76.7,1.0,0.0,7075.3,566.0,94.6,120.0,81.4,94.6,119.9,76.3,10.0,5.6,0.0,50.0,94.6
2013-06-21 15:29:56,94.7,119.8,77.1,1.0,0.0,7067.1,565.3,94.7,120.0,79.3,94.6,119.8,76.4,10.0,5.5,0.0,50.0,94.7
2013-06-21 15:29:57,94.6,120.0,76.8,1.0,0.0,7058.7,564.6,94.7,120.0,79.2,94.6,119.8,76.4,10.0,5.4,0.0,50.0,94.6
2013-06-21 15:29:58,94.5,119.8,76.9,1.1,0.0,7051.3,564.1,94.6,120.0,79.7,94.5,119.8,76.5,10.0,5.2,0.0,50.0,94.5
2013-06-21 15:29:59,94.5,119.9,77.4,1.1,0.0,7044.6,563.5,94.5,119.9,79.3,94.5,119.8,76.6,10.0,5.1,0.0,50.0,94.5
2013-06-21 15:30:00,94.5,119.9,77.9,1.1,0.0,7037.9,563.0,94.5,119.9,80.1,94.5,119.8,76.3,10.0,5.0,0.0,50.0,94.5
2013-06-21 15:30:01,94.5,119.9,77.2,1.2,0.0,7049.2,563.9,94.5,120.0,80.6,94.5,119.8,76.6,10.0,4.9,0.0,50.0,94.5
2013-06-21 15:30:02,94.8,119.8,78.5,1.2,0.0,7032.7,562.6,94.8,119.9,86.4,94.5,119.7,76.9,10.0,4.8,0.0,50.0,94.8
2013-06-21 15:30:03,95.0,119.9,77.0,1.2,0.0,7026.4,562.1,95.0,119.9,79.3,94.8,119.8,76.4,9.9,4.7,0.0,50.0,95.5
2013-06-21 15:30:04,94.9,119.8,76.8,1.2,0.0,7020.4,561.6,95.0,119.9,79.2,94.9,119.7,76.3,10.0,4.6,0.0,50.0,94.9
2013-06-21 15:30:05,94.8,119.8,79.4,1.3,0.0,7014.5,561.1,94.9,119.9,79.7,94.8,119.7,76.3,10.0,4.5,0.0,50.0,94.8
2013-06-21 15:30:06,94.6,119.8,78.1,1.3,0.0,7009.5,560.7,94.8,119.9,80.0,94.6,119.7,76.2,10.0,4.4,0.0,50.0,94.6
2013-06-21 15:30:07,94.7,119.9,80.5,1.3,0.0,7005.5,560.4,94.7,119.9,80.5,94.6,119.8,76.6,10.0,4.3,0.0,50.0,94.7
2013-06-21 15:30:08,94.7,120.0,77.9,1.3,0.0,7014.8,561.1,94.7,120.0,80.5,94.7,119.9,76.4,10.0,4.2,0.0,50.0,94.7
2013-06-21 15:30:09,94.8,119.9,76.1,1.4,0.0,6995.4,559.6,94.8,120.0,81.3,94.7,119.8,76.0,10.0,4.1,0.0,50.0,94.8
2013-06-21 15:30:10,94.6,119.9,76.2,1.4,0.0,6990.3,559.2,94.8,120.0,79.2,94.6,119.8,76.1,10.0,4.1,0.0,50.0,94.6
2013-06-21 15:30:11,94.5,119.8,77.2,1.4,0.0,6985.4,558.8,94.6,119.9,79.1,94.5,119.8,76.2,10.0,4.0,0.0,50.0,94.5
2013-06-21 15:30:12,94.5,119.9,77.8,1.4,0.0,6983.0,558.6,94.5,119.9,80.5,94.5,119.7,76.9,10.0,3.9,0.0,50.0,94.5
2013-06-21 15:30:13,94.6,119.8,76.6,1.5,0.0,6979.4,558.3,94.6,119.9,80.6,94.5,119.8,76.6,10.0,3.8,0.0,50.0,94.6
2013-06-21 15:30:14,94.5,119.9,76.2,1.5,0.0,6974.7,557.9,94.6,119.9,79.1,94.5,119.7,76.1,10.0,3.8,0.0,50.0,94.5
2013-06-21 15:30:15,94.5,119.7,76.3,1.5,0.0,6970.2,557.6,94.5,119.9,79.4,94.5,119.7,76.1,10.0,3.7,0.0,50.0,94.5
2013-06-21 15:30:16,94.4,119.9,76.6,1.5,0.0,6966.5,557.3,94.5,119.9,79.3,94.4,119.7,76.3,10.0,3.6,0.0,50.0,94.4
2013-06-21 15:30:17,94.4,119.8,77.7,1.6,0.0,6964.4,557.1,94.4,119.9,80.5,94.4,119.8,76.6,10.0,3.6,0.0,50.0,94.4
2013-06-21 15:30:18,94.6,119.8,77.8,1.6,0.0,6963.0,557.0,94.6,119.9,80.9,94.4,119.7,77.7,10.0,3.5,0.0,50.0,94.6
2013-06-21 15:30:19,94.7,119.7,76.5,1.6,0.0,6971.0,557.6,94.7,119.8,79.9,94.6,119.6,76.3,10.0,3.5,0.0,50.0,94.7
2013-06-21 15:30:20,94.7,119.8,76.6,1.6,0.0,6955.9,556.4,94.7,119.8,80.4,94.7,119.6,76.4,10.0,3.4,0.0,50.0,94.7
2013-06-21 15:30:21,94.5,119.7,76.6,1.7,0.0,6952.7,556.2,94.7,119.8,80.1,94.5,119.7,76.6,10.0,3.4,0.0,50.0,94.5
2013-06-21 15:30:22,94.5,119.6,77.1,1.7,0.0,6949.7,555.9,94.5,119.7,79.9,94.5,119.5,76.6,10.0,3.3,0.0,50.0,94.5
2013-06-21 15:30:23,94.5,119.8,76.6,1.7,0.0,6946.3,555.7,94.5,119.8,79.8,94.5,119.6,76.4,10.0,3.3,0.0,50.0,94.5
2013-06-21 15:30:24,94.4,119.6,78.1,1.7,0.0,6943.8,555.5,94.5,119.8,80.4,94.4,119.6,76.5,10.0,3.2,0.0,50.0,94.4
2013-06-21 15:30:25,94.5,119.7,78.2,1.8,0.0,6942.1,555.3,94.5,119.7,81.5,94.4,119.5,77.7,10.0,3.2,0.0,50.0,94.5
2013-06-21 15:30:26,94.5,119.7,77.3,1.8,0.0,6938.3,555.0,94.5,119.7,78.9,94.5,119.6,75.9,10.0,3.1,0.0,50.0,94.5
2013-06-21 15:30:27,94.4,119.6,78.2,1.8,0.0,6935.1,554.8,94.5,119.8,79.2,94.4,119.6,76.0,10.0,3.1,0.0,50.0,94.4
2013-06-21 15:30:28,94.3,119.6,80.8,1.9,0.0,6931.7,554.5,94.4,119.7,80.8,94.3,119.6,75.9,10.0,3.0,0.0,50.0,94.3
2013-06-21 15:30:29,94.2,119.8,76.2,1.9,0.0,6927.7,554.2,94.3,119.8,80.8,94.2,119.6,75.8,10.0,3.0,0.0,50.0,94.2
2013-06-21 15:30:30,94.0,119.7,77.5,1.9,0.0,6934.9,554.7,94.2,119.8,79.2,94.0,119.6,76.2,10.0,2.9,0.0,50.0,94.0
2013-06-21 15:30:31,94.2,119.7,78.1,1.9,0.0,6922.8,553.8,94.2,119.8,80.1,94.0,119.6,75.8,10.0,2.9,0.0,50.0,94.2
2013-06-21 15:30:32,94.1,119.7,75.7,2.0,0.0,6919.4,553.5,94.2,119.8,79.5,94.1,119.6,75.6,10.0,2.9,0.0,50.0,94.1
2013-06-21 15:30:33,93.9,119.7,76.0,2.0,0.0,6916.3,553.3,94.1,119.8,78.6,93.9,119.6,75.7,10.0,2.8,0.0,50.0,93.9
2013-06-21 15:30:34,93.8,119.7,76.3,2.0,0.0,6921.7,553.7,93.9,119.7,78.9,93.8,119.5,75.7,10.0,2.8,0.0,50.0,93.8
2013-06-21 15:30:35,93.7,119.8,76.4,2.0,0.0,6909.8,552.7,93.8,119.8,78.9,93.7,119.6,75.8,10.0,2.7,0.0,50.0,93.7
2013-06-21 15:30:36,93.6,119.7,77.2,2.1,0.0,6908.4,552.6,93.7,119.8,79.9,93.6,119.6,75.9,10.0,2.7,0.0,50.0,93.6
2013-06-21 15:30:37,93.8,119.6,76.1,2.1,0.0,6905.2,552.4,93.8,119.8,78.6,93.6,119.6,75.5,10.0,2.7,0.0,50.0,93.8
2013-06-21 15:30:38,93.7,119.7,76.4,2.1,0.0,6910.8,552.8,93.8,119.8,78.7,93.7,119.6,75.6,10.0,2.6,0.0,50.0,93.7
2013-06-21 15:30:39,93.6,119.7,76.9,2.1,0.0,6899.6,551.9,93.7,119.8,78.7,93.6,119.6,75.7,10.0,2.6,0.0,50.0,93.6
2013-06-21 15:30:40,93.6,119.6,77.2,2.2,0.0,6896.8,551.7,93.6,119.7,78.7,93.6,119.5,75.8,10.0,2.6,0.0,50.0,93.6
2013-06-21 15:30:41,93.5,119.7,78.2,2.2,0.0,6894.6,551.5,93.6,119.7,78.7,93.5,119.5,76.0,10.0,2.6,0.0,50.0,93.5
2013-06-21 15:30:42,93.6,119.7,77.9,2.2,0.0,6893.6,551.4,93.6,119.7,81.4,93.5,119.6,77.4,10.0,2.5,0.0,50.0,93.6
2013-06-21 15:30:43,93.8,119.7,76.2,2.3,0.0,6899.3,551.9,93.8,119.7,78.8,93.6,119.5,76.0,10.0,2.5,0.0,50.0,93.8
2013-06-21 15:30:44,93.7,119.6,76.1,2.3,0.0,6889.1,551.1,93.8,119.8,78.8,93.7,119.6,76.0,10.0,2.5,0.0,50.0,93.7
2013-06-21 15:30:45,93.7,119.6,76.7,2.3,0.0,6886.9,550.9,93.7,119.7,80.6,93.7,119.5,75.9,10.0,2.4,0.0,50.0,93.7
2013-06-21 15:30:46,93.7,119.7,77.7,2.3,0.0,6884.6,550.7,93.7,119.8,78.7,93.7,119.6,75.8,10.0,2.4,0.0,50.0,93.7
2013-06-21 15:30:47,93.7,119.6,77.7,2.3,0.0,6891.4,551.3,93.7,119.7,79.8,93.7,119.5,77.0,10.0,2.4,0.0,50.0,93.7
2013-06-21 15:30:48,93.8,119.7,80.0,2.4,0.0,6882.7,550.6,93.8,119.7,81.0,93.7,119.4,76.5,10.0,2.4,0.0,50.0,93.8
2013-06-21 15:30:49,93.9,119.6,79.9,2.4,0.0,6881.5,550.5,93.9,119.7,80.0,93.8,119.6,77.1,10.0,2.3,0.0,50.0,93.9
2013-06-21 15:30:50,94.0,119.7,76.1,2.4,0.0,6879.6,550.3,94.0,119.7,79.9,93.9,119.5,75.9,10.0,2.3,0.0,50.0,94.0
2013-06-21 15:30:51,94.0,119.6,77.2,2.4,0.0,6877.6,550.2,94.0,119.8,79.0,94.0,119.6,75.5,10.0,2.3,0.0,50.0,94.0
2013-06-21 15:30:52,93.9,119.7,77.0,2.5,0.0,6875.4,550.0,94.0,119.8,78.9,93.9,119.6,75.6,10.0,2.3,0.0,50.0,93.9
2013-06-21 15:30:53,93.9,119.8,75.7,2.5,0.0,6874.4,549.9,93.9,119.8,80.2,93.9,119.6,75.7,10.0,2.2,0.0,50.0,93.9
2013-06-21 15:30:54,93.9,119.8,78.3,2.5,0.0,6873.5,549.8,93.9,119.8,80.0,93.9,119.7,75.7,10.0,2.2,0.0,50.0,93.9
2013-06-21 15:30:55,94.0,119.8,75.9,2.6,0.0,6871.5,549.7,94.0,119.8,81.2,93.9,119.6,75.8,10.0,2.2,0.0,50.0,94.0
2013-06-21 15:30:56,93.9,119.8,75.7,2.6,0.0,6876.5,550.1,94.0,119.8,79.3,93.9,119.6,75.6,10.0,2.2,0.0,50.0,93.9
2013-06-21 15:30:57,93.8,119.7,77.4,2.6,0.0,6867.6,549.4,93.9,119.8,79.2,93.8,119.6,75.6,10.0,2.1,0.0,50.0,93.8
2013-06-21 15:30:58,93.7,119.7,77.0,2.6,0.0,6865.8,549.2,93.8,119.8,79.1,93.7,119.7,75.9,10.0,2.1,0.0,50.0,93.7
2013-06-21 15:30:59,93.7,119.8,77.2,2.7,0.0,6865.2,549.2,93.7,119.8,80.7,93.7,119.7,77.0,10.0,2.1,0.0,50.0,93.7
2013-06-21 15:31:00,93.9,119.8,76.9,2.7,0.0,6864.4,549.1,93.9,119.8,80.3,93.7,119.6,76.9,10.0,2.1,0.0,50.0,93.9
2013-06-21 15:31:01,94.0,119.8,75.9,2.7,0.0,6863.0,549.0,94.0,119.8,79.3,93.9,119.6,75.8,10.0,2.1,0.0,50.0,94.0
2013-06-21 15:31:02,93.9,119.7,75.9,2.7,0.0,6861.5,548.9,94.0,119.8,80.8,93.9,119.7,75.7,10.0,2.0,0.0,50.0,93.9
2013-06-21 15:31:03,93.9,119.7,76.0,2.8,0.0,6859.5,548.7,93.9,119.8,78.8,93.9,119.6,75.8,10.0,2.0,0.0,50.0,93.9
2013-06-21 15:31:04,93.8,119.8,76.0,2.8,0.0,6858.1,548.6,93.9,119.8,78.8,93.8,119.5,75.9,10.0,2.0,0.0,50.0,93.8
2013-06-21 15:31:05,93.7,119.8,76.0,2.8,0.0,6856.5,548.5,93.8,119.8,79.7,93.7,119.7,76.0,10.0,2.0,0.0,50.0,93.7
2013-06-21 15:31:06,93.6,119.7,77.5,2.8,0.0,6855.5,548.4,93.7,119.8,79.9,93.6,119.6,75.7,10.0,2.0,0.0,50.0,93.6
2013-06-21 15:31:07,93.9,119.7,76.6,2.9,0.0,6854.3,548.3,93.9,119.8,79.5,93.6,119.6,75.7,10.0,1.9,0.0,50.0,93.9
2013-06-21 15:31:08,93.7,119.9,77.3,2.9,0.0,6852.8,548.2,93.9,119.9,78.8,93.7,119.7,75.8,10.0,1.9,0.0,50.0,93.7
2013-06-21 15:31:09,93.7,119.8,77.5,2.9,0.0,6850.9,548.0,93.7,119.9,78.6,93.7,119.7,75.7,10.0,1.9,0.0,50.0,93.7
2013-06-21 15:31:10,93.6,119.7,78.3,2.9,0.0,6849.7,547.9,93.7,119.8,78.8,93.6,119.7,75.7,10.0,1.9,0.0,50.0,93.6
2013-06-21 15:31:11,93.6,119.9,76.1,3.0,0.0,6848.0,547.8,93.6,119.9,78.7,93.6,119.7,75.8,10.0,1.9,0.0,50.0,93.6
2013-06-21 15:31:12,93.6,119.8,77.1,3.0,0.0,6853.1,548.2,93.6,119.9,78.7,93.6,119.7,76.1,10.0,1.9,0.0,50.0,93.6
2013-06-21 15:31:13,93.7,119.8,76.0,3.0,0.0,6846.1,547.6,93.7,119.9,80.0,93.6,119.7,75.7,10.0,1.8,0.0,50.0,93.7
2013-06-21 15:31:14,93.6,119.8,76.8,3.0,0.0,6844.7,547.5,93.7,119.9,78.6,93.6,119.7,75.8,10.0,1.8,0.0,50.0,93.6
2013-06-21 15:31:15,93.7,119.9,75.6,3.1,0.0,6843.1,547.4,93.7,119.9,78.9,93.6,119.7,75.5,10.0,1.8,0.0,50.0,93.7
2013-06-21 15:31:16,93.5,119.9,76.7,3.1,0.0,6841.9,547.3,93.7,120.0,79.1,93.5,119.8,75.5,10.0,1.8,0.0,50.0,93.5
2013-06-21 15:31:17,93.5,119.8,77.3,3.1,0.0,6840.5,547.2,93.5,120.0,78.4,93.5,119.7,75.6,10.0,1.8,0.0,50.0,93.5
2013-06-21 15:31:18,93.5,119.9,77.2,3.1,0.0,6840.0,547.2,93.5,119.9,80.0,93.5,119.8,75.8,10.0,1.8,0.0,50.0,93.5
2013-06-21 15:31:19,93.6,119.8,75.7,3.2,0.0,6844.5,547.5,93.6,120.0,80.5,93.5,119.7,75.7,10.0,1.7,0.0,50.0,93.6
2013-06-21 15:31:20,93.6,119.8,79.3,3.2,0.0,6837.9,547.0,93.6,119.9,79.3,93.6,119.7,75.5,10.0,1.7,0.0,50.0,93.6
2013-06-21 15:31:21,93.7,119.8,75.9,3.2,0.0,6836.7,546.9,93.7,119.9,79.4,93.6,119.7,75.9,10.0,1.7,0.0,50.0,93.7
2013-06-21 15:31:22,93.6,119.9,75.7,3.2,0.0,6835.4,546.8,93.7,119.9,79.8,93.6,119.7,75.6,10.0,1.7,0.0,50.0,93.6
2013-06-21 15:31:23,93.6,119.8,76.6,3.3,0.0,6834.1,546.7,93.6,119.9,78.4,93.6,119.8,75.6,10.0,1.7,0.0,50.0,93.6
2013-06-21 15:31:24,93.5,119.8,77.1,3.3,0.0,6833.0,546.6,93.6,119.9,78.5,93.5,119.7,75.8,10.0,1.7,0.0,50.0,93.5
2013-06-21 15:31:25,93.5,119.7,76.1,3.3,0.0,6837.9,547.0,93.5,119.8,80.8,93.5,119.6,76.1,10.0,1.7,0.0,50.0,93.5
2013-06-21 15:31:26,93.6,119.8,76.2,3.4,0.0,6831.2,546.5,93.6,119.9,78.9,93.5,119.7,75.6,10.0,1.6,0.0,50.0,93.6
2013-06-21 15:31:27,93.6,119.7,77.8,3.4,0.0,6830.3,546.4,93.6,119.8,80.2,93.6,119.6,75.6,10.0,1.6,0.0,50.0,93.6
2013-06-21 15:31:28,93.6,119.6,77.2,3.4,0.0,6835.0,546.8,93.6,119.8,80.2,93.6,119.5,76.9,10.0,1.6,0.0,50.0,93.6
2013-06-21 15:31:29,93.7,119.8,77.3,3.4,0.0,6828.3,546.2,93.7,119.8,79.2,93.6,119.5,75.4,10.0,1.6,0.0,50.0,93.7
2013-06-21 15:31:30,93.6,119.7,80.1,3.5,0.0,6827.4,546.1,93.7,119.8,80.4,93.6,119.7,75.5,10.0,1.6,0.0,50.0,93.6
2013-06-21 15:31:31,93.6,119.8,79.4,3.5,0.0,6827.1,546.1,93.6,119.8,80.1,93.6,119.7,77.0,10.0,1.6,0.0,50.0,93.6
2013-06-21 15:31:32,93.8,119.8,76.3,3.5,0.0,6826.2,546.1,93.8,119.9,80.6,93.6,119.7,75.7,10.0,1.6,0.0,50.0,93.8
2013-06-21 15:31:33,93.8,119.9,76.8,3.5,0.0,6825.3,546.0,93.8,119.9,78.9,93.8,119.7,75.7,10.0,1.6,0.0,50.0,93.8
2013-06-21 15:31:34,93.7,119.9,77.2,3.6,0.0,6824.3,545.9,93.8,119.9,78.8,93.7,119.7,75.5,10.0,1.5,0.0,50.0,93.7
2013-06-21 15:31:35,93.6,119.8,76.8,3.6,0.0,6827.9,546.2,93.7,119.9,78.7,93.6,119.7,75.5,10.0,1.5,0.0,50.0,93.6
2013-06-21 15:31:36,93.5,119.8,77.5,3.6,0.0,6822.1,545.7,93.6,119.9,79.4,93.5,119.7,75.7,10.0,1.5,0.0,50.0,93.5
2013-06-21 15:31:37,93.6,119.8,77.6,3.6,0.0,6822.0,545.7,93.6,119.9,80.0,93.5,119.7,77.1,10.0,1.5,0.0,50.0,93.6
2013-06-21 15:31:38,93.8,119.9,75.7,3.7,0.0,6821.4,545.7,93.8,119.9,80.0,93.6,119.8,75.6,10.0,1.5,0.0,50.0,93.8
2013-06-21 15:31:39,93.8,119.8,75.5,3.7,0.0,6820.3,545.6,93.8,119.9,80.5,93.8,119.7,75.4,10.0,1.5,0.0,50.0,93.8
2013-06-21 15:31:40,93.6,119.8,76.7,3.7,0.0,6819.3,545.5,93.8,119.9,78.5,93.6,119.7,75.5,10.0,1.5,0.0,50.0,93.6
2013-06-21 15:31:41,93.6,119.9,75.6,3.8,0.0,6817.8,545.4,93.6,119.9,78.6,93.6,119.7,75.6,10.0,1.5,0.0,50.0,93.6
2013-06-21 15:31:42,93.5,119.8,77.2,3.8,0.0,6817.2,545.3,93.6,119.9,79.8,93.5,119.7,75.6,10.0,1.5,0.0,50.0,93.5
2013-06-21 15:31:43,93.6,119.8,78.0,3.8,0.0,6816.9,545.3,93.6,119.9,80.1,93.5,119.7,76.2,10.0,1.5,0.0,50.0,93.6
2013-06-21 15:31:44,93.6,119.9,75.6,3.8,0.0,6815.7,545.2,93.6,119.9,78.5,93.6,119.7,75.6,10.0,1.4,0.0,50.0,93.6
2013-06-21 15:31:45,93.5,119.8,75.7,3.8,0.0,6814.7,545.1,93.6,119.9,78.6,93.5,119.7,75.5,10.0,1.4,0.0,50.0,93.5
2013-06-21 15:31:46,93.5,119.8,77.7,3.9,0.0,6813.7,545.1,93.5,119.9,78.5,93.5,119.7,75.6,10.0,1.4,0.0,50.0,93.5
2013-06-21 15:31:47,93.5,119.9,76.0,3.9,0.0,6817.2,545.3,93.5,119.9,78.4,93.5,119.7,75.8,10.0,1.4,0.0,50.0,93.5
2013-06-21 15:31:48,93.4,119.9,77.7,3.9,0.0,6812.1,544.9,93.5,119.9,79.8,93.4,119.7,75.8,10.0,1.4,0.0,50.0,93.4
2013-06-21 15:31:49,93.5,119.8,77.0,3.9,0.0,6811.7,544.9,93.5,119.9,78.7,93.4,119.8,76.2,10.0,1.4,0.0,50.0,93.5
2013-06-21 15:31:50,93.5,120.0,77.1,4.0,0.0,6810.9,544.8,93.5,120.0,78.6,93.5,119.7,75.7,10.0,1.4,0.0,50.0,93.5
2013-06-21 15:31:51,93.5,119.8,78.8,4.0,0.0,6810.1,544.8,93.5,120.0,78.8,93.5,119.8,75.9,10.0,1.4,0.0,50.0,93.5
2013-06-21 15:31:52,93.5,119.9,76.3,4.0,0.0,6808.9,544.7,93.5,120.0,78.8,93.5,119.8,75.6,10.0,1.4,0.0,50.0,93.5
2013-06-21 15:31:53,93.4,120.0,75.6,4.0,0.0,6812.4,544.9,93.5,120.0,79.2,93.4,119.8,75.6,10.0,1.4,0.0,50.0,93.4
2013-06-21 15:31:54,93.4,120.0,77.1,4.1,0.0,6807.8,544.6,93.4,120.0,79.2,93.4,119.8,75.6,10.0,1.3,0.0,50.0,93.4
2013-06-21 15:31:55,93.6,119.9,75.7,4.1,0.0,6807.0,544.5,93.6,120.0,79.9,93.4,119.8,75.6,10.0,1.3,0.0,50.0,93.6
2013-06-21 15:31:56,93.6,120.0,76.8,4.1,0.0,6810.7,544.8,93.6,120.0,80.1,93.6,119.8,75.6,10.0,1.3,0.0,50.0,93.6
2013-06-21 15:31:57,93.5,119.9,76.1,4.2,0.0,6806.3,544.5,93.6,120.0,79.8,93.5,119.8,76.1,10.0,1.3,0.0,50.0,93.5
2013-06-21 15:31:58,93.6,120.0,75.4,4.2,0.0,6805.2,544.4,93.6,120.1,78.3,93.5,119.9,75.3,10.0,1.3,0.0,50.0,93.6
2013-06-21 15:31:59,93.5,120.0,75.5,4.2,0.0,6808.4,544.6,93.6,120.2,79.3,93.5,120.0,75.3,10.0,1.3,0.0,50.0,93.5
2013-06-21 15:32:00,93.4,120.0,77.3,4.2,0.0,6803.7,544.3,93.5,120.1,78.7,93.4,119.9,75.5,10.0,1.3,0.0,50.0,93.4
2013-06-21 15:32:01,93.5,120.1,75.8,4.3,0.0,6803.4,544.2,93.5,120.1,80.6,93.4,119.9,75.8,10.0,1.3,0.0,50.0,93.5
2013-06-21 15:32:02,93.5,120.0,76.8,4.3,0.0,6806.9,544.5,93.5,120.1,79.8,93.5,119.9,75.4,10.0,1.3,0.0,50.0,93.5
2013-06-21 15:32:03,93.6,119.9,76.5,4.3,0.0,6802.5,544.2,93.6,120.0,80.8,93.5,119.9,76.4,10.0,1.3,0.0,50.0,93.6
2013-06-21 15:32:04,93.6,120.1,75.6,4.3,0.0,6801.5,544.1,93.6,120.1,79.0,93.6,119.9,75.4,10.0,1.3,0.0,50.0,93.6
2013-06-21 15:32:05,93.5,120.1,75.5,4.4,0.0,6804.7,544.3,93.6,120.1,79.1,93.5,119.9,75.5,10.0,1.3,0.0,50.0,93.5
2013-06-21 15:32:06,93.5,120.0,78.4,4.4,0.0,6800.3,544.0,93.5,120.1,79.3,93.5,119.8,75.5,10.0,1.2,0.0,50.0,93.5
2013-06-21 15:32:07,93.6,120.1,75.7,4.4,0.0,6799.9,543.9,93.6,120.1,79.7,93.5,119.9,75.7,10.0,1.2,0.0,50.0,93.6
2013-06-21 15:32:08,93.6,120.0,75.9,4.4,0.0,6799.0,543.9,93.6,120.1,78.7,93.6,119.9,75.4,10.0,1.2,0.0,50.0,93.6
2013-06-21 15:32:09,93.5,119.9,78.3,4.5,0.0,6798.3,543.8,93.6,120.0,78.5,93.5,119.8,75.5,10.0,1.2,0.0,50.0,93.5
2013-06-21 15:32:10,93.5,119.9,76.7,4.5,0.0,6797.5,543.8,93.5,120.0,78.5,93.5,119.9,75.6,10.0,1.2,0.0,50.0,93.5
2013-06-21 15:32:11,93.4,120.0,76.8,4.5,0.0,6796.8,543.7,93.5,120.1,78.3,93.4,119.9,75.3,10.0,1.2,0.0,50.0,93.4
2013-06-21 15:32:12,93.4,120.0,80.3,4.6,0.0,6796.1,543.6,93.4,120.1,80.3,93.4,119.9,75.4,10.0,1.2,0.0,50.0,93.4
2013-06-21 15:32:13,93.4,120.0,77.5,4.6,0.0,6795.9,543.6,93.4,120.0,80.7,93.4,119.9,76.8,10.0,1.2,0.0,50.0,93.4
2013-06-21 15:32:14,93.6,120.1,75.7,4.6,0.0,6795.7,543.6,93.6,120.1,80.0,93.4,119.9,75.7,10.0,1.2,0.0,50.0,93.6
2013-06-21 15:32:15,93.6,119.9,75.6,4.6,0.0,6794.8,543.5,93.6,120.1,78.5,93.6,119.9,75.6,10.0,1.2,0.0,50.0,93.6
2013-06-21 15:32:16,93.6,119.9,75.5,4.6,0.0,6794.1,543.5,93.6,120.0,80.0,93.6,119.9,75.5,10.0,1.2,0.0,50.0,93.6
2013-06-21 15:32:17,93.5,120.1,75.7,4.7,0.0,6793.4,543.4,93.6,120.1,78.3,93.5,119.9,75.5,10.0,1.2,0.0,50.0,93.5
2013-06-21 15:32:18,93.4,120.0,77.1,4.7,0.0,6792.8,543.4,93.5,120.1,78.4,93.4,119.9,75.6,10.0,1.2,0.0,50.0,93.4
2013-06-21 15:32:19,93.5,119.9,75.9,4.7,0.0,6796.4,543.7,93.5,120.0,80.8,93.4,119.9,75.8,10.0,1.2,0.0,50.0,93.5
2013-06-21 15:32:20,93.5,119.9,75.6,4.7,0.0,6792.0,543.3,93.5,120.1,78.4,93.5,119.9,75.6,10.0,1.1,0.0,50.0,93.5
2013-06-21 15:32:21,93.5,119.9,75.7,4.8,0.0,6791.1,543.2,93.5,120.0,78.3,93.5,119.9,75.4,10.0,1.1,0.0,50.0,93.5
2013-06-21 15:32:22,93.4,120.0,75.9,4.8,0.0,6794.1,543.5,93.5,120.0,78.5,93.4,119.8,75.6,10.0,1.1,0.0,50.0,93.4
2013-06-21 15:32:23,93.3,120.0,77.0,4.8,0.0,6789.9,543.1,93.4,120.1,78.6,93.3,119.9,75.5,10.0,1.1,0.0,50.0,93.3
2013-06-21 15:32:24,93.3,119.9,77.6,4.9,0.0,6789.5,543.1,93.3,120.1,78.6,93.3,119.8,75.8,10.0,1.1,0.0,50.0,93.3
2013-06-21 15:32:25,93.4,120.0,76.0,4.9,0.0,6789.3,543.1,93.4,120.0,79.8,93.3,119.7,75.8,10.0,1.1,0.0,50.0,93.4
2013-06-21 15:32:26,93.5,120.0,76.9,4.9,0.0,6788.6,543.0,93.5,120.1,78.6,93.4,119.8,75.4,10.0,1.1,0.0,50.0,93.5
2013-06-21 15:32:27,93.4,120.0,76.6,4.9,0.0,6787.8,543.0,93.5,120.1,78.5,93.4,119.9,75.3,10.0,1.1,0.0,50.0,93.4
2013-06-21 15:32:28,93.3,120.0,77.0,5.0,0.0,6787.3,542.9,93.4,120.0,78.5,93.3,119.8,75.5,10.0,1.1,0.0,50.0,93.3
2013-06-21 15:32:29,93.3,120.0,77.5,5.0,0.0,6786.7,542.9,93.3,120.0,79.0,93.3,119.8,75.5,10.0,1.1,0.0,50.0,93.3
2013-06-21 15:32:30,93.3,119.9,77.5,5.0,0.0,6786.1,542.8,93.3,120.1,79.5,93.3,119.9,75.3,10.0,1.1,0.0,50.0,93.3
2013-06-21 15:32:31,93.3,119.9,78.0,5.0,0.0,6789.1,543.1,93.3,120.0,78.9,93.3,119.8,75.6,10.0,1.1,0.0,50.0,93.3
2013-06-21 15:32:32,93.4,119.9,79.1,5.1,0.0,6785.6,542.8,93.4,119.9,80.6,93.3,119.8,76.8,10.0,1.1,0.0,50.0,93.4
2013-06-21 15:32:33,93.5,119.9,78.4,5.1,0.0,6784.9,542.7,93.5,120.0,79.1,93.4,119.9,75.5,10.0,1.1,0.0,50.0,93.5
2013-06-21 15:32:34,93.4,120.0,75.7,5.1,0.0,6784.2,542.7,93.5,120.0,78.4,93.4,119.8,75.3,10.0,1.1,0.0,50.0,93.4
2013-06-21 15:32:35,93.4,120.1,77.3,5.1,0.0,6783.5,542.6,93.4,120.1,78.3,93.4,119.8,75.3,10.0,1.1,0.0,50.0,93.4
2013-06-21 15:32:36,93.3,119.9,76.9,5.2,0.0,6783.0,542.6,93.4,120.1,80.1,93.3,119.9,75.3,10.0,1.1,0.0,50.0,93.3
2013-06-21 15:32:37,93.4,120.0,76.9,5.2,0.0,6783.0,542.6,93.4,120.0,80.9,93.3,119.8,76.9,10.0,1.0,0.0,50.0,93.4
2013-06-21 15:32:38,93.5,119.8,75.6,5.2,0.0,6782.7,542.6,93.5,120.0,80.6,93.4,119.8,75.6,10.0,1.0,0.0,50.0,93.5
2013-06-21 15:32:39,93.6,119.9,75.3,5.2,0.0,6782.2,542.5,93.6,120.0,79.3,93.5,119.7,75.3,10.0,1.0,0.0,50.0,93.6
2013-06-21 15:32:40,93.5,120.0,75.3,5.3,0.0,6781.5,542.5,93.6,120.1,78.8,93.5,119.9,75.2,10.0,1.0,0.0,50.0,93.5
2013-06-21 15:32:41,93.4,119.9,75.5,5.3,0.0,6780.8,542.4,93.5,120.0,78.5,93.4,119.8,75.3,10.0,1.0,0.0,50.0,93.4
2013-06-21 15:32:42,93.3,119.9,77.0,5.3,0.0,6780.6,542.4,93.4,120.0,78.8,93.3,119.8,75.5,10.0,1.0,0.0,50.0,93.3
2013-06-21 15:32:43,93.4,119.9,75.8,5.4,0.0,6780.5,542.4,93.4,120.0,80.0,93.3,119.8,75.8,10.0,1.0,0.0,50.0,93.4
2013-06-21 15:32:44,93.5,120.0,75.5,5.4,0.0,6779.9,542.3,93.5,120.1,78.6,93.4,119.9,75.5,10.0,1.0,0.0,50.0,93.5
2013-06-21 15:32:45,93.5,119.9,75.7,5.4,0.0,6779.6,542.3,93.5,120.0,78.7,93.5,119.8,75.5,10.0,1.0,0.0,50.0,93.5
2013-06-21 15:32:46,93.5,120.0,75.8,5.4,0.0,6779.1,542.3,93.5,120.0,78.8,93.5,119.8,75.6,10.0,1.0,0.0,50.0,93.5
2013-06-21 15:32:47,93.4,119.9,76.9,5.4,0.0,6778.6,542.2,93.5,120.0,78.5,93.4,119.9,75.6,10.0,1.0,0.0,50.0,93.4
2013-06-21 15:32:48,93.5,119.9,77.1,5.5,0.0,6778.8,542.3,93.5,120.1,79.8,93.4,119.8,76.9,10.0,1.0,0.0,50.0,93.5
2013-06-21 15:32:49,93.7,120.0,76.1,5.5,0.0,6778.7,542.3,93.7,120.0,81.0,93.5,119.8,76.1,10.0,1.0,0.0,50.0,93.7
2013-06-21 15:32:50,93.7,119.8,75.9,5.5,0.0,6778.1,542.2,93.7,120.0,78.6,93.7,119.8,75.5,10.0,1.0,0.0,50.0,93.7
2013-06-21 15:32:51,93.6,119.9,76.0,5.5,0.0,6777.5,542.2,93.7,119.9,78.5,93.6,119.8,75.6,10.0,1.0,0.0,50.0,93.6
2013-06-21 15:32:52,93.5,119.8,77.7,5.6,0.0,6777.1,542.1,93.6,120.0,80.8,93.5,119.8,75.6,10.0,1.0,0.0,50.0,93.5
2013-06-21 15:32:53,93.5,119.9,77.0,5.6,0.0,6776.5,542.1,93.5,119.9,78.5,93.5,119.8,75.7,10.0,1.0,0.0,50.0,93.5
2013-06-21 15:32:54,93.4,119.8,79.9,5.6,0.0,6776.4,542.1,93.5,119.9,79.9,93.4,119.7,75.6,10.0,1.0,0.0,50.0,93.4
2013-06-21 15:32:55,93.6,119.8,77.7,5.7,0.0,6776.0,542.0,93.6,120.0,79.9,93.4,119.8,75.5,10.0,1.0,0.0,50.0,93.6
2013-06-21 15:32:56,93.6,119.8,75.8,5.7,0.0,6775.5,542.0,93.6,119.9,79.5,93.6,119.7,75.8,10.0,1.0,0.0,50.0,93.6
2013-06-21 15:32:57,93.5,119.9,75.9,5.7,0.0,6778.2,542.2,93.6,119.9,78.7,93.5,119.7,75.8,10.0,0.9,0.0,50.0,93.5
2013-06-21 15:32:58,93.5,119.8,78.2,5.7,0.0,6774.9,541.9,93.5,120.0,79.4,93.5,119.8,75.8,10.0,0.9,0.0,50.0,93.5
2013-06-21 15:32:59,93.5,119.9,75.9,5.8,0.0,6774.3,541.9,93.5,119.9,79.0,93.5,119.7,75.9,10.0,0.9,0.0,50.0,93.5
2013-06-21 15:33:00,93.5,119.9,77.1,5.8,0.0,6774.4,541.9,93.5,119.9,79.5,93.5,119.5,75.9,10.0,0.9,0.0,50.0,93.5
2013-06-21 15:33:01,93.6,119.8,76.8,5.8,0.0,6774.1,541.9,93.6,119.9,79.4,93.5,119.8,75.8,10.0,0.9,0.0,50.0,93.6
2013-06-21 15:33:02,93.6,119.9,75.8,5.8,0.0,6773.6,541.8,93.6,119.9,78.6,93.6,119.7,75.8,10.0,0.9,0.0,50.0,93.6
2013-06-21 15:33:03,93.5,119.8,75.5,5.9,0.0,6773.2,541.8,93.6,119.9,78.6,93.5,119.7,75.5,10.0,0.9,0.0,50.0,93.5
2013-06-21 15:33:04,93.4,119.9,75.6,5.9,0.0,6772.5,541.8,93.5,120.0,78.2,93.4,119.8,75.4,10.0,0.9,0.0,50.0,93.4
2013-06-21 15:33:05,93.4,119.9,75.7,5.9,0.0,6772.1,541.7,93.4,120.0,78.4,93.4,119.8,75.5,10.0,0.9,0.0,50.0,93.4
2013-06-21 15:33:06,93.3,119.9,77.3,5.9,0.0,6771.9,541.7,93.4,119.9,79.7,93.3,119.8,75.6,10.0,0.9,0.0,50.0,93.3
2013-06-21 15:33:07,93.5,119.9,76.1,6.0,0.0,6771.8,541.7,93.5,119.9,79.8,93.3,119.8,76.1,10.0,0.9,0.0,50.0,93.5
2013-06-21 15:33:08,93.6,119.7,75.7,6.0,0.0,6774.3,541.9,93.6,119.9,78.4,93.5,119.7,75.5,10.0,0.9,0.0,50.0,93.6
2013-06-21 15:33:09,93.4,119.9,75.8,6.0,0.0,6770.8,541.6,93.6,119.9,80.1,93.4,119.7,75.4,10.0,0.9,0.0,50.0,93.4
2013-06-21 15:33:10,93.4,119.9,75.9,6.0,0.0,6770.3,541.6,93.4,119.9,78.9,93.4,119.8,75.5,10.0,0.9,0.0,50.0,93.4
2013-06-21 15:33:11,93.3,119.8,76.6,6.1,0.0,6770.0,541.6,93.4,120.0,79.8,93.3,119.8,75.7,10.0,0.9,0.0,50.0,93.3
2013-06-21 15:33:12,93.3,119.9,77.8,6.1,0.0,6770.0,541.6,93.3,119.9,82.0,93.3,119.7,75.7,10.0,0.9,0.0,50.0,93.3
2013-06-21 15:33:13,93.5,119.9,77.1,6.1,0.0,6769.8,541.5,93.5,120.0,79.2,93.3,119.9,76.1,10.0,0.9,0.0,50.0,93.5
2013-06-21 15:33:14,93.5,119.8,77.1,6.1,0.0,6769.3,541.5,93.5,119.9,79.0,93.5,119.7,75.5,10.0,0.9,0.0,50.0,93.5
2013-06-21 15:33:15,93.5,119.8,79.2,6.2,0.0,6771.7,541.7,93.5,119.9,79.2,93.5,119.7,75.6,10.0,0.9,0.0,50.0,93.5
2013-06-21 15:33:16,93.4,119.8,77.9,6.2,0.0,6768.3,541.4,93.5,119.9,79.2,93.4,119.7,75.6,10.0,0.9,0.0,50.0,93.4
2013-06-21 15:33:17,93.4,119.9,76.2,6.2,0.0,6767.9,541.4,93.4,119.9,79.5,93.4,119.7,75.7,10.0,0.9,0.0,50.0,93.4
2013-06-21 15:33:18,93.4,119.7,78.9,6.2,0.0,6767.9,541.4,93.4,119.9,80.4,93.4,119.7,76.2,10.0,0.9,0.0,50.0,93.4
2013-06-21 15:33:19,93.6,119.8,76.9,6.3,0.0,6770.4,541.6,93.6,119.8,80.3,93.4,119.6,75.6,10.0,0.9,0.0,50.0,93.6
2013-06-21 15:33:20,93.5,119.7,77.2,6.3,0.0,6767.2,541.3,93.6,119.8,78.7,93.5,119.6,75.7,10.0,0.9,0.0,50.0,93.5
2013-06-21 15:33:21,93.4,119.7,77.9,6.3,0.0,6766.8,541.3,93.5,119.8,78.7,93.4,119.6,75.5,10.0,0.8,0.0,50.0,93.4
2013-06-21 15:33:22,93.4,119.6,76.0,6.3,0.0,6768.9,541.5,93.4,119.8,78.6,93.4,119.6,75.5,10.0,0.8,0.0,50.0,93.4
2013-06-21 15:33:23,93.3,119.8,75.9,6.4,0.0,6765.8,541.2,93.4,119.8,78.7,93.3,119.6,75.7,10.0,0.8,0.0,50.0,93.3
2013-06-21 15:33:24,93.3,119.7,79.2,6.4,0.0,6765.6,541.2,93.3,119.8,79.2,93.3,119.7,75.7,10.0,0.8,0.0,50.0,93.3
2013-06-21 15:33:25,93.3,119.7,76.1,6.4,0.0,6765.4,541.2,93.3,119.8,80.2,93.3,119.6,76.0,10.0,0.8,0.0,50.0,93.3
2013-06-21 15:33:26,93.4,119.7,76.0,6.5,0.0,6767.9,541.4,93.4,119.8,80.6,93.3,119.6,75.8,10.0,0.8,0.0,50.0,93.4
2013-06-21 15:33:27,93.4,119.8,75.9,6.5,0.0,6764.7,541.1,93.4,119.8,78.4,93.4,119.7,75.6,10.0,0.8,0.0,50.0,93.4
2013-06-21 15:33:28,93.4,119.7,76.0,6.5,0.0,6764.3,541.1,93.4,119.8,78.6,93.4,119.7,75.7,10.0,0.8,0.0,50.0,93.4
2013-06-21 15:33:29,93.3,119.8,76.1,6.5,0.0,6764.0,541.1,93.4,119.9,80.5,93.3,119.6,75.7,10.0,0.8,0.0,50.0,93.3
2013-06-21 15:33:30,93.3,119.8,77.6,6.6,0.0,6763.6,541.0,93.3,119.9,78.6,93.3,119.7,75.7,10.0,0.8,0.0,50.0,93.3
2013-06-21 15:33:31,93.4,119.9,76.1,6.6,0.0,6763.6,541.0,93.4,119.9,80.4,93.3,119.7,76.0,10.0,0.8,0.0,50.0,93.4
2013-06-21 15:33:32,93.4,119.7,76.4,6.6,0.0,6765.9,541.2,93.4,119.9,79.3,93.4,119.7,75.5,10.0,0.8,0.0,50.0,93.4
2013-06-21 15:33:33,93.4,119.7,76.5,6.6,0.0,6762.8,541.0,93.4,119.8,78.5,93.4,119.7,75.5,10.0,0.8,0.0,50.0,93.4
2013-06-21 15:33:34,93.3,119.9,77.1,6.7,0.0,6762.4,540.9,93.4,119.9,78.7,93.3,119.7,75.6,10.0,0.8,0.0,50.0,93.3
2013-06-21 15:33:35,93.3,119.7,77.5,6.7,0.0,6764.7,541.1,93.3,119.9,78.8,93.3,119.7,75.8,10.0,0.8,0.0,50.0,93.3
2013-06-21 15:33:36,93.2,119.8,79.2,6.7,0.0,6762.0,540.9,93.3,119.9,79.2,93.2,119.7,76.0,10.0,0.8,0.0,50.0,93.2
2013-06-21 15:33:37,93.3,119.9,76.5,6.7,0.0,6761.5,540.9,93.3,120.0,79.2,93.2,119.7,75.5,10.0,0.8,0.0,50.0,93.3
2013-06-21 15:33:38,93.3,119.8,75.9,6.8,0.0,6761.1,540.8,93.3,119.9,78.6,93.3,119.8,75.5,10.0,0.8,0.0,50.0,93.3
2013-06-21 15:33:39,93.2,119.9,75.8,6.8,0.0,6760.6,540.8,93.3,119.9,78.7,93.2,119.7,75.5,10.0,0.8,0.0,50.0,93.2
2013-06-21 15:33:40,93.2,119.9,75.8,6.8,0.0,6760.3,540.8,93.2,119.9,79.2,93.2,119.8,75.6,10.0,0.8,0.0,50.0,93.2
2013-06-21 15:33:41,93.2,119.8,77.3,6.8,0.0,6760.0,540.8,93.2,119.9,78.6,93.2,119.7,75.4,10.0,0.8,0.0,50.0,93.2
2013-06-21 15:33:42,93.3,119.9,76.9,6.9,0.0,6760.0,540.8,93.3,120.0,79.7,93.2,119.7,76.8,10.0,0.8,0.0,50.0,93.3
2013-06-21 15:33:43,93.3,119.8,75.7,6.9,0.0,6760.0,540.8,93.3,119.9,81.5,93.3,119.7,75.7,10.0,0.8,0.0,50.0,93.3
2013-06-21 15:33:44,93.5,119.9,76.6,6.9,0.0,6759.7,540.7,93.5,119.9,78.7,93.3,119.7,75.6,10.0,0.8,0.0,50.0,93.5
2013-06-21 15:33:45,93.4,119.9,75.6,6.9,0.0,6759.2,540.7,93.5,120.0,78.5,93.4,119.8,75.6,10.0,0.8,0.0,50.0,93.4
2013-06-21 15:33:46,93.3,119.9,75.6,7.0,0.0,6758.8,540.7,93.4,119.9,80.7,93.3,119.7,75.5,10.0,0.8,0.0,50.0,93.3
2013-06-21 15:33:47,93.3,119.9,78.8,7.0,0.0,6758.5,540.6,93.3,120.0,79.5,93.3,119.8,75.3,10.0,0.8,0.0,50.0,93.3
2013-06-21 15:33:48,93.3,119.9,77.1,7.0,0.0,6758.6,540.6,93.3,120.0,80.5,93.3,119.8,76.8,10.0,0.8,0.0,50.0,93.3
2013-06-21 15:33:49,93.5,120.0,75.8,7.0,0.0,6758.6,540.6,93.5,120.0,81.7,93.3,119.8,75.8,10.0,0.8,0.0,50.0,93.5
2013-06-21 15:33:50,93.6,119.9,76.5,7.1,0.0,6760.7,540.8,93.6,120.0,79.1,93.5,119.9,75.4,10.0,0.8,0.0,50.0,93.6
2013-06-21 15:33:51,93.5,120.0,75.5,7.1,0.0,6757.9,540.6,93.6,120.1,78.4,93.5,119.9,75.3,10.0,0.8,0.0,50.0,93.5
2013-06-21 15:33:52,93.4,120.0,75.6,7.1,0.0,6757.5,540.6,93.5,120.0,79.1,93.4,119.8,75.4,10.0,0.7,0.0,50.0,93.4
2013-06-21 15:33:53,93.4,119.9,76.0,7.1,0.0,6757.1,540.5,93.4,120.0,78.6,93.4,119.8,75.6,10.0,0.7,0.0,50.0,93.4
2013-06-21 15:33:54,93.3,119.9,77.6,7.2,0.0,6756.9,540.5,93.4,120.1,79.5,93.3,119.9,75.6,10.0,0.7,0.0,50.0,93.3
2013-06-21 15:33:55,93.4,120.0,76.9,7.2,0.0,6756.9,540.5,93.4,120.0,80.4,93.3,119.9,76.6,10.0,0.7,0.0,50.0,93.4
2013-06-21 15:33:56,93.5,119.9,76.9,7.2,0.0,6756.5,540.5,93.5,120.0,78.3,93.4,119.8,75.4,10.0,0.7,0.0,50.0,93.5
2013-06-21 15:33:57,93.4,119.9,78.5,7.3,0.0,6756.1,540.4,93.5,120.0,78.5,93.4,119.8,75.6,10.0,0.7,0.0,50.0,93.4
2013-06-21 15:33:58,93.3,119.8,76.4,7.3,0.0,6755.7,540.4,93.4,120.0,78.8,93.3,119.8,75.5,10.0,0.7,0.0,50.0,93.3
2013-06-21 15:33:59,93.3,119.8,75.8,7.3,0.0,6755.4,540.4,93.3,120.0,78.5,93.3,119.8,75.6,10.0,0.7,0.0,50.0,93.3
2013-06-21 15:34:00,93.3,119.9,76.9,7.3,0.0,6755.3,540.4,93.3,120.0,79.0,93.3,119.8,75.5,10.0,0.7,0.0,50.0,93.3
2013-06-21 15:34:01,93.4,119.9,75.8,7.4,0.0,6755.2,540.4,93.4,120.0,79.9,93.3,119.8,75.8,10.0,0.7,0.0,50.0,93.4
2013-06-21 15:34:02,93.5,120.0,75.7,7.4,0.0,6754.8,540.3,93.5,120.0,78.6,93.4,119.8,75.5,10.0,0.7,0.0,50.0,93.5
2013-06-21 15:34:03,93.4,119.9,75.7,7.4,0.0,6754.6,540.3,93.5,120.0,79.7,93.4,119.8,75.6,10.0,0.7,0.0,50.0,93.4
2013-06-21 15:34:04,93.3,120.0,76.2,7.4,0.0,6754.3,540.3,93.4,120.1,78.8,93.3,119.9,75.6,10.0,0.7,0.0,50.0,93.3
2013-06-21 15:34:05,93.3,120.0,75.9,7.5,0.0,6753.9,540.3,93.3,120.0,78.5,93.3,119.9,75.7,10.0,0.7,0.0,50.0,93.3
2013-06-21 15:34:06,93.2,120.0,77.3,7.5,0.0,6754.1,540.3,93.3,120.0,82.1,93.2,119.6,75.7,10.0,0.7,0.0,50.0,93.2
2013-06-21 15:34:07,93.5,120.1,76.7,7.5,0.0,6754.0,540.3,93.5,120.1,78.6,93.2,119.9,75.6,9.9,0.7,0.0,50.0,93.7
2013-06-21 15:34:08,93.5,120.1,75.9,7.5,0.0,6753.6,540.2,93.5,120.1,78.4,93.5,120.0,75.5,10.0,0.7,0.0,50.0,93.5
2013-06-21 15:34:09,93.4,120.0,76.2,7.6,0.0,6753.4,540.2,93.5,120.1,79.3,93.4,119.9,75.6,10.0,0.7,0.0,50.0,93.4
2013-06-21 15:34:10,93.4,120.0,77.8,7.6,0.0,6753.1,540.2,93.4,120.1,78.8,93.4,120.0,75.5,10.0,0.7,0.0,50.0,93.4
2013-06-21 15:34:11,93.4,120.1,76.4,7.6,0.0,6755.2,540.4,93.4,120.1,78.4,93.4,119.9,75.6,10.0,0.7,0.0,50.0,93.4
2013-06-21 15:34:12,93.3,120.1,77.7,7.7,0.0,6752.7,540.2,93.4,120.1,78.7,93.3,119.9,75.4,10.0,0.7,0.0,50.0,93.3
2013-06-21 15:34:13,93.5,120.0,78.6,7.7,0.0,6752.7,540.2,93.5,120.1,79.5,93.3,119.9,76.1,10.0,0.7,0.0,50.0,93.5
2013-06-21 15:34:14,93.5,119.9,77.2,7.7,0.0,6754.7,540.3,93.5,120.0,78.6,93.5,119.8,75.4,10.0,0.7,0.0,50.0,93.5
2013-06-21 15:34:15,93.4,119.9,77.0,7.7,0.0,6752.1,540.1,93.5,120.0,78.3,93.4,119.8,75.5,10.0,0.7,0.0,50.0,93.4
2013-06-21 15:34:16,93.4,120.0,78.0,7.7,0.0,6751.7,540.1,93.4,120.1,78.5,93.4,119.9,75.5,10.0,0.7,0.0,50.0,93.4
2013-06-21 15:34:17,93.4,120.0,78.0,7.8,0.0,6754.0,540.3,93.4,120.0,80.0,93.4,119.8,76.9,10.0,0.7,0.0,50.0,93.4
2013-06-21 15:34:18,93.5,119.9,79.6,7.8,0.0,6751.6,540.1,93.5,120.0,79.6,93.4,119.8,75.3,10.0,0.7,0.0,50.0,93.5
2013-06-21 15:34:19,93.5,119.9,76.0,7.8,0.0,6751.4,540.1,93.5,120.1,79.9,93.5,119.9,75.5,10.0,0.7,0.0,50.0,93.5
2013-06-21 15:34:20,93.6,119.9,77.2,7.8,0.0,6753.8,540.3,93.6,120.0,80.2,93.5,119.8,76.0,10.0,0.7,0.0,50.0,93.6
2013-06-21 15:34:21,93.8,120.0,75.7,7.9,0.0,6751.5,540.1,93.8,120.0,81.2,93.6,119.8,75.7,10.0,0.7,0.0,50.0,93.8
2013-06-21 15:34:22,93.7,119.8,76.9,7.9,0.0,6751.2,540.1,93.8,120.0,79.5,93.7,119.8,75.7,10.0,0.7,0.0,50.0,93.7
2013-06-21 15:34:23,93.8,119.9,75.4,7.9,0.0,6751.3,540.1,93.8,119.9,82.2,93.7,119.7,75.4,10.0,0.7,0.0,50.0,93.8
2013-06-21 15:34:24,93.7,119.9,76.9,7.9,0.0,6751.1,540.0,93.8,120.0,79.2,93.7,119.7,75.4,10.0,0.7,0.0,50.0,93.7
2013-06-21 15:34:25,93.7,120.0,75.5,8.0,0.0,6751.0,540.0,93.7,120.0,80.3,93.7,119.9,75.5,10.0,0.7,0.0,50.0,93.7
2013-06-21 15:34:26,93.7,119.7,76.9,8.0,0.0,6750.9,540.0,93.7,120.0,79.9,93.7,119.7,75.5,10.0,0.7,0.0,50.0,93.7
2013-06-21 15:34:27,93.8,119.9,76.2,8.0,0.0,6750.9,540.0,93.8,119.9,80.0,93.7,119.7,76.2,10.0,0.7,0.0,50.0,93.8
2013-06-21 15:34:28,93.8,119.8,77.3,8.1,0.0,6750.8,540.0,93.8,119.9,79.0,93.8,119.8,76.0,10.0,0.7,0.0,50.0,93.8
2013-06-21 15:34:29,93.8,120.0,76.0,8.1,0.0,6753.1,540.2,93.8,120.0,80.7,93.8,119.8,76.0,10.0,0.7,0.0,50.0,93.8
2013-06-21 15:34:30,93.9,119.8,78.5,8.1,0.0,6751.2,540.1,93.9,120.0,80.5,93.8,119.7,76.0,10.0,0.7,0.0,50.0,93.9
2013-06-21 15:34:31,94.2,119.9,76.3,8.1,0.0,6751.2,540.0,94.2,120.0,79.3,93.9,119.7,76.3,10.0,0.6,0.0,50.0,94.2
2013-06-21 15:34:32,94.1,119.9,76.1,8.2,0.0,6751.1,540.0,94.2,120.0,79.0,94.1,119.8,76.1,10.0,0.6,0.0,50.0,94.1
2013-06-21 15:34:33,94.1,119.9,77.6,8.2,0.0,6751.0,540.0,94.1,120.0,78.9,94.1,119.8,76.1,10.0,0.6,0.0,50.0,94.1
2013-06-21 15:34:34,94.0,119.9,76.4,8.2,0.0,6750.8,540.0,94.1,119.9,79.0,94.0,119.7,76.3,10.0,0.6,0.0,50.0,94.0
2013-06-21 15:34:35,94.0,119.7,80.0,8.2,0.0,6751.0,540.0,94.0,119.9,80.1,94.0,119.7,76.2,10.0,0.6,0.0,50.0,94.0
2013-06-21 15:34:36,94.3,119.8,83.4,8.3,0.0,6754.1,540.3,94.3,119.8,83.4,94.0,119.7,80.0,9.9,0.6,0.0,50.0,94.4
2013-06-21 15:34:37,100.2,119.7,87.2,8.3,0.0,6754.5,540.3,100.2,119.8,87.8,94.3,119.6,82.0,10.0,0.7,0.0,50.0,100.2
2013-06-21 15:34:38,105.4,119.7,85.8,8.3,0.0,6756.8,540.5,105.4,119.8,88.0,100.2,119.6,83.8,10.0,0.7,0.0,50.0,105.4
2013-06-21 15:34:39,105.2,119.7,85.2,8.4,0.0,6760.6,540.8,105.4,119.8,85.8,105.2,119.6,81.5,10.0,0.7,0.0,50.0,105.2
2013-06-21 15:34:40,104.8,119.7,82.8,8.4,0.0,6760.0,540.8,105.2,119.8,86.7,104.8,119.7,81.9,10.0,0.8,0.0,50.0,104.8
2013-06-21 15:34:41,104.4,119.8,82.2,8.4,0.0,6761.6,540.9,104.8,119.8,85.9,104.4,119.6,82.2,10.0,0.8,0.0,50.0,104.4
2013-06-21 15:34:42,104.0,119.8,81.6,8.4,0.0,6762.9,541.0,104.4,119.8,85.4,104.0,119.7,78.9,10.0,0.8,0.0,50.0,104.0
2013-06-21 15:34:43,103.6,119.7,80.6,8.5,0.0,6764.1,541.1,104.0,119.9,86.0,103.6,119.7,80.3,10.0,0.8,0.0,50.0,103.6
2013-06-21 15:34:44,103.0,119.9,84.4,8.5,0.0,6765.5,541.2,103.6,119.9,84.7,103.0,119.7,80.4,10.0,0.9,0.0,50.0,103.0
2013-06-21 15:34:45,102.8,119.8,81.8,8.5,0.0,6769.0,541.5,103.0,119.9,85.9,102.8,119.7,80.0,10.0,0.9,0.0,50.0,102.8
2013-06-21 15:34:46,102.6,119.7,79.7,8.5,0.0,6768.1,541.4,102.8,119.9,85.1,102.6,119.7,79.6,10.0,0.9,0.0,50.0,102.6
2013-06-21 15:34:47,102.2,119.7,81.8,8.6,0.0,6769.3,541.5,102.6,119.7,84.4,102.2,119.5,79.7,10.0,0.9,0.0,50.0,102.2
2013-06-21 15:34:48,101.9,119.6,81.5,8.6,0.0,6772.6,541.8,102.2,119.8,85.3,101.9,119.6,81.1,10.0,1.0,0.0,50.0,101.9
2013-06-21 15:34:49,101.8,119.6,86.5,8.6,0.0,6772.4,541.7,101.9,119.8,86.5,101.8,119.5,81.4,10.0,1.0,0.0,50.0,101.8
2013-06-21 15:34:50,102.0,119.6,85.4,8.7,0.0,6774.7,541.9,102.0,119.7,87.8,101.8,119.5,85.0,10.0,1.0,0.0,50.0,102.0
2013-06-21 15:34:51,102.4,119.6,81.2,8.7,0.0,6776.7,542.1,102.4,119.7,88.8,102.0,119.5,81.2,9.9,1.1,0.0,50.0,103.0
2013-06-21 15:34:52,102.5,119.6,85.5,8.7,0.0,6778.5,542.2,102.5,119.7,85.7,102.4,119.5,81.2,10.0,1.1,0.0,50.0,102.5
2013-06-21 15:34:53,102.7,119.7,87.1,8.7,0.0,6781.0,542.4,102.7,119.7,88.8,102.5,119.5,84.5,10.0,1.1,0.0,50.0,102.7
2013-06-21 15:34:54,103.2,119.6,88.0,8.8,0.0,6783.8,542.7,103.2,119.7,89.9,102.7,119.5,86.8,9.8,1.1,0.0,50.0,104.6
2013-06-21 15:34:55,103.8,119.7,86.6,8.8,0.0,6786.3,542.9,103.8,119.8,88.5,103.2,119.5,86.5,9.8,1.2,0.0,50.0,105.3
2013-06-21 15:34:56,104.1,119.8,87.2,8.8,0.0,6788.7,543.1,104.1,119.8,88.6,103.8,119.7,86.2,9.9,1.2,0.0,50.0,104.4
2013-06-21 15:34:57,104.3,119.6,88.0,8.9,0.0,6793.1,543.4,104.3,119.8,89.3,104.1,119.6,86.3,10.0,1.2,0.0,50.0,104.3
2013-06-21 15:34:58,104.6,119.7,88.3,8.9,0.0,6793.8,543.5,104.6,119.8,89.0,104.3,119.6,87.0,10.0,1.2,0.0,50.0,104.6
2013-06-21 15:34:59,105.0,119.8,89.8,8.9,0.0,6796.3,543.7,105.0,119.8,89.8,104.6,119.6,86.9,9.9,1.3,0.0,50.0,105.3
2013-06-21 15:35:00,105.2,119.6,88.9,9.0,0.0,6799.0,543.9,105.2,119.8,89.8,105.0,119.6,87.1,10.0,1.3,0.0,50.0,105.2
2013-06-21 15:35:01,105.6,119.7,86.7,9.0,0.0,6801.5,544.1,105.6,119.8,90.1,105.2,119.6,86.7,9.9,1.3,0.0,50.0,106.0
2013-06-21 15:35:02,105.7,119.7,87.8,9.0,0.0,6803.9,544.3,105.7,119.8,88.7,105.6,119.6,86.7,10.0,1.3,0.0,50.0,105.7
2013-06-21 15:35:03,105.8,119.8,86.6,9.0,0.0,6808.2,544.6,105.8,119.8,89.4,105.7,119.6,86.6,10.0,1.4,0.0,50.0,105.8
2013-06-21 15:35:04,105.9,119.8,86.6,9.1,0.0,6808.7,544.7,105.9,119.9,88.6,105.8,119.7,86.6,10.0,1.4,0.0,50.0,105.9
2013-06-21 15:35:05,106.0,119.7,86.4,9.1,0.0,6811.0,544.8,106.0,119.9,88.5,105.9,119.7,86.4,10.0,1.4,0.0,50.0,106.0
2013-06-21 15:35:06,106.0,119.9,87.6,9.1,0.0,6813.6,545.0,106.0,119.9,89.4,106.0,119.7,86.4,10.0,1.4,0.0,50.0,106.0
2013-06-21 15:35:07,106.2,119.7,86.1,9.2,0.0,6815.9,545.2,106.2,119.9,88.6,106.0,119.7,86.1,10.0,1.5,0.0,50.0,106.2
2013-06-21 15:35:08,106.2,119.8,87.1,9.2,0.0,6818.1,545.4,106.2,119.8,88.0,106.2,119.7,85.9,10.0,1.5,0.0,50.0,106.2
2013-06-21 15:35:09,106.3,119.8,87.1,9.2,0.0,6822.4,545.7,106.3,119.8,88.9,106.2,119.7,87.1,10.0,1.5,0.0,50.0,106.3
2013-06-21 15:35:10,106.3,119.9,86.9,9.2,0.0,6822.9,545.8,106.3,119.9,89.0,106.3,119.7,86.9,10.0,1.5,0.0,50.0,106.3
2013-06-21 15:35:11,106.4,119.7,86.8,9.3,0.0,6825.2,546.0,106.4,119.9,88.8,106.3,119.7,86.8,10.0,1.6,0.0,50.0,106.4
2013-06-21 15:35:12,106.4,119.9,88.1,9.3,0.0,6827.8,546.2,106.4,119.9,90.1,106.4,119.6,86.8,10.0,1.6,0.0,50.0,106.4
2013-06-21 15:35:13,106.7,119.8,87.0,9.3,0.0,6830.1,546.4,106.7,119.9,89.3,106.4,119.7,86.7,10.0,1.6,0.0,50.0,106.7
2013-06-21 15:35:14,106.7,119.8,86.8,9.4,0.0,6832.3,546.5,106.7,119.8,88.6,106.7,119.7,86.6,10.0,1.6,0.0,50.0,106.7
2013-06-21 15:35:15,106.6,119.9,86.8,9.4,0.0,6836.4,546.9,106.7,119.9,88.6,106.6,119.7,86.6,10.0,1.7,0.0,50.0,106.6
2013-06-21 15:35:16,106.6,119.8,87.0,9.4,0.0,6836.7,546.9,106.6,119.9,89.2,106.6,119.7,86.4,10.0,1.7,0.0,50.0,106.6
2013-06-21 15:35:17,106.6,119.7,87.0,9.5,0.0,6838.8,547.1,106.6,119.8,88.7,106.6,119.6,86.4,10.0,1.7,0.0,50.0,106.6
2013-06-21 15:35:18,106.5,119.6,89.8,9.5,0.0,6843.1,547.4,106.6,119.8,90.9,106.5,119.6,86.3,10.0,1.7,0.0,50.0,106.5
2013-06-21 15:35:19,106.7,119.8,89.5,9.5,0.0,6843.6,547.4,106.7,119.8,90.6,106.5,119.6,87.0,10.0,1.7,0.0,50.0,106.7
2013-06-21 15:35:20,106.7,119.7,88.9,9.5,0.0,6845.7,547.6,106.7,119.9,89.5,106.7,119.7,86.9,10.0,1.8,0.0,50.0,106.7
2013-06-21 15:35:21,106.7,120.0,87.5,9.6,0.0,6849.8,547.9,106.7,120.0,89.1,106.7,119.7,86.8,10.0,1.8,0.0,50.0,106.7
2013-06-21 15:35:22,106.8,119.9,88.5,9.6,0.0,6852.0,548.1,106.8,120.0,89.1,106.7,119.8,86.6,10.0,1.8,0.0,50.0,106.8
2013-06-21 15:35:23,106.8,120.0,87.1,9.6,0.0,6852.2,548.1,106.8,120.0,89.0,106.8,119.9,86.4,10.0,1.8,0.0,50.0,106.8
2013-06-21 15:35:24,106.7,119.9,87.9,9.7,0.0,6854.6,548.3,106.8,120.0,89.5,106.7,119.9,86.9,10.0,1.9,0.0,50.0,106.7
2013-06-21 15:35:25,106.9,120.0,87.3,9.7,0.0,6858.6,548.6,106.9,120.0,90.0,106.7,119.8,86.4,10.0,1.9,0.0,50.0,106.9
2013-06-21 15:35:26,106.8,119.9,87.2,9.7,0.0,6858.8,548.7,106.9,120.0,88.5,106.8,119.9,86.3,10.0,1.9,0.0,50.0,106.8
2013-06-21 15:35:27,106.8,120.1,86.7,9.8,0.0,6861.1,548.8,106.8,120.1,89.6,106.8,119.9,86.7,10.0,1.9,0.0,50.0,106.8
2013-06-21 15:35:28,106.8,119.9,86.3,9.8,0.0,6864.8,549.1,106.8,120.1,87.4,106.8,119.9,85.0,10.0,1.9,0.0,50.0,106.8
2013-06-21 15:35:29,106.7,119.9,86.3,9.8,0.0,6865.0,549.2,106.8,120.0,88.6,106.7,119.8,86.3,10.0,2.0,0.0,50.0,106.7
2013-06-21 15:35:30,106.6,120.1,87.6,9.8,0.0,6867.0,549.3,106.7,120.1,88.2,106.6,119.9,86.3,10.0,2.0,0.0,50.0,106.6
2013-06-21 15:35:31,106.7,119.9,86.4,9.9,0.0,6869.1,549.5,106.7,120.1,88.4,106.6,119.9,86.2,10.0,2.0,0.0,50.0,106.7
2013-06-21 15:35:32,106.6,120.0,87.3,9.9,0.0,6871.1,549.6,106.7,120.1,88.2,106.6,119.9,86.1,10.0,2.0,0.0,50.0,106.6
2013-06-21 15:35:33,106.6,120.1,86.1,9.9,0.0,6873.3,549.8,106.6,120.1,89.7,106.6,119.9,86.1,10.0,2.0,0.0,50.0,106.6
2013-06-21 15:35:34,106.6,120.0,85.9,10.0,0.0,6875.1,550.0,106.6,120.1,88.1,106.6,119.9,85.8,10.0,2.1,0.0,50.0,106.6
2013-06-21 15:35:35,106.5,120.1,85.8,10.0,0.0,6876.9,550.1,106.6,120.1,88.0,106.5,119.9,85.8,10.0,2.1,0.0,50.0,106.5
2013-06-21 15:35:36,106.4,120.1,87.4,10.0,0.0,6879.0,550.3,106.5,120.1,90.4,106.4,120.0,85.7,10.0,2.1,0.0,50.0,106.4
2013-06-21 15:35:37,106.5,120.0,85.9,10.0,0.0,6880.9,550.4,106.5,120.1,87.7,106.4,120.0,85.6,10.0,2.1,0.0,50.0,106.5
2013-06-21 15:35:38,106.4,120.1,86.5,10.1,0.0,6882.6,550.6,106.5,120.1,87.5,106.4,120.0,85.1,10.0,2.2,0.0,50.0,106.4
2013-06-21 15:35:39,106.3,120.0,87.6,10.1,0.0,6884.6,550.7,106.4,120.1,88.8,106.3,120.0,86.4,10.0,2.2,0.0,50.0,106.3
2013-06-21 15:35:40,106.3,120.1,88.0,10.1,0.0,6888.3,551.0,106.3,120.1,88.1,106.3,120.0,86.3,10.0,2.2,0.0,50.0,106.3
2013-06-21 15:35:41,106.3,120.0,87.0,10.2,0.0,6888.3,551.0,106.3,120.1,88.3,106.3,119.9,86.2,10.0,2.2,0.0,50.0,106.3
2013-06-21 15:35:42,106.3,120.0,88.0,10.2,0.0,6890.3,551.2,106.3,120.1,88.5,106.3,119.9,86.2,10.0,2.2,0.0,50.0,106.3
2013-06-21 15:35:43,106.4,119.9,86.1,10.2,0.0,6892.3,551.3,106.4,120.0,89.5,106.3,119.9,86.1,10.0,2.3,0.0,50.0,106.4
2013-06-21 15:35:44,106.4,120.0,85.9,10.2,0.0,6894.0,551.5,106.4,120.1,88.1,106.4,119.9,85.9,10.0,2.3,0.0,50.0,106.4
2013-06-21 15:35:45,106.3,120.0,87.2,10.3,0.0,6895.8,551.6,106.4,120.1,87.6,106.3,119.9,85.9,10.0,2.3,0.0,50.0,106.3
2013-06-21 15:35:46,106.3,120.0,85.9,10.3,0.0,6897.5,551.8,106.3,120.1,87.5,106.3,119.9,85.8,10.0,2.3,0.0,50.0,106.3
2013-06-21 15:35:47,106.1,120.1,85.6,10.3,0.0,6899.2,551.9,106.3,120.1,87.7,106.1,119.9,85.6,10.0,2.3,0.0,50.0,106.1
2013-06-21 15:35:48,106.0,120.1,87.2,10.4,0.0,6900.9,552.0,106.1,120.2,87.2,106.0,120.0,85.5,10.0,2.4,0.0,50.0,106.0
2013-06-21 15:35:49,106.1,120.0,86.6,10.4,0.0,6902.9,552.2,106.1,120.2,89.8,106.0,120.0,86.6,10.0,2.4,0.0,50.0,106.1
2013-06-21 15:35:50,106.2,120.0,86.4,10.4,0.0,6906.5,552.5,106.2,120.0,89.5,106.1,119.9,86.4,10.0,2.4,0.0,50.0,106.2
2013-06-21 15:35:51,106.2,120.0,86.2,10.5,0.0,6906.5,552.5,106.2,120.1,88.5,106.2,119.9,86.2,10.0,2.4,0.0,50.0,106.2
2013-06-21 15:35:52,106.2,120.1,86.1,10.5,0.0,6908.3,552.6,106.2,120.1,88.5,106.2,119.9,86.1,10.0,2.4,0.0,50.0,106.2
2013-06-21 15:35:53,106.2,119.9,86.1,10.5,0.0,6911.8,552.9,106.2,120.1,89.4,106.2,119.9,86.1,10.0,2.4,0.0,50.0,106.2
2013-06-21 15:35:54,106.2,119.9,87.3,10.5,0.0,6911.8,552.9,106.2,120.0,88.4,106.2,119.9,86.1,10.0,2.5,0.0,50.0,106.2
2013-06-21 15:35:55,106.2,120.1,87.4,10.6,0.0,6913.8,553.1,106.2,120.1,89.9,106.2,119.9,87.3,10.0,2.5,0.0,50.0,106.2
2013-06-21 15:35:56,106.4,119.9,86.3,10.6,0.0,6917.3,553.3,106.4,120.1,88.8,106.2,119.9,85.8,10.0,2.5,0.0,50.0,106.4
2013-06-21 15:35:57,106.3,120.1,86.1,10.6,0.0,6917.2,553.3,106.4,120.1,87.9,106.3,119.9,85.7,10.0,2.5,0.0,50.0,106.3
2013-06-21 15:35:58,106.3,119.9,86.0,10.7,0.0,6918.7,553.5,106.3,120.1,87.6,106.3,119.9,85.4,10.0,2.5,0.0,50.0,106.3
2013-06-21 15:35:59,106.1,119.8,89.0,10.7,0.0,6920.5,553.6,106.3,120.0,89.8,106.1,119.8,85.1,10.0,2.6,0.0,50.0,106.1
2013-06-21 15:36:00,106.2,120.0,89.5,10.7,0.0,6922.5,553.8,106.2,120.0,89.8,106.1,119.8,87.8,10.0,2.6,0.0,50.0,106.2
2013-06-21 15:36:01,106.5,119.9,87.7,10.8,0.0,6924.5,553.9,106.5,120.0,89.5,106.2,119.9,86.6,10.0,2.6,0.0,50.0,106.5
2013-06-21 15:36:02,106.6,120.0,86.6,10.8,0.0,6926.1,554.0,106.6,120.0,88.3,106.5,119.8,86.2,10.0,2.6,0.0,50.0,106.6
2013-06-21 15:36:03,106.5,119.9,86.2,10.8,0.0,6927.8,554.2,106.6,120.0,88.2,106.5,119.8,86.1,10.0,2.6,0.0,50.0,106.5
2013-06-21 15:36:04,106.4,120.0,86.1,10.8,0.0,6929.4,554.3,106.5,120.0,88.0,106.4,119.8,86.1,10.0,2.6,0.0,50.0,106.4
2013-06-21 15:36:05,106.4,119.8,86.7,10.9,0.0,6931.0,554.4,106.4,120.0,87.9,106.4,119.7,86.0,10.0,2.7,0.0,50.0,106.4
2013-06-21 15:36:06,106.3,119.9,86.2,10.9,0.0,6932.6,554.6,106.4,120.0,88.1,106.3,119.8,86.0,10.0,2.7,0.0,50.0,106.3
2013-06-21 15:36:07,106.2,119.8,87.2,10.9,0.0,6934.3,554.7,106.3,119.9,88.2,106.2,119.7,86.0,10.0,2.7,0.0,50.0,106.2
2013-06-21 15:36:08,106.3,119.7,87.1,10.9,0.0,6936.0,554.8,106.3,119.8,89.1,106.2,119.7,86.4,10.0,2.7,0.0,50.0,106.3
2013-06-21 15:36:09,106.3,119.8,86.9,11.0,0.0,6939.2,555.1,106.3,119.9,87.5,106.3,119.7,85.4,10.0,2.7,0.0,50.0,106.3
2013-06-21 15:36:10,106.2,119.8,86.8,11.0,0.0,6939.2,555.1,106.3,119.9,88.9,106.2,119.8,86.5,10.0,2.8,0.0,50.0,106.2
2013-06-21 15:36:11,106.3,119.8,87.9,11.0,0.0,6940.8,555.2,106.3,119.9,88.2,106.2,119.7,86.3,10.0,2.8,0.0,50.0,106.3
2013-06-21 15:36:12,106.3,119.8,88.1,11.1,0.0,6944.3,555.5,106.3,119.9,89.6,106.3,119.7,86.5,10.0,2.8,0.0,50.0,106.3
2013-06-21 15:36:13,106.4,119.8,86.9,11.1,0.0,6944.3,555.5,106.4,119.9,89.2,106.3,119.7,86.4,10.0,2.8,0.0,50.0,106.4
2013-06-21 15:36:14,106.4,119.8,87.0,11.1,0.0,6945.9,555.6,106.4,119.9,88.2,106.4,119.8,86.3,10.0,2.8,0.0,50.0,106.4
2013-06-21 15:36:15,106.4,119.7,86.8,11.2,0.0,6947.4,555.7,106.4,119.9,88.0,106.4,119.7,86.1,10.0,2.8,0.0,50.0,106.4
2013-06-21 15:36:16,106.3,119.8,86.6,11.2,0.0,6950.6,556.0,106.4,119.9,88.7,106.3,119.7,86.0,10.0,2.9,0.0,50.0,106.3
2013-06-21 15:36:17,106.3,119.7,86.3,11.2,0.0,6950.4,556.0,106.3,119.9,88.2,106.3,119.7,85.9,10.0,2.9,0.0,50.0,106.3
2013-06-21 15:36:18,106.2,119.8,87.6,11.3,0.0,6952.1,556.1,106.3,119.8,89.3,106.2,119.6,86.3,10.0,2.9,0.0,50.0,106.2
2013-06-21 15:36:19,106.3,119.7,87.7,11.3,0.0,6953.6,556.2,106.3,119.9,88.8,106.2,119.7,85.4,10.0,2.9,0.0,50.0,106.3
2013-06-21 15:36:20,106.3,119.9,87.6,11.3,0.0,6955.2,556.4,106.3,119.9,88.4,106.3,119.7,86.6,10.0,2.9,0.0,50.0,106.3
2013-06-21 15:36:21,106.3,119.7,88.3,11.3,0.0,6956.8,556.5,106.3,119.9,88.4,106.3,119.7,86.5,10.0,2.9,0.0,50.0,106.3
2013-06-21 15:36:22,106.3,119.9,87.0,11.4,0.0,6958.4,556.6,106.3,119.9,88.3,106.3,119.7,86.4,10.0,3.0,0.0,50.0,106.3
2013-06-21 15:36:23,106.4,119.8,86.4,11.4,0.0,6961.5,556.9,106.4,119.9,88.4,106.3,119.7,86.4,10.0,3.0,0.0,50.0,106.4
2013-06-21 15:36:24,106.3,119.9,87.6,11.4,0.0,6961.4,556.9,106.4,120.0,88.4,106.3,119.7,86.3,10.0,3.0,0.0,50.0,106.3
2013-06-21 15:36:25,106.4,119.8,86.6,11.5,0.0,6963.1,557.0,106.4,119.9,89.9,106.3,119.8,86.6,10.0,3.0,0.0,50.0,106.4
2013-06-21 15:36:26,106.5,119.9,86.2,11.5,0.0,6964.6,557.1,106.5,119.9,88.9,106.4,119.7,86.2,10.0,3.0,0.0,50.0,106.5
2013-06-21 15:36:27,106.4,119.9,85.9,11.5,0.0,6966.0,557.2,106.5,120.0,89.1,106.4,119.8,85.9,10.0,3.0,0.0,50.0,106.4
2013-06-21 15:36:28,106.3,119.9,86.4,11.6,0.0,6967.5,557.4,106.4,120.0,88.3,106.3,119.9,85.8,10.0,3.1,0.0,50.0,106.3
2013-06-21 15:36:29,106.2,119.9,80.2,11.6,0.0,6968.5,557.4,106.3,119.9,88.1,106.2,119.7,80.2,10.0,3.1,0.0,50.0,106.2
2013-06-21 15:36:30,105.6,119.9,77.4,11.6,0.0,6968.1,557.4,106.2,120.0,80.9,105.6,119.8,76.1,10.0,3.1,0.0,50.0,105.6
2013-06-21 15:36:31,94.9,118.9,78.9,11.6,0.0,6967.6,557.4,105.6,120.0,79.6,94.9,118.8,76.1,10.0,3.1,0.0,50.0,94.9
2013-06-21 15:36:32,94.7,118.8,76.7,11.6,0.0,6968.7,557.5,94.9,118.9,81.9,94.7,118.8,76.7,10.0,3.1,0.0,50.0,94.7
2013-06-21 15:36:33,94.7,119.0,76.3,11.7,0.0,6966.5,557.3,94.7,119.0,80.8,94.7,118.8,76.3,10.0,3.1,0.0,50.0,94.7
2013-06-21 15:36:34,94.5,119.9,77.9,11.7,0.0,6965.8,557.2,94.7,119.9,78.6,94.5,119.0,75.8,10.0,3.1,0.0,50.0,94.5
2013-06-21 15:36:35,94.4,119.8,75.9,11.7,0.0,6965.1,557.2,94.5,120.0,78.6,94.4,119.8,75.8,10.0,3.1,0.0,50.0,94.4
2013-06-21 15:36:36,94.2,119.9,77.6,11.7,0.0,6964.6,557.1,94.4,120.0,79.0,94.2,119.8,75.7,10.0,3.0,0.0,50.0,94.2
2013-06-21 15:36:37,94.2,119.9,77.1,11.8,0.0,6964.2,557.1,94.2,119.9,80.1,94.2,119.8,77.1,10.0,3.0,0.0,50.0,94.2
2013-06-21 15:36:38,94.3,119.8,76.5,11.8,0.0,6963.6,557.0,94.3,120.0,78.8,94.2,119.8,75.8,10.0,3.0,0.0,50.0,94.3
2013-06-21 15:36:39,94.1,119.9,76.9,11.8,0.0,6963.0,557.0,94.3,119.9,79.1,94.1,119.8,75.9,10.0,3.0,0.0,50.0,94.1
2013-06-21 15:36:40,94.1,119.8,77.4,11.9,0.0,6962.4,556.9,94.1,119.9,78.9,94.1,119.7,75.9,10.0,3.0,0.0,50.0,94.1
2013-06-21 15:36:41,94.0,119.9,78.1,11.9,0.0,6961.8,556.9,94.1,119.9,79.3,94.0,119.8,75.8,10.0,3.0,0.0,50.0,94.0
2013-06-21 15:36:42,94.0,119.8,80.1,11.9,0.0,6961.5,556.9,94.0,119.9,80.1,94.0,119.7,76.1,10.0,3.0,0.0,50.0,94.0
2013-06-21 15:36:43,94.1,119.9,75.9,11.9,0.0,6960.8,556.8,94.1,119.9,80.2,94.0,119.7,75.6,10.0,3.0,0.0,50.0,94.1
2013-06-21 15:36:44,94.0,119.9,75.8,12.0,0.0,6960.2,556.8,94.1,119.9,78.7,94.0,119.8,75.7,10.0,3.0,0.0,50.0,94.0
2013-06-21 15:36:45,93.9,119.9,76.0,12.0,0.0,6961.1,556.8,94.0,120.0,78.6,93.9,119.8,75.7,10.0,3.0,0.0,50.0,93.9
2013-06-21 15:36:46,93.9,119.9,76.0,12.0,0.0,6958.9,556.7,93.9,119.9,78.6,93.9,119.8,75.8,10.0,3.0,0.0,50.0,93.9
2013-06-21 15:36:47,93.8,119.9,76.0,12.0,0.0,6958.3,556.6,93.9,120.0,79.8,93.8,119.8,75.8,10.0,3.0,0.0,50.0,93.8
2013-06-21 15:36:48,93.7,120.0,76.2,12.1,0.0,6957.9,556.6,93.8,120.0,79.2,93.7,119.9,75.7,10.0,3.0,0.0,50.0,93.7
2013-06-21 15:36:49,93.7,120.0,76.0,12.1,0.0,6957.2,556.5,93.7,120.0,78.8,93.7,119.9,75.9,10.0,3.0,0.0,50.0,93.7
2013-06-21 15:36:50,93.7,119.9,76.1,12.1,0.0,6956.7,556.5,93.7,120.0,80.0,93.7,119.8,75.9,10.0,2.9,0.0,50.0,93.7
2013-06-21 15:36:51,93.7,119.8,76.7,12.1,0.0,6956.1,556.4,93.7,120.0,78.8,93.7,119.7,76.0,10.0,2.9,0.0,50.0,93.7
2013-06-21 15:36:52,93.7,119.8,76.0,12.2,0.0,6955.5,556.4,93.7,119.9,78.8,93.7,119.7,75.9,10.0,2.9,0.0,50.0,93.7
2013-06-21 15:36:53,93.6,119.7,76.0,12.2,0.0,6954.9,556.3,93.7,119.9,79.3,93.6,119.7,75.8,10.0,2.9,0.0,50.0,93.6
2013-06-21 15:36:54,93.6,119.8,78.4,12.2,0.0,6954.4,556.3,93.6,119.8,79.5,93.6,119.7,75.8,10.0,2.9,0.0,50.0,93.6
2013-06-21 15:36:55,93.7,119.9,76.4,12.3,0.0,6953.9,556.3,93.7,119.9,79.0,93.6,119.7,76.2,10.0,2.9,0.0,50.0,93.7
2013-06-21 15:36:56,93.6,119.7,76.6,12.3,0.0,6953.4,556.2,93.7,119.9,79.2,93.6,119.7,76.1,10.0,2.9,0.0,50.0,93.6
2013-06-21 15:36:57,93.7,119.7,77.9,12.3,0.0,6952.8,556.2,93.7,119.8,78.7,93.6,119.7,75.9,10.0,2.9,0.0,50.0,93.7
2013-06-21 15:36:58,93.6,119.9,76.6,12.3,0.0,6952.2,556.1,93.7,119.9,78.6,93.6,119.7,75.9,10.0,2.9,0.0,50.0,93.6
2013-06-21 15:36:59,93.6,119.8,76.9,12.3,0.0,6953.2,556.2,93.6,119.9,79.0,93.6,119.7,75.8,10.0,2.9,0.0,50.0,93.6
2013-06-21 15:37:00,93.6,119.9,80.3,12.4,0.0,6951.3,556.1,93.6,120.0,81.0,93.6,119.8,75.8,10.0,2.9,0.0,50.0,93.6
2013-06-21 15:37:01,93.8,119.9,79.0,12.4,0.0,6950.9,556.0,93.8,120.0,80.5,93.6,119.9,76.0,10.0,2.9,0.0,50.0,93.8
2013-06-21 15:37:02,93.8,120.0,79.0,12.4,0.0,6951.8,556.1,93.8,120.0,79.4,93.8,119.8,75.5,10.0,2.9,0.0,50.0,93.8
2013-06-21 15:37:03,93.7,120.0,78.2,12.4,0.1,6949.6,555.9,93.8,120.0,79.0,93.7,119.9,75.5,10.0,2.9,0.0,50.0,93.7
2013-06-21 15:37:04,93.6,119.9,76.8,12.5,0.1,6949.0,555.9,93.7,120.1,79.6,93.6,119.9,75.6,10.0,2.9,0.0,50.0,93.6
2013-06-21 15:37:05,93.5,119.9,77.5,12.5,0.1,6949.9,555.9,93.6,120.0,79.1,93.5,119.9,75.8,10.0,2.9,0.0,50.0,93.5
2013-06-21 15:37:06,93.5,119.9,78.8,12.5,0.1,6948.0,555.8,93.5,120.0,78.8,93.5,119.9,75.9,10.0,2.8,0.0,50.0,93.5
2013-06-21 15:37:07,93.7,119.8,77.4,12.6,0.1,6947.6,555.8,93.7,120.0,82.0,93.5,119.8,76.9,10.0,2.8,0.0,50.0,93.7
2013-06-21 15:37:08,93.7,119.8,76.1,12.6,0.1,6947.0,555.7,93.7,120.0,78.7,93.7,119.8,75.6,10.0,2.8,0.0,50.0,93.7
2013-06-21 15:37:09,93.6,119.9,76.2,12.6,0.1,6946.4,555.7,93.7,120.0,78.5,93.6,119.8,75.6,10.0,2.8,0.0,50.0,93.6
2013-06-21 15:37:10,93.6,120.0,76.1,12.6,0.1,6947.3,555.7,93.6,120.0,79.7,93.6,119.8,75.7,10.0,2.8,0.0,50.0,93.6
2013-06-21 15:37:11,93.5,119.9,76.9,12.7,0.1,6945.3,555.6,93.6,120.0,78.8,93.5,119.9,75.9,10.0,2.8,0.0,50.0,93.5
2013-06-21 15:37:12,93.6,119.8,77.1,12.7,0.1,6946.4,555.7,93.6,119.9,79.8,93.5,119.8,76.9,10.0,2.8,0.0,50.0,93.6
2013-06-21 15:37:13,93.7,119.9,75.9,12.7,0.1,6944.6,555.5,93.7,120.0,80.3,93.6,119.8,75.9,10.0,2.8,0.0,50.0,93.7
2013-06-21 15:37:14,93.8,120.1,76.2,12.7,0.1,6944.1,555.5,93.8,120.1,79.1,93.7,119.8,75.9,10.0,2.8,0.0,50.0,93.8
2013-06-21 15:37:15,93.8,119.9,75.8,12.8,0.1,6943.6,555.4,93.8,120.1,78.6,93.8,119.9,75.8,10.0,2.8,0.0,50.0,93.8
2013-06-21 15:37:16,93.7,120.0,75.9,12.8,0.1,6943.0,555.4,93.8,120.1,78.6,93.7,119.9,75.7,10.0,2.8,0.0,50.0,93.7
2013-06-21 15:37:17,93.6,119.9,77.4,12.8,0.1,6942.6,555.4,93.7,120.0,78.9,93.6,119.9,75.7,10.0,2.8,0.0,50.0,93.6
2013-06-21 15:37:18,93.8,119.9,77.3,12.8,0.1,6943.7,555.4,93.8,120.0,80.0,93.6,119.9,77.1,10.0,2.8,0.0,50.0,93.8
2013-06-21 15:37:19,93.9,120.0,76.0,12.9,0.1,6941.8,555.3,93.9,120.0,78.6,93.8,119.9,75.8,10.0,2.8,0.0,50.0,93.9
2013-06-21 15:37:20,93.8,119.9,78.5,12.9,0.1,6942.7,555.4,93.9,120.0,79.2,93.8,119.8,75.8,10.0,2.8,0.0,50.0,93.8
2013-06-21 15:37:21,93.8,120.0,76.8,12.9,0.1,6940.7,555.2,93.8,120.0,78.5,93.8,119.8,75.5,10.0,2.8,0.0,50.0,93.8
2013-06-21 15:37:22,93.6,120.0,76.9,12.9,0.1,6940.1,555.2,93.8,120.0,78.4,93.6,119.9,75.6,10.0,2.8,0.0,50.0,93.6
2013-06-21 15:37:23,93.6,119.8,80.3,13.0,0.1,6939.6,555.1,93.6,120.1,80.3,93.6,119.8,75.6,10.0,2.7,0.0,50.0,93.6
2013-06-21 15:37:24,93.6,119.9,77.9,13.0,0.1,6939.1,555.1,93.6,120.0,80.3,93.6,119.7,75.7,10.0,2.7,0.0,50.0,93.6
2013-06-21 15:37:25,93.6,119.9,75.6,13.0,0.1,6938.7,555.1,93.6,120.0,79.9,93.6,119.9,75.6,10.0,2.7,0.0,50.0,93.6
2013-06-21 15:37:26,93.7,119.9,75.7,13.1,0.1,6938.2,555.0,93.7,120.0,78.8,93.6,119.8,75.6,10.0,2.7,0.0,50.0,93.7
2013-06-21 15:37:27,93.6,119.9,75.7,13.1,0.1,6937.6,555.0,93.7,119.9,80.0,93.6,119.8,75.7,10.0,2.7,0.0,50.0,93.6
2013-06-21 15:37:28,93.5,119.9,75.8,13.1,0.1,6937.1,554.9,93.6,120.0,78.7,93.5,119.8,75.7,10.0,2.7,0.0,50.0,93.5
