2013-06-19 12:37:19,96.0,119.6,94.5,0.0,0.0,838860.7,2.147483647E8,96.0,119.6,94.5,96.0,119.6,94.5,10.0,10.0,0.0,50.0,96.0
2013-06-19 12:37:20,116.9,119.7,94.9,0.0,0.0,7595.7,607.6,116.9,119.7,99.6,96.0,119.6,94.2,10.0,10.0,0.0,50.0,116.9
2013-06-19 12:37:21,116.8,119.8,96.1,0.0,0.0,8476.9,678.1,116.9,119.8,99.9,116.8,119.7,94.4,10.0,10.0,0.0,50.0,116.8
2013-06-19 12:37:22,116.9,119.8,95.3,0.0,0.0,8175.4,654.0,116.9,119.9,101.7,116.8,119.7,95.3,10.0,10.0,0.0,50.0,116.9
2013-06-19 12:37:23,117.0,119.7,96.0,0.1,0.0,8227.9,658.2,117.0,119.9,99.5,116.9,119.7,94.5,10.0,10.0,0.0,50.0,117.0
2013-06-19 12:37:24,117.1,119.8,95.2,0.1,0.0,8281.9,662.5,117.1,119.8,100.8,117.0,119.6,95.2,10.0,10.0,0.0,50.0,117.1
2013-06-19 12:37:25,117.1,119.8,95.4,0.1,0.0,8296.2,663.7,117.1,119.9,100.6,117.1,119.7,94.3,10.0,10.0,0.0,50.0,117.1
2013-06-19 12:37:26,117.1,119.9,95.4,0.2,0.0,8304.3,664.3,117.1,119.9,99.0,117.1,119.7,94.4,10.0,10.0,0.0,50.0,117.1
2013-06-19 12:37:27,117.1,119.8,96.0,0.2,0.0,8424.1,673.9,117.1,119.9,99.4,117.1,119.7,94.6,10.0,10.0,0.0,50.0,117.1
2013-06-19 12:37:28,117.1,119.9,96.9,0.2,0.0,8324.5,665.9,117.1,119.9,99.9,117.1,119.8,94.2,10.0,10.0,0.0,50.0,117.1
2013-06-19 12:37:29,117.0,119.9,97.8,0.3,0.0,8327.3,666.1,117.1,120.0,99.7,117.0,119.8,94.3,10.0,10.0,0.0,50.0,117.0
2013-06-19 12:37:30,117.0,119.9,99.1,0.3,0.0,8342.5,667.4,117.0,120.0,99.1,117.0,119.8,95.6,10.0,10.0,0.0,50.0,117.0
2013-06-19 12:37:31,117.2,119.9,97.2,0.3,0.0,8412.8,673.0,117.2,119.9,99.1,117.0,119.8,93.5,10.0,10.0,0.0,50.0,117.2
2013-06-19 12:37:34,106.8,119.9,88.6,0.4,0.0,8300.9,664.0,116.9,120.0,93.4,106.8,119.7,80.3,10.0,10.0,0.0,50.0,106.8
2013-06-19 12:37:35,106.2,119.8,82.9,0.4,0.0,8176.9,654.1,106.8,120.0,89.2,106.2,119.8,80.6,10.0,10.0,0.0,50.0,106.2
2013-06-19 12:37:36,99.8,119.9,79.3,0.5,0.0,8111.7,648.9,106.2,119.9,86.7,99.8,119.7,79.0,10.0,9.4,0.0,50.0,99.8
2013-06-19 12:37:37,99.7,119.7,78.4,0.5,0.0,8045.1,643.6,99.8,119.9,84.6,99.7,119.7,77.5,10.0,8.9,0.0,50.0,99.7
2013-06-19 12:37:38,99.2,119.8,89.0,0.5,0.0,7992.3,639.3,99.7,119.8,93.1,99.2,119.5,77.1,10.0,8.4,0.0,50.0,99.2
2013-06-19 12:37:39,99.1,119.7,79.9,0.6,0.0,7935.6,634.8,99.2,119.9,89.0,99.1,119.7,77.3,10.0,8.0,0.0,50.0,99.1
2013-06-19 12:37:40,98.8,119.8,80.1,0.6,0.0,7925.6,634.0,99.1,119.8,83.6,98.8,119.6,77.4,10.0,7.6,0.0,50.0,98.8
2013-06-19 12:37:41,98.5,119.7,81.0,0.6,0.0,7843.5,627.4,98.8,119.8,84.2,98.5,119.6,77.4,10.0,7.3,0.0,50.0,98.5
2013-06-19 12:37:42,98.2,119.7,82.2,0.6,0.0,7800.1,624.0,98.5,119.8,83.3,98.2,119.6,77.4,10.0,6.9,0.0,50.0,98.2
2013-06-19 12:37:43,98.0,119.6,82.7,0.7,0.0,7761.0,620.8,98.2,119.8,82.7,98.0,119.6,77.2,10.0,6.6,0.0,50.0,98.0
2013-06-19 12:37:44,97.6,119.8,78.4,0.7,0.0,7722.7,617.8,98.0,119.8,82.9,97.6,119.6,77.2,10.0,6.4,0.0,50.0,97.6
2013-06-19 12:37:45,97.4,119.7,78.6,0.7,0.0,7690.1,615.2,97.6,119.8,83.3,97.4,119.7,77.4,10.0,6.1,0.0,50.0,97.4
2013-06-19 12:37:46,97.3,119.8,78.7,0.7,0.0,7662.0,612.9,97.4,119.8,83.6,97.3,119.6,77.5,10.0,5.9,0.0,50.0,97.3
2013-06-19 12:37:47,97.3,119.6,78.5,0.8,0.0,7665.4,613.2,97.3,119.8,85.0,97.3,119.6,78.4,10.0,5.7,0.0,50.0,97.3
2013-06-19 12:37:48,97.2,119.7,77.3,0.8,0.0,7609.2,608.7,97.3,119.7,84.8,97.2,119.5,77.1,10.0,5.5,0.0,50.0,97.2
2013-06-19 12:37:49,97.0,119.7,77.3,0.8,0.0,7584.8,606.7,97.2,119.7,84.7,97.0,119.6,77.2,10.0,5.3,0.0,50.0,97.0
2013-06-19 12:37:50,97.0,119.6,79.7,0.8,0.0,7564.2,605.1,97.0,119.7,88.8,97.0,119.5,77.3,10.0,5.1,0.0,50.0,97.0
2013-06-19 12:37:51,96.8,119.6,77.3,0.9,0.0,7541.3,603.3,97.0,119.7,84.2,96.8,119.5,77.2,10.0,5.0,0.0,50.0,96.8
2013-06-19 12:37:52,96.6,119.6,77.5,0.9,0.0,7521.2,601.6,96.8,119.7,84.4,96.6,119.5,77.1,10.0,4.8,0.0,50.0,96.6
2013-06-19 12:37:53,96.5,119.7,81.9,0.9,0.0,7504.7,600.3,96.6,119.7,84.5,96.5,119.4,77.2,10.0,4.7,0.0,50.0,96.5
2013-06-19 12:37:54,96.6,119.6,78.1,0.9,0.0,7488.4,599.0,96.6,119.7,85.5,96.5,119.5,78.1,10.0,4.5,0.0,50.0,96.6
2013-06-19 12:37:55,96.7,119.6,77.7,1.0,0.0,7493.4,599.4,96.7,119.7,85.5,96.6,119.5,77.6,10.0,4.4,0.0,50.0,96.7
2013-06-19 12:37:56,96.6,119.7,80.8,1.0,0.0,7456.1,596.4,96.7,119.7,83.4,96.6,119.5,77.3,10.0,4.3,0.0,50.0,96.6
2013-06-19 12:37:57,96.5,119.6,77.5,1.0,0.0,7439.3,595.1,96.6,119.7,83.7,96.5,119.5,77.3,10.0,4.2,0.0,50.0,96.5
2013-06-19 12:37:58,96.4,119.6,78.7,1.1,0.0,7425.3,594.0,96.5,119.7,85.9,96.4,119.5,77.2,10.0,4.1,0.0,50.0,96.4
2013-06-19 12:37:59,96.4,119.5,81.3,1.1,0.0,7414.0,593.1,96.4,119.7,84.8,96.4,119.5,78.1,10.0,4.0,0.0,50.0,96.4
2013-06-19 12:38:00,96.5,119.7,77.6,1.1,0.0,7400.2,592.0,96.5,119.7,83.9,96.4,119.5,77.5,10.0,3.9,0.0,50.0,96.5
2013-06-19 12:38:01,96.4,119.5,78.5,1.1,0.0,7389.1,591.1,96.5,119.7,85.0,96.4,119.5,77.1,10.0,3.8,0.0,50.0,96.4
2013-06-19 12:38:02,96.4,119.6,77.8,1.2,0.0,7376.2,590.1,96.4,119.6,83.9,96.4,119.5,77.3,10.0,3.7,0.0,50.0,96.4
2013-06-19 12:38:03,96.4,119.6,78.9,1.2,0.0,7365.5,589.2,96.4,119.7,83.7,96.4,119.4,77.4,10.0,3.6,0.0,50.0,96.4
2013-06-19 12:38:04,96.3,119.6,79.3,1.2,0.0,7355.3,588.4,96.4,119.6,84.3,96.3,119.4,77.4,10.0,3.5,0.0,50.0,96.3
2013-06-19 12:38:05,96.4,119.5,79.0,1.2,0.0,7346.4,587.7,96.4,119.6,85.0,96.3,119.4,78.6,10.0,3.4,0.0,50.0,96.4
2013-06-19 12:38:06,96.5,119.5,78.7,1.3,0.0,7336.7,586.9,96.5,119.6,83.4,96.4,119.4,77.4,10.0,3.4,0.0,50.0,96.5
2013-06-19 12:38:07,96.4,119.6,79.9,1.3,0.0,7326.9,586.1,96.5,119.6,83.5,96.4,119.4,77.2,10.0,3.3,0.0,50.0,96.4
2013-06-19 12:38:08,96.3,119.5,81.3,1.3,0.0,7317.4,585.3,96.4,119.6,85.0,96.3,119.5,77.3,10.0,3.2,0.0,50.0,96.3
2013-06-19 12:38:09,96.4,119.4,81.8,1.4,0.0,7308.3,584.6,96.4,119.6,83.5,96.3,119.3,77.5,10.0,3.2,0.0,50.0,96.4
2013-06-19 12:38:10,96.2,119.4,84.6,1.4,0.0,7300.7,584.0,96.4,119.5,84.6,96.2,119.3,77.4,10.0,3.1,0.0,50.0,96.2
2013-06-19 12:38:11,96.3,119.5,79.1,1.4,0.0,7306.6,584.5,96.3,119.6,84.6,96.2,119.4,77.8,10.0,3.0,0.0,50.0,96.3
2013-06-19 12:38:12,96.4,119.5,77.4,1.4,0.0,7284.2,582.7,96.4,119.6,83.4,96.3,119.4,77.4,10.0,3.0,0.0,50.0,96.4
2013-06-19 12:38:13,96.2,119.6,77.9,1.5,0.0,7276.9,582.1,96.4,119.6,83.4,96.2,119.4,77.4,10.0,2.9,0.0,50.0,96.2
2013-06-19 12:38:14,96.3,119.5,78.8,1.5,0.0,7269.7,581.5,96.3,119.7,83.2,96.2,119.4,77.3,10.0,2.9,0.0,50.0,96.3
2013-06-19 12:38:15,96.3,119.4,77.4,1.5,0.0,7276.9,582.1,96.3,119.6,85.4,96.3,119.4,77.3,10.0,2.8,0.0,50.0,96.3
2013-06-19 12:38:16,96.3,119.5,78.1,1.5,0.0,7257.1,580.5,96.3,119.5,83.0,96.3,119.4,77.2,10.0,2.8,0.0,50.0,96.3
2013-06-19 12:38:17,96.3,119.6,78.8,1.6,0.0,7250.4,580.0,96.3,119.6,82.7,96.3,119.5,77.2,10.0,2.7,0.0,50.0,96.3
2013-06-19 12:38:18,96.2,119.6,77.5,1.6,0.0,7245.2,579.6,96.3,119.7,86.3,96.2,119.5,77.4,10.0,2.7,0.0,50.0,96.2
2013-06-19 12:38:19,96.2,119.7,78.2,1.6,0.0,7251.0,580.0,96.2,119.7,82.9,96.2,119.6,77.2,10.0,2.6,0.0,50.0,96.2
2013-06-19 12:38:20,96.2,119.7,77.2,1.6,0.0,7232.0,578.5,96.2,119.8,82.8,96.2,119.5,77.2,10.0,2.6,0.0,50.0,96.2
2013-06-19 12:38:21,96.1,119.7,77.2,1.7,0.0,7225.9,578.0,96.2,119.8,86.6,96.1,119.6,76.9,10.0,2.5,0.0,50.0,96.1
2013-06-19 12:38:22,96.1,119.7,79.0,1.7,0.0,7220.3,577.6,96.1,119.8,82.9,96.1,119.6,77.0,10.0,2.5,0.0,50.0,96.1
2013-06-19 12:38:23,96.1,119.7,78.8,1.7,0.0,7215.0,577.2,96.1,119.7,83.1,96.1,119.6,77.1,10.0,2.5,0.0,50.0,96.1
2013-06-19 12:38:24,96.1,119.7,77.2,1.7,0.0,7222.0,577.7,96.1,119.8,86.5,96.1,119.7,77.2,10.0,2.4,0.0,50.0,96.1
2013-06-19 12:38:25,96.2,119.9,80.1,1.8,0.0,7205.6,576.4,96.2,119.9,82.8,96.1,119.7,76.9,10.0,2.4,0.0,50.0,96.2
2013-06-19 12:38:26,96.1,119.9,77.3,1.8,0.0,7199.7,575.9,96.2,119.9,82.8,96.1,119.7,76.9,10.0,2.3,0.0,50.0,96.1
2013-06-19 12:38:27,96.0,119.9,77.6,1.8,0.0,7194.9,575.5,96.1,119.9,84.7,96.0,119.7,76.9,10.0,2.3,0.0,50.0,96.0
2013-06-19 12:38:28,96.0,119.7,82.8,1.9,0.0,7201.4,576.1,96.0,119.9,83.4,96.0,119.7,77.2,10.0,2.3,0.0,50.0,96.0
2013-06-19 12:38:29,96.2,119.8,77.7,1.9,0.0,7187.3,574.9,96.2,119.9,84.6,96.0,119.7,77.7,10.0,2.2,0.0,50.0,96.2
2013-06-19 12:38:30,96.2,119.8,77.8,1.9,0.0,7182.7,574.6,96.2,119.9,83.7,96.2,119.7,76.8,10.0,2.2,0.0,50.0,96.2
2013-06-19 12:38:31,96.2,119.8,80.4,1.9,0.0,7178.9,574.3,96.2,119.9,83.4,96.2,119.7,76.9,10.0,2.2,0.0,50.0,96.2
2013-06-19 12:38:32,96.3,120.0,78.4,2.0,0.0,7184.6,574.7,96.3,120.0,84.6,96.2,119.8,77.2,10.0,2.1,0.0,50.0,96.3
2013-06-19 12:38:33,96.1,119.8,78.7,2.0,0.0,7180.3,574.4,96.3,120.0,85.1,96.1,119.7,77.2,10.0,2.1,0.0,50.0,96.1
2013-06-19 12:38:34,96.1,119.8,80.5,2.0,0.0,7166.3,573.3,96.1,119.9,85.4,96.1,119.7,77.1,10.0,2.1,0.0,50.0,96.1
2013-06-19 12:38:35,96.2,119.7,80.7,2.0,0.0,7163.9,573.1,96.2,119.9,84.4,96.1,119.6,78.3,10.0,2.1,0.0,50.0,96.2
2013-06-19 12:38:36,96.2,119.7,81.3,2.1,0.0,7160.2,572.8,96.2,119.8,84.3,96.2,119.6,76.9,10.0,2.0,0.0,50.0,96.2
2013-06-19 12:38:37,96.3,119.7,84.6,2.1,0.0,7156.4,572.5,96.3,119.9,84.6,96.2,119.6,77.3,10.0,2.0,0.0,50.0,96.3
2013-06-19 12:38:38,96.3,119.7,82.3,2.1,0.0,7153.1,572.2,96.3,119.8,84.6,96.3,119.7,77.3,10.0,2.0,0.0,50.0,96.3
2013-06-19 12:38:39,96.2,119.8,79.5,2.2,0.0,7149.3,571.9,96.3,119.9,84.3,96.2,119.7,76.8,10.0,2.0,0.0,50.0,96.2
2013-06-19 12:38:40,96.3,119.8,78.2,2.2,0.0,7146.3,571.7,96.3,119.9,84.5,96.2,119.7,77.9,10.0,1.9,0.0,50.0,96.3
2013-06-19 12:38:41,96.3,119.8,78.3,2.2,0.0,7143.0,571.4,96.3,119.9,84.3,96.3,119.7,77.0,10.0,1.9,0.0,50.0,96.3
2013-06-19 12:38:42,96.2,119.8,78.9,2.2,0.0,7148.4,571.8,96.3,119.8,83.2,96.2,119.6,77.0,10.0,1.9,0.0,50.0,96.2
2013-06-19 12:38:43,96.2,119.9,79.7,2.3,0.0,7136.0,570.8,96.2,119.9,83.1,96.2,119.7,77.1,10.0,1.9,0.0,50.0,96.2
2013-06-19 12:38:44,96.1,119.7,80.8,2.3,0.0,7133.2,570.6,96.2,120.0,84.6,96.1,119.6,77.2,10.0,1.8,0.0,50.0,96.1
2013-06-19 12:38:45,96.1,119.6,81.2,2.3,0.0,7131.0,570.4,96.1,119.8,84.3,96.1,119.6,77.4,10.0,1.8,0.0,50.0,96.1
2013-06-19 12:38:46,96.2,119.8,78.5,2.3,0.0,7136.6,570.9,96.2,119.8,84.5,96.1,119.6,77.4,10.0,1.8,0.0,50.0,96.2
2013-06-19 12:38:47,96.2,119.8,77.5,2.3,0.0,7125.4,570.0,96.2,119.9,85.7,96.2,119.6,77.2,10.0,1.8,0.0,50.0,96.2
2013-06-19 12:38:48,96.2,119.7,77.8,2.4,0.0,7122.5,569.8,96.2,119.9,82.7,96.2,119.7,77.2,10.0,1.7,0.0,50.0,96.2
2013-06-19 12:38:49,96.1,119.9,76.9,2.4,0.0,7126.8,570.1,96.2,119.9,82.6,96.1,119.7,76.9,10.0,1.7,0.0,50.0,96.1
2013-06-19 12:38:50,96.0,119.8,78.3,2.4,0.0,7116.8,569.3,96.1,119.9,84.8,96.0,119.7,76.9,10.0,1.7,0.0,50.0,96.0
2013-06-19 12:38:51,96.1,119.8,79.6,2.5,0.0,7115.0,569.2,96.1,119.9,84.1,96.0,119.7,77.7,10.0,1.7,0.0,50.0,96.1
2013-06-19 12:38:52,96.2,119.9,77.4,2.5,0.0,7112.9,569.0,96.2,119.9,84.3,96.1,119.7,77.4,10.0,1.7,0.0,50.0,96.2
2013-06-19 12:38:53,96.2,119.9,77.3,2.5,0.0,7118.1,569.4,96.2,119.9,83.9,96.2,119.7,77.3,10.0,1.7,0.0,50.0,96.2
2013-06-19 12:38:54,96.3,119.8,79.6,2.5,0.0,7107.9,568.6,96.3,119.9,82.7,96.2,119.7,76.9,10.0,1.6,0.0,50.0,96.3
2013-06-19 12:38:55,96.2,119.8,77.2,2.6,0.0,7104.8,568.3,96.3,119.9,82.8,96.2,119.7,77.0,10.0,1.6,0.0,50.0,96.2
2013-06-19 12:38:56,96.1,119.8,77.4,2.6,0.0,7102.5,568.2,96.2,119.9,83.4,96.1,119.7,77.1,10.0,1.6,0.0,50.0,96.1
2013-06-19 12:38:57,96.1,119.7,81.7,2.6,0.0,7100.3,568.0,96.1,119.8,83.6,96.1,119.7,77.1,10.0,1.6,0.0,50.0,96.1
2013-06-19 12:38:58,96.1,119.8,78.9,2.6,0.0,7097.9,567.8,96.1,119.8,84.5,96.1,119.7,77.1,10.0,1.6,0.0,50.0,96.1
2013-06-19 12:38:59,96.1,119.8,77.9,2.7,0.0,7096.0,567.6,96.1,119.9,83.2,96.1,119.7,77.7,10.0,1.6,0.0,50.0,96.1
2013-06-19 12:39:00,96.1,119.6,82.5,2.7,0.0,7093.7,567.5,96.1,119.8,83.1,96.1,119.6,77.1,10.0,1.5,0.0,50.0,96.1
2013-06-19 12:39:01,96.1,119.8,79.0,2.7,0.0,7091.2,567.2,96.1,119.8,83.5,96.1,119.6,77.1,10.0,1.5,0.0,50.0,96.1
2013-06-19 12:39:02,96.1,119.6,81.3,2.8,0.0,7089.8,567.1,96.1,119.8,84.4,96.1,119.6,77.5,10.0,1.5,0.0,50.0,96.1
2013-06-19 12:39:03,96.2,119.5,82.4,2.8,0.0,7087.9,567.0,96.2,119.7,84.1,96.1,119.5,77.2,10.0,1.5,0.0,50.0,96.2
2013-06-19 12:39:04,96.3,119.6,82.8,2.8,0.0,7087.0,566.9,96.3,119.7,85.5,96.2,119.5,78.0,10.0,1.5,0.0,50.0,96.3
2013-06-19 12:39:05,96.3,119.6,82.0,2.8,0.0,7085.0,566.8,96.3,119.7,82.8,96.3,119.5,77.5,10.0,1.5,0.0,50.0,96.3
2013-06-19 12:39:06,96.3,119.7,77.2,2.9,0.0,7082.1,566.5,96.3,119.8,83.3,96.3,119.6,77.0,10.0,1.4,0.0,50.0,96.3
2013-06-19 12:39:07,96.3,119.6,77.2,2.9,0.0,7080.1,566.4,96.3,119.7,84.9,96.3,119.6,77.0,10.0,1.4,0.0,50.0,96.3
2013-06-19 12:39:08,96.1,119.6,77.2,2.9,0.0,7078.0,566.2,96.3,119.7,82.9,96.1,119.5,77.2,10.0,1.4,0.0,50.0,96.1
2013-06-19 12:39:09,96.1,119.7,77.4,2.9,0.0,7075.7,566.0,96.1,119.7,82.8,96.1,119.6,77.2,10.0,1.4,0.0,50.0,96.1
2013-06-19 12:39:10,96.0,119.6,78.8,3.0,0.0,7074.3,565.9,96.1,119.7,86.3,96.0,119.6,77.3,10.0,1.4,0.0,50.0,96.0
2013-06-19 12:39:11,96.1,119.6,77.4,3.0,0.0,7079.5,566.3,96.1,119.7,84.5,96.0,119.5,77.4,10.0,1.4,0.0,50.0,96.1
2013-06-19 12:39:12,96.2,119.6,77.2,3.0,0.0,7070.8,565.6,96.2,119.7,82.7,96.1,119.5,77.0,10.0,1.4,0.0,50.0,96.2
2013-06-19 12:39:13,96.0,119.7,77.6,3.0,0.0,7069.0,565.5,96.2,119.7,85.0,96.0,119.5,77.2,10.0,1.4,0.0,50.0,96.0
2013-06-19 12:39:14,95.9,119.8,77.5,3.1,0.0,7067.4,565.3,96.0,119.8,82.9,95.9,119.6,77.0,10.0,1.3,0.0,50.0,95.9
2013-06-19 12:39:15,96.0,119.7,78.9,3.1,0.0,7065.7,565.2,96.0,119.8,83.0,95.9,119.7,77.1,10.0,1.3,0.0,50.0,96.0
2013-06-19 12:39:16,96.1,119.9,77.2,3.1,0.0,7064.9,565.1,96.1,119.9,85.6,96.0,119.7,77.2,10.0,1.3,0.0,50.0,96.1
2013-06-19 12:39:17,96.1,119.9,77.7,3.1,0.0,7063.3,565.0,96.1,119.9,84.3,96.1,119.6,76.8,10.0,1.3,0.0,50.0,96.1
2013-06-19 12:39:18,96.1,119.7,77.8,3.2,0.0,7061.4,564.9,96.1,119.9,84.5,96.1,119.7,76.9,10.0,1.3,0.0,50.0,96.1
2013-06-19 12:39:19,96.1,119.9,77.5,3.2,0.0,7065.9,565.2,96.1,119.9,85.0,96.1,119.6,77.0,10.0,1.3,0.0,50.0,96.1
2013-06-19 12:39:20,96.1,119.8,78.0,3.2,0.0,7058.8,564.7,96.1,119.9,83.8,96.1,119.8,77.0,10.0,1.3,0.0,50.0,96.1
2013-06-19 12:39:21,96.1,119.8,78.4,3.3,0.0,7056.9,564.5,96.1,119.9,83.5,96.1,119.7,76.7,10.0,1.3,0.0,50.0,96.1
2013-06-19 12:39:22,96.1,119.9,77.3,3.3,0.0,7062.1,564.9,96.1,119.9,85.7,96.1,119.7,77.3,10.0,1.3,0.0,50.0,96.1
2013-06-19 12:39:23,96.2,119.8,78.9,3.3,0.0,7054.9,564.3,96.2,119.9,84.0,96.1,119.7,76.9,10.0,1.2,0.0,50.0,96.2
2013-06-19 12:39:24,96.2,119.9,77.5,3.3,0.0,7053.1,564.2,96.2,120.0,83.3,96.2,119.7,76.9,10.0,1.2,0.0,50.0,96.2
2013-06-19 12:39:25,96.1,119.8,78.7,3.4,0.0,7052.0,564.1,96.2,119.9,84.5,96.1,119.7,77.0,10.0,1.2,0.0,50.0,96.1
2013-06-19 12:39:26,96.2,119.8,80.2,3.4,0.0,7056.7,564.5,96.2,119.9,83.6,96.1,119.7,77.8,10.0,1.2,0.0,50.0,96.2
2013-06-19 12:39:27,96.2,119.8,79.6,3.4,0.0,7049.3,563.9,96.2,119.9,83.9,96.2,119.7,76.9,10.0,1.2,0.0,50.0,96.2
2013-06-19 12:39:28,96.2,119.7,78.7,3.4,0.0,7048.6,563.8,96.2,119.8,84.3,96.2,119.6,78.4,10.0,1.2,0.0,50.0,96.2
2013-06-19 12:39:29,96.3,119.7,83.5,3.5,0.0,7047.3,563.7,96.3,119.8,84.5,96.2,119.6,77.1,10.0,1.2,0.0,50.0,96.3
2013-06-19 12:39:30,96.3,119.5,79.7,3.5,0.0,7045.4,563.6,96.3,119.7,83.5,96.3,119.5,76.9,10.0,1.2,0.0,50.0,96.3
2013-06-19 12:39:31,96.1,119.7,84.0,3.5,0.0,7044.5,563.5,96.3,119.7,85.3,96.1,119.5,77.1,10.0,1.2,0.0,50.0,96.1
2013-06-19 12:39:32,96.2,119.5,84.7,3.6,0.0,7044.2,563.5,96.2,119.8,86.3,96.1,119.5,77.8,10.0,1.2,0.0,50.0,96.2
2013-06-19 12:39:33,96.4,119.6,78.4,3.6,0.0,7047.7,563.8,96.4,119.8,85.8,96.2,119.5,77.2,10.0,1.1,0.0,50.0,96.4
2013-06-19 12:39:34,96.3,119.8,78.6,3.6,0.0,7041.8,563.3,96.4,119.8,83.4,96.3,119.6,77.3,10.0,1.1,0.0,50.0,96.3
2013-06-19 12:39:35,96.4,119.6,77.5,3.6,0.0,7040.6,563.2,96.4,119.8,84.3,96.3,119.6,77.3,10.0,1.1,0.0,50.0,96.4
2013-06-19 12:39:36,96.5,119.7,79.0,3.7,0.0,7044.6,563.5,96.5,119.8,85.7,96.4,119.6,77.0,10.0,1.1,0.0,50.0,96.5
2013-06-19 12:39:37,96.3,119.6,77.5,3.7,0.0,7038.3,563.0,96.5,119.8,83.2,96.3,119.6,77.1,10.0,1.1,0.0,50.0,96.3
2013-06-19 12:39:38,96.3,119.7,78.3,3.7,0.0,7036.9,562.9,96.3,119.7,83.0,96.3,119.6,77.2,10.0,1.1,0.0,50.0,96.3
2013-06-19 12:39:39,96.3,119.7,78.7,3.7,0.0,7035.9,562.8,96.3,119.7,84.8,96.3,119.5,77.3,10.0,1.1,0.0,50.0,96.3
2013-06-19 12:39:40,96.2,119.7,77.7,3.8,0.0,7035.5,562.8,96.3,119.8,84.3,96.2,119.6,77.7,10.0,1.1,0.0,50.0,96.2
2013-06-19 12:39:41,96.3,119.7,77.6,3.8,0.0,7033.9,562.7,96.3,119.8,82.8,96.2,119.6,77.0,10.0,1.1,0.0,50.0,96.3
2013-06-19 12:39:42,96.3,119.8,77.6,3.8,0.0,7032.7,562.6,96.3,119.9,83.3,96.3,119.6,77.1,10.0,1.1,0.0,50.0,96.3
2013-06-19 12:39:43,96.1,119.8,77.7,3.8,0.0,7036.5,562.9,96.3,119.8,82.7,96.1,119.5,77.0,10.0,1.1,0.0,50.0,96.1
2013-06-19 12:39:44,96.1,119.8,77.5,3.9,0.0,7030.0,562.4,96.1,119.9,82.6,96.1,119.6,76.7,10.0,1.1,0.0,50.0,96.1
2013-06-19 12:39:45,96.0,119.6,79.2,3.9,0.0,7029.0,562.3,96.1,119.8,82.8,96.0,119.5,77.0,10.0,1.0,0.0,50.0,96.0
2013-06-19 12:39:46,96.0,119.7,78.8,3.9,0.0,7033.4,562.6,96.0,119.7,84.3,96.0,119.5,78.4,10.0,1.0,0.0,50.0,96.0
2013-06-19 12:39:47,96.1,119.7,78.7,3.9,0.0,7027.2,562.1,96.1,119.7,83.0,96.0,119.5,77.1,10.0,1.0,0.0,50.0,96.1
2013-06-19 12:39:48,96.1,119.7,78.4,4.0,0.0,7026.3,562.1,96.1,119.8,83.3,96.1,119.5,77.5,10.0,1.0,0.0,50.0,96.1
2013-06-19 12:39:49,96.1,119.6,80.5,4.0,0.0,7025.6,562.0,96.1,119.7,84.1,96.1,119.5,76.9,10.0,1.0,0.0,50.0,96.1
2013-06-19 12:39:50,96.2,119.8,78.3,4.0,0.0,7029.1,562.3,96.2,119.8,83.2,96.1,119.5,77.6,10.0,1.0,0.0,50.0,96.2
2013-06-19 12:39:51,96.1,119.8,80.1,4.1,0.0,7023.6,561.8,96.2,119.9,82.9,96.1,119.7,76.9,10.0,1.0,0.0,50.0,96.1
2013-06-19 12:39:52,96.2,119.8,80.7,4.1,0.0,7023.3,561.8,96.2,119.9,85.1,96.1,119.7,78.4,10.0,1.0,0.0,50.0,96.2
2013-06-19 12:39:53,96.3,119.9,80.4,4.1,0.0,7026.5,562.1,96.3,119.9,82.7,96.2,119.7,76.7,10.0,1.0,0.0,50.0,96.3
2013-06-19 12:39:54,96.1,119.8,80.5,4.1,0.0,7020.9,561.6,96.3,119.9,83.0,96.1,119.7,76.9,10.0,1.0,0.0,50.0,96.1
2013-06-19 12:39:55,96.1,119.8,83.0,4.2,0.0,7020.3,561.6,96.1,119.9,88.3,96.1,119.7,76.9,10.0,1.0,0.0,50.0,96.1
2013-06-19 12:39:56,96.2,119.8,79.8,4.2,0.0,7019.3,561.5,96.2,119.9,83.1,96.1,119.7,77.1,10.0,1.0,0.0,50.0,96.2
2013-06-19 12:39:57,96.2,119.7,81.6,4.2,0.0,7022.9,561.8,96.2,119.9,84.3,96.2,119.6,77.1,10.0,1.0,0.0,50.0,96.2
2013-06-19 12:39:58,96.2,119.8,83.1,4.2,0.0,7017.9,561.4,96.2,119.9,86.3,96.2,119.6,77.6,10.0,1.0,0.0,50.0,96.2
2013-06-19 12:39:59,96.3,119.8,83.1,4.3,0.0,7016.7,561.3,96.3,119.9,83.2,96.2,119.7,76.7,10.0,1.0,0.0,50.0,96.3
2013-06-19 12:40:00,96.1,119.7,79.3,4.3,0.0,7015.4,561.2,96.3,119.9,83.1,96.1,119.7,77.0,10.0,0.9,0.0,50.0,96.1
2013-06-19 12:40:01,96.0,119.7,82.4,4.3,0.0,7018.8,561.5,96.1,119.8,83.1,96.0,119.6,76.9,10.0,0.9,0.0,50.0,96.0
2013-06-19 12:40:02,96.1,119.8,82.4,4.4,0.0,7013.8,561.1,96.1,119.9,86.4,96.0,119.6,77.2,10.0,0.9,0.0,50.0,96.1
2013-06-19 12:40:03,96.3,119.9,77.4,4.4,0.0,7015.0,561.2,96.3,119.9,92.0,96.1,119.6,77.4,10.0,0.9,0.0,50.0,96.3
2013-06-19 12:40:04,96.7,119.9,80.8,4.4,0.0,7014.2,561.1,96.7,120.0,84.7,96.3,119.8,77.1,9.8,0.9,0.0,50.0,98.1
2013-06-19 12:40:05,96.7,120.0,77.2,4.4,0.0,7013.7,561.0,96.7,120.0,86.3,96.7,119.8,77.0,10.0,0.9,0.0,50.0,96.7
2013-06-19 12:40:06,96.6,119.9,77.4,4.5,0.0,7012.9,561.0,96.7,120.0,83.6,96.6,119.8,77.1,10.0,0.9,0.0,50.0,96.6
2013-06-19 12:40:07,96.4,119.9,77.3,4.5,0.0,7011.7,560.9,96.6,120.0,84.0,96.4,119.7,77.2,10.0,0.9,0.0,50.0,96.4
2013-06-19 12:40:08,96.4,119.9,78.5,4.5,0.0,7011.2,560.8,96.4,119.9,84.1,96.4,119.8,77.3,10.0,0.9,0.0,50.0,96.4
2013-06-19 12:40:09,96.4,120.0,77.2,4.5,0.0,7014.9,561.1,96.4,120.0,84.3,96.4,119.8,77.2,10.0,0.9,0.0,50.0,96.4
2013-06-19 12:40:10,96.4,119.9,78.8,4.6,0.0,7010.0,560.8,96.4,120.1,82.8,96.4,119.9,76.8,10.0,0.9,0.0,50.0,96.4
2013-06-19 12:40:11,96.5,119.9,77.7,4.6,0.0,7009.6,560.7,96.5,119.9,85.0,96.4,119.8,77.2,10.0,0.9,0.0,50.0,96.5
2013-06-19 12:40:12,96.4,120.1,77.5,4.6,0.0,7012.9,561.0,96.5,120.1,82.9,96.4,119.8,76.8,10.0,0.9,0.0,50.0,96.4
2013-06-19 12:40:13,96.4,119.9,77.5,4.6,0.0,7007.6,560.6,96.4,120.1,82.7,96.4,119.8,76.8,10.0,0.9,0.0,50.0,96.4
2013-06-19 12:40:14,96.3,119.9,77.7,4.7,0.0,7006.9,560.5,96.4,119.9,82.9,96.3,119.8,77.1,10.0,0.9,0.0,50.0,96.3
2013-06-19 12:40:15,96.2,119.9,79.2,4.7,0.0,7006.2,560.5,96.3,119.9,83.0,96.2,119.8,77.0,10.0,0.9,0.0,50.0,96.2
2013-06-19 12:40:16,96.2,119.9,77.8,4.7,0.0,7005.7,560.4,96.2,120.0,84.3,96.2,119.8,77.4,10.0,0.9,0.0,50.0,96.2
2013-06-19 12:40:17,96.3,120.0,77.8,4.7,0.0,7004.9,560.3,96.3,120.0,82.7,96.2,119.8,76.9,10.0,0.8,0.0,50.0,96.3
2013-06-19 12:40:18,96.1,119.8,78.4,4.8,0.0,7004.1,560.3,96.3,120.0,85.4,96.1,119.8,76.8,10.0,0.8,0.0,50.0,96.1
2013-06-19 12:40:19,96.1,119.7,78.2,4.8,0.0,7003.1,560.2,96.1,119.9,83.4,96.1,119.5,77.0,10.0,0.8,0.0,50.0,96.1
2013-06-19 12:40:20,96.0,119.8,78.3,4.8,0.0,7006.3,560.5,96.1,119.8,83.0,96.0,119.6,77.1,10.0,0.8,0.0,50.0,96.0
2013-06-19 12:40:21,96.0,119.7,79.1,4.9,0.0,7001.6,560.1,96.0,119.8,85.2,96.0,119.5,77.0,10.0,0.8,0.0,50.0,96.0
2013-06-19 12:40:22,96.0,119.7,80.8,4.9,0.0,7000.8,560.0,96.0,119.8,84.3,96.0,119.7,76.8,10.0,0.8,0.0,50.0,96.0
2013-06-19 12:40:23,96.0,119.9,79.7,4.9,0.0,7004.1,560.3,96.0,119.9,83.7,96.0,119.7,77.3,10.0,0.8,0.0,50.0,96.0
2013-06-19 12:40:24,96.0,119.7,83.5,4.9,0.0,7000.0,560.0,96.0,119.9,88.1,96.0,119.7,76.9,10.0,0.8,0.0,50.0,96.0
2013-06-19 12:40:25,96.2,119.9,81.1,5.0,0.0,6999.2,559.9,96.2,119.9,83.5,96.0,119.7,77.1,10.0,0.8,0.0,50.0,96.2
2013-06-19 12:40:26,96.1,119.7,82.7,5.0,0.0,6998.6,559.8,96.2,119.9,82.7,96.1,119.7,76.9,10.0,0.8,0.0,50.0,96.1
2013-06-19 12:40:27,96.1,119.8,82.9,5.0,0.0,6997.7,559.8,96.1,119.9,83.3,96.1,119.7,76.7,10.0,0.8,0.0,50.0,96.1
2013-06-19 12:40:28,96.2,119.8,77.2,5.0,0.0,6997.2,559.7,96.2,119.9,86.8,96.1,119.7,77.2,10.0,0.8,0.0,50.0,96.2
2013-06-19 12:40:29,96.1,119.8,77.2,5.1,0.0,6996.5,559.7,96.2,119.8,83.3,96.1,119.7,77.2,10.0,0.8,0.0,50.0,96.1
2013-06-19 12:40:30,96.1,119.7,81.1,5.1,0.0,6995.9,559.6,96.1,119.9,83.2,96.1,119.7,77.1,10.0,0.8,0.0,50.0,96.1
2013-06-19 12:40:31,96.2,119.8,77.0,5.1,0.0,6995.0,559.6,96.2,119.9,83.9,96.1,119.7,77.0,10.0,0.8,0.0,50.0,96.2
2013-06-19 12:40:32,96.0,119.6,77.2,5.1,0.0,6994.3,559.5,96.2,119.8,82.7,96.0,119.6,77.0,10.0,0.8,0.0,50.0,96.0
2013-06-19 12:40:33,96.0,119.7,81.2,5.2,0.0,6993.7,559.4,96.0,119.8,82.8,96.0,119.6,77.2,10.0,0.8,0.0,50.0,96.0
2013-06-19 12:40:34,96.0,119.8,78.7,5.2,0.0,6993.2,559.4,96.0,119.9,83.2,96.0,119.7,77.4,10.0,0.8,0.0,50.0,96.0
2013-06-19 12:40:35,96.0,119.7,77.0,5.2,0.0,6993.1,559.4,96.0,119.8,84.3,96.0,119.7,77.0,10.0,0.8,0.0,50.0,96.0
2013-06-19 12:40:36,96.1,119.8,77.3,5.3,0.0,6992.1,559.3,96.1,119.8,82.7,96.0,119.6,77.0,10.0,0.8,0.0,50.0,96.1
2013-06-19 12:40:37,96.1,119.7,77.3,5.3,0.0,6991.5,559.3,96.1,119.8,82.9,96.1,119.6,77.3,10.0,0.8,0.0,50.0,96.1
2013-06-19 12:40:38,96.0,119.8,77.3,5.3,0.0,6990.9,559.2,96.1,119.8,82.8,96.0,119.6,77.0,10.0,0.8,0.0,50.0,96.0
2013-06-19 12:40:39,96.0,119.7,78.3,5.3,0.0,6990.3,559.2,96.0,119.8,83.0,96.0,119.6,77.0,10.0,0.8,0.0,50.0,96.0
2013-06-19 12:40:40,96.1,119.9,78.5,5.4,0.0,6990.3,559.2,96.1,119.9,84.2,96.0,119.6,78.3,10.0,0.7,0.0,50.0,96.1
2013-06-19 12:40:41,96.2,119.8,77.4,5.4,0.0,6990.0,559.2,96.2,119.9,84.6,96.1,119.7,77.4,10.0,0.7,0.0,50.0,96.2
2013-06-19 12:40:42,96.2,119.8,77.3,5.4,0.0,6989.2,559.1,96.2,119.8,82.9,96.2,119.7,76.9,10.0,0.7,0.0,50.0,96.2
2013-06-19 12:40:43,96.2,119.8,77.4,5.4,0.0,6988.6,559.0,96.2,119.8,82.8,96.2,119.6,77.2,10.0,0.7,0.0,50.0,96.2
2013-06-19 12:40:44,96.1,119.7,77.4,5.5,0.0,6988.0,559.0,96.2,119.8,85.4,96.1,119.7,77.0,10.0,0.7,0.0,50.0,96.1
2013-06-19 12:40:45,96.0,119.7,78.6,5.5,0.0,6987.2,558.9,96.1,119.8,82.7,96.0,119.6,76.9,10.0,0.7,0.0,50.0,96.0
2013-06-19 12:40:46,96.1,119.8,78.0,5.5,0.0,6987.2,558.9,96.1,119.8,85.3,96.0,119.7,78.0,10.0,0.7,0.0,50.0,96.1
2013-06-19 12:40:47,96.2,119.8,78.0,5.5,0.0,6986.6,558.9,96.2,119.9,87.6,96.1,119.7,76.9,10.0,0.7,0.0,50.0,96.2
2013-06-19 12:40:48,96.1,119.9,78.3,5.6,0.0,6985.8,558.8,96.2,120.0,84.5,96.1,119.7,76.9,10.0,0.7,0.0,50.0,96.1
2013-06-19 12:40:49,96.1,119.8,78.2,5.6,0.0,6985.2,558.8,96.1,119.9,84.2,96.1,119.8,76.9,10.0,0.7,0.0,50.0,96.1
2013-06-19 12:40:50,96.0,119.9,79.3,5.6,0.0,6984.5,558.7,96.1,119.9,85.1,96.0,119.8,76.8,10.0,0.7,0.0,50.0,96.0
2013-06-19 12:40:51,95.9,119.8,81.7,5.6,0.0,6987.1,558.9,96.0,120.0,85.1,95.9,119.7,76.8,10.0,0.7,0.0,50.0,95.9
2013-06-19 12:40:52,95.9,119.8,82.7,5.7,0.0,6983.8,558.7,95.9,119.9,85.7,95.9,119.7,78.4,10.0,0.7,0.0,50.0,95.9
2013-06-19 12:40:53,96.2,119.8,84.1,5.7,0.0,6983.7,558.6,96.2,119.9,84.1,95.9,119.7,77.2,10.0,0.7,0.0,50.0,96.2
2013-06-19 12:40:54,96.2,119.9,79.7,5.7,0.0,6985.9,558.8,96.2,120.0,84.1,96.2,119.8,76.7,10.0,0.7,0.0,50.0,96.2
2013-06-19 12:40:55,96.0,119.8,78.1,5.8,0.0,6981.9,558.5,96.2,119.9,83.0,96.0,119.7,76.9,10.0,0.7,0.0,50.0,96.0
2013-06-19 12:40:56,96.0,119.9,79.4,5.8,0.0,6981.3,558.5,96.0,119.9,83.3,96.0,119.6,76.9,10.0,0.7,0.0,50.0,96.0
2013-06-19 12:40:57,96.0,119.8,79.4,5.8,0.0,6980.6,558.4,96.0,120.0,83.6,96.0,119.8,76.8,10.0,0.7,0.0,50.0,96.0
2013-06-19 12:40:58,96.0,119.9,78.3,5.8,0.0,6980.6,558.4,96.0,120.0,84.6,96.0,119.7,78.1,10.0,0.7,0.0,50.0,96.0
2013-06-19 12:40:59,96.1,119.7,81.5,5.9,0.0,6980.2,558.4,96.1,119.9,83.7,96.0,119.7,76.8,10.0,0.7,0.0,50.0,96.1
2013-06-19 12:41:00,96.2,119.9,78.7,5.9,0.0,6979.7,558.3,96.2,119.9,84.6,96.1,119.7,77.0,10.0,0.7,0.0,50.0,96.2
2013-06-19 12:41:01,96.0,119.7,79.7,5.9,0.0,6979.3,558.3,96.2,119.9,83.0,96.0,119.7,77.3,10.0,0.7,0.0,50.0,96.0
2013-06-19 12:41:02,96.0,119.8,83.4,5.9,0.0,6978.8,558.3,96.0,119.8,83.4,96.0,119.7,77.3,10.0,0.7,0.0,50.0,96.0
2013-06-19 12:41:03,96.0,119.7,80.1,6.0,0.0,6978.3,558.2,96.0,119.9,83.4,96.0,119.7,77.4,10.0,0.7,0.0,50.0,96.0
2013-06-19 12:41:04,96.0,119.8,80.3,6.0,0.0,6981.5,558.5,96.0,119.9,84.4,96.0,119.7,78.3,10.0,0.7,0.0,50.0,96.0
2013-06-19 12:41:05,96.2,119.7,79.8,6.0,0.0,6977.7,558.2,96.2,119.9,82.8,96.0,119.6,77.0,10.0,0.7,0.0,50.0,96.2
2013-06-19 12:41:06,96.2,119.9,77.0,6.1,0.0,6977.1,558.1,96.2,119.9,84.4,96.2,119.7,77.0,10.0,0.7,0.0,50.0,96.2
2013-06-19 12:41:07,96.1,119.9,77.2,6.1,0.0,6976.7,558.1,96.2,119.9,84.5,96.1,119.8,77.0,10.0,0.7,0.0,50.0,96.1
2013-06-19 12:41:08,96.1,119.8,77.2,6.1,0.0,6979.0,558.3,96.1,119.9,82.8,96.1,119.7,77.0,10.0,0.6,0.0,50.0,96.1
2013-06-19 12:41:09,96.0,119.9,78.2,6.1,0.0,6975.4,558.0,96.1,119.9,83.3,96.0,119.6,76.9,10.0,0.6,0.0,50.0,96.0
2013-06-19 12:41:10,96.0,119.8,78.4,6.1,0.0,6975.5,558.0,96.0,119.9,88.8,96.0,119.7,78.2,10.0,0.6,0.0,50.0,96.0
2013-06-19 12:41:11,96.2,119.8,77.2,6.2,0.0,6978.0,558.2,96.2,119.9,82.9,96.0,119.7,77.2,10.0,0.6,0.0,50.0,96.2
2013-06-19 12:41:12,96.2,119.9,77.3,6.2,0.0,6974.5,557.9,96.2,119.9,83.9,96.2,119.7,77.0,10.0,0.6,0.0,50.0,96.2
2013-06-19 12:41:13,96.1,119.9,77.3,6.2,0.0,6974.0,557.9,96.2,119.9,85.1,96.1,119.8,77.0,10.0,0.6,0.0,50.0,96.1
2013-06-19 12:41:14,96.0,119.8,77.3,6.3,0.0,6973.2,557.8,96.1,119.9,82.7,96.0,119.6,76.8,10.0,0.6,0.0,50.0,96.0
2013-06-19 12:41:15,95.9,119.7,79.1,6.3,0.0,6972.8,557.8,96.0,119.8,83.5,95.9,119.6,76.9,10.0,0.6,0.0,50.0,95.9
2013-06-19 12:41:16,95.9,119.8,78.5,6.3,0.0,6972.8,557.8,95.9,119.9,85.6,95.9,119.7,78.4,10.0,0.6,0.0,50.0,95.9
2013-06-19 12:41:17,96.2,119.8,79.1,6.3,0.0,6975.3,558.0,96.2,119.9,85.1,95.9,119.6,77.3,10.0,0.6,0.0,50.0,96.2
2013-06-19 12:41:18,96.1,119.7,80.2,6.4,0.0,6971.9,557.7,96.2,119.9,85.3,96.1,119.6,77.1,10.0,0.6,0.0,50.0,96.1
2013-06-19 12:41:19,96.0,119.9,80.5,6.4,0.0,6971.4,557.7,96.1,119.9,83.7,96.0,119.7,76.9,10.0,0.6,0.0,50.0,96.0
2013-06-19 12:41:20,96.0,119.6,83.1,6.4,0.0,6970.9,557.6,96.0,119.9,83.1,96.0,119.6,77.1,10.0,0.6,0.0,50.0,96.0
2013-06-19 12:41:21,95.9,119.7,81.0,6.4,0.0,6970.4,557.6,96.0,119.8,83.9,95.9,119.6,77.2,10.0,0.6,0.0,50.0,95.9
2013-06-19 12:41:22,95.9,119.7,78.0,6.5,0.0,6970.3,557.6,95.9,119.8,84.5,95.9,119.7,78.0,10.0,0.6,0.0,50.0,95.9
2013-06-19 12:41:23,96.1,119.7,77.0,6.5,0.0,6969.7,557.5,96.1,119.9,83.1,95.9,119.7,76.9,10.0,0.6,0.0,50.0,96.1
2013-06-19 12:41:24,96.0,119.9,77.1,6.5,0.0,6969.2,557.5,96.1,119.9,83.9,96.0,119.6,76.9,10.0,0.6,0.0,50.0,96.0
2013-06-19 12:41:25,95.9,119.9,78.2,6.6,0.0,6968.7,557.5,96.0,119.9,82.6,95.9,119.7,76.9,10.0,0.6,0.0,50.0,95.9
2013-06-19 12:41:26,95.9,120.1,76.9,6.6,0.0,6970.9,557.6,95.9,120.1,82.6,95.9,119.8,76.9,10.0,0.6,0.0,50.0,95.9
2013-06-19 12:41:27,95.8,119.9,78.1,6.6,0.0,6967.6,557.4,95.9,120.1,83.5,95.8,119.8,76.8,10.0,0.6,0.0,50.0,95.8
2013-06-19 12:41:28,95.8,119.9,79.6,6.6,0.0,6967.7,557.4,95.8,120.0,84.4,95.8,119.8,77.8,10.0,0.6,0.0,50.0,95.8
2013-06-19 12:41:29,95.9,120.1,76.9,6.7,0.0,6967.0,557.3,95.9,120.1,83.1,95.8,119.9,76.8,10.0,0.6,0.0,50.0,95.9
2013-06-19 12:41:30,95.8,120.0,77.0,6.7,0.0,6966.5,557.3,95.9,120.1,85.4,95.8,119.9,76.7,10.0,0.6,0.0,50.0,95.8
2013-06-19 12:41:31,95.9,120.0,80.8,6.7,0.0,6966.3,557.3,95.9,120.1,83.4,95.8,119.9,76.8,10.0,0.6,0.0,50.0,95.9
2013-06-19 12:41:32,95.9,120.1,76.8,6.7,0.0,6968.3,557.4,95.9,120.1,83.5,95.9,120.0,76.8,10.0,0.6,0.0,50.0,95.9
2013-06-19 12:41:33,95.7,120.0,78.3,6.8,0.0,6965.0,557.2,95.9,120.1,86.8,95.7,119.8,76.5,10.0,0.6,0.0,50.0,95.7
2013-06-19 12:41:34,95.8,120.0,82.4,6.8,0.0,6965.1,557.2,95.8,120.1,86.0,95.7,119.9,78.1,10.0,0.6,0.0,50.0,95.8
2013-06-19 12:41:35,96.0,120.1,77.0,6.8,0.0,6964.8,557.1,96.0,120.1,84.7,95.8,120.0,77.0,10.0,0.6,0.0,50.0,96.0
2013-06-19 12:41:36,95.9,119.9,76.8,6.9,0.0,6964.3,557.1,96.0,120.1,85.0,95.9,119.8,76.8,10.0,0.6,0.0,50.0,95.9
2013-06-19 12:41:37,95.9,120.0,77.3,6.9,0.0,6963.6,557.0,95.9,120.0,83.7,95.9,119.8,76.6,10.0,0.6,0.0,50.0,95.9
2013-06-19 12:41:38,95.9,120.0,77.0,6.9,0.0,6963.2,557.0,95.9,120.1,83.3,95.9,119.9,76.8,10.0,0.6,0.0,50.0,95.9
2013-06-19 12:41:39,95.7,119.9,77.5,6.9,0.0,6962.9,557.0,95.9,120.1,86.4,95.7,119.9,76.7,10.0,0.6,0.0,50.0,95.7
2013-06-19 12:41:40,95.8,119.9,77.6,6.9,0.0,6962.4,556.9,95.8,120.0,83.8,95.7,119.8,77.1,10.0,0.6,0.0,50.0,95.8
2013-06-19 12:41:41,95.9,119.9,77.4,7.0,0.0,6962.1,556.9,95.9,120.0,83.1,95.8,119.8,76.9,10.0,0.6,0.0,50.0,95.9
2013-06-19 12:41:42,95.8,120.0,77.9,7.0,0.0,6961.6,556.9,95.9,120.0,83.7,95.8,119.8,76.9,10.0,0.6,0.0,50.0,95.8
2013-06-19 12:41:43,95.8,120.0,78.2,7.0,0.0,6961.1,556.8,95.8,120.1,82.8,95.8,119.9,76.9,10.0,0.6,0.0,50.0,95.8
2013-06-19 12:41:44,95.8,120.0,80.7,7.0,0.0,6963.6,557.0,95.8,120.1,84.8,95.8,119.9,77.0,10.0,0.6,0.0,50.0,95.8
2013-06-19 12:41:45,95.9,119.9,80.5,7.1,0.0,6961.0,556.8,95.9,120.0,83.9,95.8,119.8,78.4,10.0,0.6,0.0,50.0,95.9
2013-06-19 12:41:46,96.0,120.0,80.6,7.1,0.0,6960.4,556.8,96.0,120.0,83.0,95.9,119.9,76.8,10.0,0.5,0.0,50.0,96.0
2013-06-19 12:41:47,96.0,120.0,82.8,7.1,0.0,6960.2,556.8,96.0,120.1,82.8,96.0,119.9,76.9,10.0,0.5,0.0,50.0,96.0
2013-06-19 12:41:48,95.9,119.9,79.6,7.2,0.0,6959.6,556.7,96.0,120.0,83.0,95.9,119.8,76.9,10.0,0.5,0.0,50.0,95.9
2013-06-19 12:41:49,95.9,119.9,77.2,7.2,0.0,6959.0,556.7,95.9,120.0,83.1,95.9,119.9,77.0,10.0,0.5,0.0,50.0,95.9
2013-06-19 12:41:50,95.9,119.9,77.3,7.2,0.0,6958.7,556.6,95.9,120.0,82.8,95.9,119.8,77.1,10.0,0.5,0.0,50.0,95.9
2013-06-19 12:41:51,95.8,120.0,78.9,7.2,0.0,6958.5,556.6,95.9,120.0,83.3,95.8,119.8,76.9,10.0,0.5,0.0,50.0,95.8
2013-06-19 12:41:52,96.0,120.0,77.2,7.3,0.0,6958.2,556.6,96.0,120.0,84.1,95.8,119.8,77.1,10.0,0.5,0.0,50.0,96.0
2013-06-19 12:41:53,95.9,120.1,77.2,7.3,0.0,6960.4,556.8,96.0,120.1,83.4,95.9,119.9,77.0,10.0,0.5,0.0,50.0,95.9
2013-06-19 12:41:54,96.0,120.0,78.0,7.3,0.0,6957.6,556.6,96.0,120.1,82.6,95.9,119.9,77.0,10.0,0.5,0.0,50.0,96.0
2013-06-19 12:41:55,95.9,120.1,77.3,7.3,0.0,6957.1,556.5,96.0,120.1,82.7,95.9,120.0,77.1,10.0,0.5,0.0,50.0,95.9
2013-06-19 12:41:56,95.8,119.9,77.3,7.4,0.0,6956.7,556.5,95.9,120.1,83.7,95.8,119.9,76.8,10.0,0.5,0.0,50.0,95.8
2013-06-19 12:41:57,95.7,120.1,79.9,7.4,0.0,6959.0,556.7,95.8,120.1,83.3,95.7,119.9,76.8,10.0,0.5,0.0,50.0,95.7
2013-06-19 12:41:58,95.9,120.1,77.5,7.4,0.0,6956.2,556.5,95.9,120.1,84.6,95.7,119.9,77.1,10.0,0.5,0.0,50.0,95.9
2013-06-19 12:41:59,95.9,120.0,77.4,7.5,0.0,6955.8,556.4,95.9,120.1,86.3,95.9,119.9,76.7,10.0,0.5,0.0,50.0,95.9
2013-06-19 12:42:00,95.8,120.0,80.6,7.5,0.0,6958.0,556.6,95.9,120.1,82.9,95.8,119.9,76.8,10.0,0.5,0.0,50.0,95.8
2013-06-19 12:42:01,95.8,120.1,77.8,7.5,0.0,6955.0,556.4,95.8,120.1,83.0,95.8,120.0,76.7,10.0,0.5,0.0,50.0,95.8
2013-06-19 12:42:02,95.8,119.9,79.2,7.5,0.0,6954.8,556.3,95.8,120.1,85.4,95.8,119.7,76.9,10.0,0.5,0.0,50.0,95.8
2013-06-19 12:42:03,95.9,120.0,82.1,7.6,0.0,6954.9,556.3,95.9,120.0,84.3,95.8,119.8,78.2,10.0,0.5,0.0,50.0,95.9
2013-06-19 12:42:04,96.0,120.0,79.6,7.6,0.0,6954.6,556.3,96.0,120.1,84.0,95.9,119.8,77.0,10.0,0.5,0.0,50.0,96.0
2013-06-19 12:42:05,96.1,120.0,77.9,7.6,0.0,6954.5,556.3,96.1,120.1,84.7,96.0,119.9,77.4,10.0,0.5,0.0,50.0,96.1
2013-06-19 12:42:06,96.1,120.0,80.4,7.6,0.0,6954.0,556.3,96.1,120.1,82.6,96.1,119.9,76.7,10.0,0.5,0.0,50.0,96.1
2013-06-19 12:42:07,96.0,120.0,78.6,7.7,0.0,6953.5,556.2,96.1,120.1,82.5,96.0,119.9,76.7,10.0,0.5,0.0,50.0,96.0
2013-06-19 12:42:08,95.9,120.0,81.2,7.7,0.0,6955.8,556.4,96.0,120.0,83.3,95.9,119.9,76.8,10.0,0.5,0.0,50.0,95.9
2013-06-19 12:42:09,96.0,119.9,81.1,7.7,0.0,6953.3,556.2,96.0,120.1,84.3,95.9,119.9,78.3,10.0,0.5,0.0,50.0,96.0
2013-06-19 12:42:10,96.2,119.9,80.2,7.7,0.0,6953.0,556.2,96.2,120.0,83.4,96.0,119.9,76.7,10.0,0.5,0.0,50.0,96.2
2013-06-19 12:42:11,96.0,120.0,80.4,7.8,0.0,6952.7,556.2,96.2,120.0,83.4,96.0,119.8,76.8,10.0,0.5,0.0,50.0,96.0
2013-06-19 12:42:12,96.0,119.9,80.3,7.8,0.0,6952.2,556.1,96.0,120.1,82.9,96.0,119.9,76.9,10.0,0.5,0.0,50.0,96.0
2013-06-19 12:42:13,96.0,119.9,80.8,7.8,0.0,6951.9,556.1,96.0,120.0,83.1,96.0,119.8,77.1,10.0,0.5,0.0,50.0,96.0
2013-06-19 12:42:14,96.0,119.8,84.5,7.8,0.0,6954.3,556.3,96.0,120.0,84.5,96.0,119.8,77.2,10.0,0.5,0.0,50.0,96.0
2013-06-19 12:42:15,96.1,119.9,80.1,7.9,0.0,6951.6,556.1,96.1,120.0,84.5,96.0,119.8,77.2,10.0,0.5,0.0,50.0,96.1
2013-06-19 12:42:16,96.3,119.9,77.7,7.9,0.0,6951.7,556.1,96.3,119.9,84.8,96.1,119.8,77.7,10.0,0.5,0.0,50.0,96.3
2013-06-19 12:42:17,96.3,119.8,78.0,7.9,0.0,6951.6,556.1,96.3,119.9,84.7,96.3,119.7,77.7,10.0,0.5,0.0,50.0,96.3
2013-06-19 12:42:18,96.3,119.8,78.1,8.0,0.0,6951.3,556.1,96.3,119.9,85.2,96.3,119.7,77.7,10.0,0.5,0.0,50.0,96.3
2013-06-19 12:42:19,96.3,119.9,78.7,8.0,0.0,6953.5,556.2,96.3,119.9,85.7,96.3,119.7,77.4,10.0,0.5,0.0,50.0,96.3
2013-06-19 12:42:20,96.4,119.8,78.1,8.0,0.0,6951.4,556.1,96.4,119.9,85.5,96.3,119.6,78.1,10.0,0.5,0.0,50.0,96.4
2013-06-19 12:42:21,96.5,119.8,77.8,8.0,0.0,6951.1,556.0,96.5,119.9,84.1,96.4,119.8,77.7,10.0,0.5,0.0,50.0,96.5
2013-06-19 12:42:22,96.4,119.8,77.8,8.1,0.0,6953.2,556.2,96.5,119.8,86.7,96.4,119.7,77.6,10.0,0.5,0.0,50.0,96.4
2013-06-19 12:42:23,96.3,119.7,78.4,8.1,0.0,6950.7,556.0,96.4,119.8,84.4,96.3,119.6,77.6,10.0,0.5,0.0,50.0,96.3
2013-06-19 12:42:24,96.3,119.7,77.7,8.1,0.0,6950.4,556.0,96.3,119.8,83.5,96.3,119.7,77.6,10.0,0.5,0.0,50.0,96.3
2013-06-19 12:42:25,96.3,119.7,79.2,8.1,0.0,6950.3,556.0,96.3,119.7,85.5,96.3,119.6,77.5,10.0,0.5,0.0,50.0,96.3
2013-06-19 12:42:26,96.4,119.7,79.5,8.2,0.0,6952.8,556.2,96.4,119.7,85.5,96.3,119.5,79.0,10.0,0.5,0.0,50.0,96.4
2013-06-19 12:42:27,96.5,119.8,77.8,8.2,0.0,6950.2,556.0,96.5,119.8,83.9,96.4,119.6,77.8,10.0,0.5,0.0,50.0,96.5
2013-06-19 12:42:28,96.4,119.7,77.6,8.2,0.0,6950.1,556.0,96.5,119.8,85.2,96.4,119.6,77.6,10.0,0.5,0.0,50.0,96.4
2013-06-19 12:42:29,96.4,119.7,79.8,8.3,0.0,6949.9,555.9,96.4,119.8,83.5,96.4,119.6,77.4,10.0,0.5,0.0,50.0,96.4
2013-06-19 12:42:30,96.4,119.7,77.8,8.3,0.0,6949.6,555.9,96.4,119.7,83.6,96.4,119.6,77.7,10.0,0.5,0.0,50.0,96.4
2013-06-19 12:42:31,96.3,119.7,79.3,8.3,0.0,6949.9,555.9,96.4,119.7,85.9,96.3,119.5,77.6,10.0,0.5,0.0,50.0,96.3
2013-06-19 12:42:32,96.6,119.6,81.1,8.3,0.0,6952.3,556.1,96.6,119.8,84.7,96.3,119.6,78.7,9.9,0.5,0.0,50.0,96.7
2013-06-19 12:42:33,96.7,119.6,77.5,8.4,0.0,6949.6,555.9,96.7,119.8,82.8,96.6,119.6,76.9,10.0,0.5,0.0,50.0,96.7
2013-06-19 12:42:34,96.5,119.7,77.6,8.4,0.0,6949.4,555.9,96.7,119.7,83.5,96.5,119.5,76.9,10.0,0.5,0.0,50.0,96.5
2013-06-19 12:42:35,96.6,119.6,86.0,8.4,0.0,6950.3,556.0,96.6,119.7,87.4,96.5,119.6,77.6,10.0,0.5,0.0,50.0,96.6
2013-06-19 12:42:36,103.7,119.5,93.8,8.5,0.0,6956.3,556.5,103.7,119.6,98.0,96.6,119.4,86.0,10.0,0.5,0.0,50.0,103.7
2013-06-19 12:42:37,114.4,119.7,84.9,8.5,0.0,6957.6,556.6,114.4,119.7,99.8,103.7,119.4,84.8,10.0,0.5,0.0,50.0,114.4
2013-06-19 12:42:38,113.9,119.6,89.6,8.5,0.0,6959.6,556.7,114.4,119.7,90.7,113.9,119.6,84.9,10.0,0.5,0.0,50.0,113.9
2013-06-19 12:42:39,105.6,119.6,88.2,8.5,0.0,6961.1,556.8,113.9,119.7,90.8,105.6,119.5,81.8,10.0,0.6,0.0,50.0,105.6
2013-06-19 12:42:40,105.5,119.6,87.0,8.6,0.0,6965.2,557.2,105.6,119.7,93.5,105.5,119.5,82.2,10.0,0.6,0.0,50.0,105.5
2013-06-19 12:42:41,105.3,119.6,89.0,8.6,0.0,6964.3,557.1,105.5,119.8,89.0,105.3,119.6,82.3,10.0,0.6,0.0,50.0,105.3
2013-06-19 12:42:42,105.0,119.5,86.0,8.6,0.0,6965.3,557.2,105.3,119.8,89.0,105.0,119.5,81.6,10.0,0.7,0.0,50.0,105.0
2013-06-19 12:42:43,104.7,119.5,84.4,8.6,0.0,6969.3,557.5,105.0,119.6,93.0,104.7,119.5,83.5,10.0,0.7,0.0,50.0,104.7
2013-06-19 12:42:44,104.9,119.5,93.6,8.7,0.0,6970.1,557.6,104.9,119.6,95.8,104.7,119.4,84.1,10.0,0.7,0.0,50.0,104.9
2013-06-19 12:42:45,113.2,119.4,97.1,8.7,0.0,6974.6,557.9,113.2,119.5,100.5,104.9,119.3,93.6,10.0,0.7,0.0,50.0,113.2
2013-06-19 12:42:46,113.7,119.5,85.0,8.7,0.0,6977.2,558.1,113.7,119.6,99.1,113.2,119.3,85.0,9.8,0.8,0.0,50.0,115.1
2013-06-19 12:42:47,106.6,119.6,85.1,8.8,0.0,6980.8,558.4,113.7,119.6,90.6,106.6,119.4,83.9,10.0,0.8,0.0,50.0,106.6
2013-06-19 12:42:48,106.3,119.5,88.0,8.8,0.0,6980.4,558.4,106.6,119.6,92.6,106.3,119.4,83.8,10.0,0.8,0.0,50.0,106.3
2013-06-19 12:42:49,106.2,119.6,92.9,8.8,0.0,6983.9,558.7,106.3,119.6,98.4,106.2,119.4,88.0,10.0,0.9,0.0,50.0,106.2
2013-06-19 12:42:50,113.4,119.4,91.1,8.9,0.0,6987.0,558.9,113.4,119.6,94.6,106.2,119.4,90.2,10.0,0.9,0.0,50.0,113.4
2013-06-19 12:42:51,113.3,119.5,86.4,8.9,0.0,6990.1,559.2,113.4,119.5,98.5,113.3,119.3,86.4,10.0,0.9,0.0,50.0,113.3
2013-06-19 12:42:52,112.8,119.4,95.1,8.9,0.0,6993.2,559.4,113.3,119.6,97.7,112.8,119.3,84.4,10.0,0.9,0.0,50.0,112.8
2013-06-19 12:42:53,113.0,119.4,90.0,9.0,0.0,6996.2,559.6,113.0,119.6,95.8,112.8,119.3,88.0,10.0,1.0,0.0,50.0,113.0
2013-06-19 12:42:54,112.8,119.6,83.0,9.0,0.0,6998.4,559.8,113.0,119.6,97.8,112.8,119.3,82.1,10.0,1.0,0.0,50.0,112.8
2013-06-19 12:42:55,104.6,119.5,84.8,9.0,0.0,6999.1,559.9,112.8,119.6,89.7,104.6,119.5,81.1,10.0,1.0,0.0,50.0,104.6
2013-06-19 12:42:56,104.2,119.4,99.5,9.0,0.0,7002.6,560.2,104.6,119.5,103.4,104.2,119.2,83.1,10.0,1.0,0.0,50.0,104.2
2013-06-19 12:42:57,117.9,119.4,86.3,9.1,0.0,7006.7,560.5,117.9,119.5,102.5,104.2,119.2,86.3,10.0,1.1,0.0,50.0,117.9
2013-06-19 12:42:58,112.6,119.4,80.2,9.1,0.0,7006.5,560.5,117.9,119.6,86.3,112.6,119.4,77.5,10.0,1.1,0.0,50.0,112.6
2013-06-19 12:42:59,96.5,119.6,81.8,9.1,0.0,7006.3,560.5,112.6,119.6,85.8,96.5,119.4,77.4,10.0,1.1,0.0,50.0,96.5
2013-06-19 12:43:00,96.4,119.4,81.8,9.2,0.0,7005.9,560.4,96.5,119.6,86.3,96.4,119.3,77.6,10.0,1.1,0.0,50.0,96.4
2013-06-19 12:43:01,96.4,119.5,84.1,9.2,0.0,7005.7,560.4,96.4,119.6,85.5,96.4,119.4,77.6,10.0,1.1,0.0,50.0,96.4
2013-06-19 12:43:02,96.5,119.5,84.5,9.2,0.0,7005.4,560.4,96.5,119.6,84.5,96.4,119.4,77.4,10.0,1.1,0.0,50.0,96.5
2013-06-19 12:43:03,96.4,119.5,81.2,9.2,0.0,7005.1,560.4,96.5,119.6,84.5,96.4,119.4,77.5,10.0,1.1,0.0,50.0,96.4
2013-06-19 12:43:04,96.5,119.5,80.2,9.3,0.0,7004.6,560.3,96.5,119.6,84.7,96.4,119.4,77.5,10.0,1.1,0.0,50.0,96.5
2013-06-19 12:43:05,96.4,119.5,79.8,9.3,0.0,7004.4,560.3,96.5,119.6,84.8,96.4,119.4,77.7,10.0,1.1,0.0,50.0,96.4
2013-06-19 12:43:06,96.4,119.4,80.0,9.3,0.0,7004.1,560.3,96.4,119.6,84.3,96.4,119.4,77.3,10.0,1.1,0.0,50.0,96.4
2013-06-19 12:43:07,96.4,119.4,77.7,9.3,0.0,7003.8,560.3,96.4,119.6,84.9,96.4,119.4,77.7,10.0,1.1,0.0,50.0,96.4
2013-06-19 12:43:08,96.4,119.6,77.8,9.4,0.0,7003.6,560.2,96.4,119.6,84.0,96.4,119.2,77.6,10.0,1.1,0.0,50.0,96.4
2013-06-19 12:43:09,96.5,119.5,78.9,9.4,0.0,7003.2,560.2,96.5,119.6,83.4,96.4,119.4,77.2,10.0,1.1,0.0,50.0,96.5
2013-06-19 12:43:10,96.3,119.6,77.9,9.4,0.0,7002.8,560.2,96.5,119.6,83.6,96.3,119.4,77.6,10.0,1.1,0.0,50.0,96.3
2013-06-19 12:43:11,96.3,119.5,77.5,9.4,0.0,7004.5,560.3,96.3,119.6,84.5,96.3,119.4,77.3,10.0,1.1,0.0,50.0,96.3
2013-06-19 12:43:12,96.2,119.5,80.9,9.5,0.0,7004.2,560.3,96.3,119.6,83.3,96.2,119.4,77.4,10.0,1.1,0.0,50.0,96.2
2013-06-19 12:43:13,96.3,119.5,77.8,9.5,0.0,7001.9,560.1,96.3,119.6,84.6,96.2,119.5,77.8,10.0,1.1,0.0,50.0,96.3
2013-06-19 12:43:14,96.3,119.6,79.0,9.5,0.0,7001.8,560.1,96.3,119.6,87.8,96.3,119.4,77.7,10.0,1.0,0.0,50.0,96.3
2013-06-19 12:43:15,96.4,119.6,80.9,9.6,0.0,7003.5,560.2,96.4,119.7,84.5,96.3,119.5,77.5,10.0,1.0,0.0,50.0,96.4
2013-06-19 12:43:16,96.4,119.6,77.7,9.6,0.0,7001.4,560.1,96.4,119.6,86.5,96.4,119.4,77.4,10.0,1.0,0.0,50.0,96.4
2013-06-19 12:43:17,96.5,119.3,78.0,9.6,0.0,7001.0,560.0,96.5,119.7,86.1,96.4,119.3,77.3,10.0,1.0,0.0,50.0,96.5
2013-06-19 12:43:18,96.4,119.4,83.6,9.6,0.0,7000.8,560.0,96.5,119.5,83.6,96.4,119.3,77.5,10.0,1.0,0.0,50.0,96.4
2013-06-19 12:43:19,96.5,119.6,78.4,9.7,0.0,7002.6,560.2,96.5,119.6,84.3,96.4,119.4,78.4,10.0,1.0,0.0,50.0,96.5
2013-06-19 12:43:20,96.5,119.6,77.8,9.7,0.0,7000.3,560.0,96.5,119.7,84.2,96.5,119.5,77.4,10.0,1.0,0.0,50.0,96.5
2013-06-19 12:43:21,96.5,119.5,79.3,9.7,0.0,7000.0,560.0,96.5,119.7,83.9,96.5,119.4,77.3,10.0,1.0,0.0,50.0,96.5
2013-06-19 12:43:22,96.5,119.7,77.9,9.7,0.0,6999.6,559.9,96.5,119.7,83.6,96.5,119.5,77.3,10.0,1.0,0.0,50.0,96.5
2013-06-19 12:43:23,96.3,119.6,79.5,9.8,0.0,6999.5,559.9,96.5,119.8,85.2,96.3,119.5,77.2,10.0,1.0,0.0,50.0,96.3
2013-06-19 12:43:24,96.5,119.7,80.2,9.8,0.0,6999.3,559.9,96.5,119.7,84.6,96.3,119.5,78.5,10.0,1.0,0.0,50.0,96.5
2013-06-19 12:43:25,96.7,119.6,78.7,9.8,0.0,6999.2,559.9,96.7,119.8,83.8,96.5,119.6,77.2,10.0,1.0,0.0,50.0,96.7
2013-06-19 12:43:26,96.5,119.7,79.9,9.9,0.0,6998.9,559.9,96.7,119.7,83.6,96.5,119.6,77.1,10.0,1.0,0.0,50.0,96.5
2013-06-19 12:43:27,96.5,119.9,80.5,9.9,0.0,6998.4,559.8,96.5,119.9,83.5,96.5,119.6,77.2,10.0,1.0,0.0,50.0,96.5
2013-06-19 12:43:28,96.4,119.8,82.1,9.9,0.0,6998.1,559.8,96.5,119.9,83.8,96.4,119.8,77.2,10.0,1.0,0.0,50.0,96.4
2013-06-19 12:43:29,96.3,119.8,84.0,9.9,0.0,6997.8,559.8,96.4,120.0,84.0,96.3,119.8,77.0,10.0,1.0,0.0,50.0,96.3
2013-06-19 12:43:30,96.4,119.9,78.2,10.0,0.0,6997.4,559.7,96.4,120.0,84.1,96.3,119.7,77.6,10.0,1.0,0.0,50.0,96.4
2013-06-19 12:43:31,96.4,119.8,77.6,10.0,0.0,6997.2,559.7,96.4,119.9,83.0,96.4,119.8,77.4,10.0,1.0,0.0,50.0,96.4
2013-06-19 12:43:32,96.4,120.0,77.8,10.0,0.0,6996.9,559.7,96.4,120.0,83.2,96.4,119.8,77.2,10.0,1.0,0.0,50.0,96.4
2013-06-19 12:43:33,96.4,119.8,77.2,10.0,0.0,6998.4,559.8,96.4,120.0,83.0,96.4,119.8,77.2,10.0,1.0,0.0,50.0,96.4
2013-06-19 12:43:34,96.3,120.0,78.6,10.1,0.0,6996.3,559.7,96.4,120.0,83.8,96.3,119.8,76.9,10.0,1.0,0.0,50.0,96.3
2013-06-19 12:43:35,96.3,120.0,79.1,10.1,0.0,6996.2,559.6,96.3,120.1,84.1,96.3,119.9,77.5,10.0,1.0,0.0,50.0,96.3
2013-06-19 12:43:36,96.5,120.1,77.7,10.1,0.0,6997.8,559.8,96.5,120.1,84.2,96.3,119.9,77.5,10.0,1.0,0.0,50.0,96.5
2013-06-19 12:43:37,96.3,120.0,77.7,10.1,0.0,6995.7,559.6,96.5,120.1,85.9,96.3,119.9,77.1,10.0,1.0,0.0,50.0,96.3
2013-06-19 12:43:38,96.3,120.0,78.4,10.2,0.0,6995.4,559.6,96.3,120.0,83.0,96.3,119.9,77.2,10.0,1.0,0.0,50.0,96.3
2013-06-19 12:43:39,96.3,119.9,77.8,10.2,0.0,6994.9,559.5,96.3,120.0,82.7,96.3,119.9,76.9,10.0,1.0,0.0,50.0,96.3
2013-06-19 12:43:40,96.2,119.8,77.9,10.2,0.0,6996.5,559.7,96.3,120.0,85.3,96.2,119.7,77.1,10.0,1.0,0.0,50.0,96.2
2013-06-19 12:43:41,96.2,119.7,81.1,10.2,0.0,6994.4,559.5,96.2,119.9,83.2,96.2,119.7,77.1,10.0,1.0,0.0,50.0,96.2
2013-06-19 12:43:42,96.2,119.8,78.1,10.3,0.0,6994.3,559.5,96.2,119.9,84.4,96.2,119.7,77.7,10.0,1.0,0.0,50.0,96.2
2013-06-19 12:43:43,96.3,119.7,77.9,10.3,0.0,6994.0,559.5,96.3,119.8,85.2,96.2,119.7,77.2,10.0,1.0,0.0,50.0,96.3
2013-06-19 12:43:44,96.3,119.9,81.0,10.3,0.0,6993.7,559.5,96.3,119.9,84.7,96.3,119.7,76.9,10.0,1.0,0.0,50.0,96.3
2013-06-19 12:43:45,96.3,119.7,78.1,10.4,0.0,6993.3,559.4,96.3,119.9,84.9,96.3,119.7,77.1,10.0,1.0,0.0,50.0,96.3
2013-06-19 12:43:46,96.2,119.7,78.3,10.4,0.0,6993.0,559.4,96.3,119.8,85.6,96.2,119.5,77.2,10.0,1.0,0.0,50.0,96.2
2013-06-19 12:43:47,96.2,119.7,83.1,10.4,0.0,6994.7,559.5,96.2,119.9,83.9,96.2,119.6,77.4,10.0,1.0,0.0,50.0,96.2
2013-06-19 12:43:48,96.3,119.8,78.3,10.4,0.0,6992.7,559.4,96.3,119.8,85.8,96.2,119.6,77.8,10.0,1.0,0.0,50.0,96.3
2013-06-19 12:43:49,96.3,119.7,79.7,10.5,0.0,6992.6,559.4,96.3,119.9,86.0,96.3,119.7,77.1,10.0,1.0,0.0,50.0,96.3
2013-06-19 12:43:50,96.4,119.8,82.5,10.5,0.0,6992.4,559.3,96.4,119.8,84.1,96.3,119.6,77.2,10.0,0.9,0.0,50.0,96.4
2013-06-19 12:43:51,96.4,119.8,79.1,10.5,0.0,6992.0,559.3,96.4,119.9,83.7,96.4,119.7,77.2,10.0,0.9,0.0,50.0,96.4
2013-06-19 12:43:52,96.3,119.8,78.9,10.5,0.0,6991.7,559.3,96.4,119.8,84.0,96.3,119.7,77.3,10.0,0.9,0.0,50.0,96.3
2013-06-19 12:43:53,96.3,119.7,81.3,10.6,0.0,6991.4,559.3,96.3,119.9,84.0,96.3,119.6,77.0,10.0,0.9,0.0,50.0,96.3
2013-06-19 12:43:54,96.3,119.7,81.0,10.6,0.0,6991.3,559.3,96.3,119.8,84.4,96.3,119.6,78.2,10.0,0.9,0.0,50.0,96.3
2013-06-19 12:43:55,96.4,119.8,82.1,10.6,0.0,6991.0,559.2,96.4,119.8,83.3,96.3,119.6,77.3,10.0,0.9,0.0,50.0,96.4
2013-06-19 12:43:56,96.3,119.6,84.4,10.7,0.0,6992.5,559.4,96.4,119.9,84.4,96.3,119.6,77.3,10.0,0.9,0.0,50.0,96.3
