2013-06-21 11:51:30,111.7,119.3,99.5,0.0,0.0,8235.1,658.8,111.7,119.4,104.2,101.7,119.2,99.5,10.0,7.7,0.0,50.0,111.7
2013-06-21 11:51:31,123.6,119.2,102.3,0.0,0.0,9510.2,760.8,123.6,119.3,106.3,111.7,119.0,99.4,10.0,10.0,0.0,50.0,123.6
2013-06-21 11:51:32,123.7,119.2,100.6,0.0,0.0,8812.9,705.0,123.7,119.3,104.6,123.6,119.1,100.2,10.0,10.0,0.0,50.0,123.7
2013-06-21 11:51:33,123.7,119.3,100.0,0.0,0.0,8826.4,706.1,123.7,119.3,104.9,123.7,119.1,100.0,10.0,10.0,0.0,50.0,123.7
2013-06-21 11:51:34,123.6,119.3,100.0,0.1,0.0,8817.3,705.3,123.7,119.4,104.4,123.6,119.2,99.3,10.0,10.0,0.0,50.0,123.6
2013-06-21 11:51:35,123.6,119.3,100.0,0.1,0.0,8814.3,705.1,123.6,119.3,104.0,123.6,119.1,100.0,10.0,10.0,0.0,50.0,123.6
2013-06-21 11:51:36,123.4,119.2,100.6,0.1,0.0,8818.9,705.5,123.6,119.3,105.7,123.4,119.0,99.4,10.0,10.0,0.0,50.0,123.4
2013-06-21 11:51:37,123.4,119.2,102.0,0.2,0.0,8831.9,706.5,123.4,119.2,106.2,123.4,119.0,100.5,10.0,10.0,0.0,50.0,123.4
2013-06-21 11:51:38,123.6,119.2,101.6,0.2,0.0,8841.7,707.3,123.6,119.2,107.6,123.4,119.0,100.3,10.0,10.0,0.0,50.0,123.6
2013-06-21 11:51:39,123.6,119.3,100.9,0.3,0.0,8936.5,714.9,123.6,119.3,105.3,123.6,119.1,100.0,10.0,10.0,0.0,50.0,123.6
2013-06-21 11:51:40,123.5,119.2,101.7,0.3,0.0,8836.6,706.9,123.6,119.3,104.3,123.5,119.1,99.4,10.0,10.0,0.0,50.0,123.5
2013-06-21 11:51:43,110.2,119.3,95.7,0.4,0.0,8637.6,691.0,110.2,119.5,99.0,110.1,119.2,83.4,10.0,10.0,0.0,50.0,110.2
2013-06-21 11:51:44,109.7,119.4,85.0,0.4,0.0,8564.6,685.1,110.2,119.5,97.0,109.7,119.2,83.0,10.0,10.0,0.0,50.0,109.7
2013-06-21 11:51:47,109.1,119.5,82.0,0.5,0.0,8394.7,671.5,109.2,119.5,93.2,109.1,119.3,81.9,10.0,10.0,0.0,50.0,109.1
2013-06-21 11:51:48,99.8,119.4,80.2,0.5,0.0,8372.9,669.8,109.1,119.5,90.5,99.8,119.3,80.2,10.0,9.8,0.0,50.0,99.8
2013-06-21 11:51:49,99.7,119.4,78.8,0.6,0.0,8302.4,664.1,99.8,119.4,91.0,99.7,119.3,78.8,10.0,9.3,0.0,50.0,99.7
2013-06-21 11:51:50,99.6,119.5,78.7,0.6,0.0,8199.6,655.9,99.7,119.5,88.3,99.6,119.3,78.7,10.0,8.8,0.0,50.0,99.6
2013-06-21 11:51:51,99.3,119.4,79.2,0.6,0.0,8143.5,651.4,99.6,119.5,89.2,99.3,119.2,78.2,10.0,8.4,0.0,50.0,99.3
2013-06-21 11:51:52,99.2,119.4,79.6,0.6,0.0,8091.2,647.3,99.3,119.5,86.9,99.2,119.3,78.6,10.0,8.0,0.0,50.0,99.2
2013-06-21 11:51:53,99.1,119.5,80.4,0.7,0.0,8047.0,643.7,99.2,119.5,88.0,99.1,119.2,79.1,10.0,7.7,0.0,50.0,99.1
2013-06-21 11:51:54,98.9,119.3,80.4,0.7,0.0,8004.1,640.3,99.1,119.5,87.7,98.9,119.3,78.5,10.0,7.4,0.0,50.0,98.9
2013-06-21 11:51:55,98.8,119.4,81.4,0.7,0.0,7962.9,637.0,98.9,119.4,86.0,98.8,119.2,78.6,10.0,7.1,0.0,50.0,98.8
2013-06-21 11:51:56,98.7,119.3,83.6,0.7,0.0,7929.7,634.3,98.8,119.5,87.0,98.7,119.2,79.2,10.0,6.8,0.0,50.0,98.7
2013-06-21 11:51:57,98.6,119.4,84.8,0.8,0.0,7930.5,634.4,98.7,119.4,87.9,98.6,119.2,80.0,10.0,6.6,0.0,50.0,98.6
2013-06-21 11:51:58,98.8,119.3,86.2,0.8,0.0,7869.7,629.5,98.8,119.5,86.2,98.6,119.3,78.8,10.0,6.3,0.0,50.0,98.8
2013-06-21 11:51:59,98.7,119.3,82.8,0.8,0.0,7839.3,627.1,98.8,119.4,86.2,98.7,119.3,78.6,10.0,6.1,0.0,50.0,98.7
2013-06-21 11:52:00,98.5,119.5,80.2,0.8,0.0,7811.2,624.9,98.7,119.5,86.1,98.5,119.3,78.7,10.0,5.9,0.0,50.0,98.5
2013-06-21 11:52:01,98.5,119.4,79.9,0.9,0.0,7809.5,624.7,98.5,119.5,86.4,98.5,119.3,78.7,10.0,5.7,0.0,50.0,98.5
2013-06-21 11:52:02,98.3,119.4,80.3,0.9,0.0,7763.0,621.0,98.5,119.4,85.9,98.3,119.3,79.5,10.0,5.5,0.0,50.0,98.3
2013-06-21 11:52:03,98.4,119.3,82.5,0.9,0.0,7742.8,619.4,98.4,119.4,87.2,98.3,119.2,78.6,10.0,5.4,0.0,50.0,98.4
2013-06-21 11:52:04,98.5,119.3,79.7,1.0,0.0,7720.9,617.6,98.5,119.4,86.6,98.4,119.2,78.7,10.0,5.2,0.0,50.0,98.5
2013-06-21 11:52:05,98.4,119.3,79.8,1.0,0.0,7700.6,616.0,98.5,119.4,85.6,98.4,119.2,78.7,10.0,5.0,0.0,50.0,98.4
2013-06-21 11:52:06,98.3,119.4,81.7,1.0,0.0,7681.4,614.5,98.4,119.4,85.0,98.3,119.2,78.7,10.0,4.9,0.0,50.0,98.3
2013-06-21 11:52:07,98.2,119.4,81.0,1.0,0.0,7661.7,612.9,98.3,119.4,85.3,98.2,119.2,78.7,10.0,4.8,0.0,50.0,98.2
2013-06-21 11:52:08,98.0,119.3,82.6,1.1,0.0,7646.8,611.7,98.2,119.4,88.9,98.0,119.2,78.8,10.0,4.6,0.0,50.0,98.0
2013-06-21 11:52:09,98.1,119.3,83.9,1.1,0.0,7631.9,610.5,98.1,119.4,86.4,98.0,119.3,79.0,10.0,4.5,0.0,50.0,98.1
2013-06-21 11:52:10,98.2,119.3,80.8,1.1,0.0,7633.5,610.6,98.2,119.4,85.1,98.1,119.2,78.5,10.0,4.4,0.0,50.0,98.2
2013-06-21 11:52:11,98.0,119.3,79.9,1.2,0.0,7599.1,607.9,98.2,119.4,90.0,98.0,119.2,78.4,10.0,4.3,0.0,50.0,98.0
2013-06-21 11:52:12,97.9,119.3,81.7,1.2,0.0,7584.4,606.7,98.0,119.4,85.3,97.9,119.2,78.6,10.0,4.2,0.0,50.0,97.9
2013-06-21 11:52:13,97.9,119.5,79.7,1.2,0.0,7570.3,605.6,97.9,119.5,85.3,97.9,119.3,78.7,10.0,4.1,0.0,50.0,97.9
2013-06-21 11:52:14,97.9,119.4,79.9,1.2,0.0,7559.8,604.7,97.9,119.5,89.5,97.9,119.1,79.7,10.0,4.0,0.0,50.0,97.9
2013-06-21 11:52:15,98.0,119.3,84.2,1.3,0.0,7548.8,603.9,98.0,119.4,85.1,97.9,119.3,79.0,10.0,3.9,0.0,50.0,98.0
2013-06-21 11:52:16,98.0,119.4,78.5,1.3,0.0,7535.2,602.8,98.0,119.5,85.2,98.0,119.2,78.5,10.0,3.8,0.0,50.0,98.0
2013-06-21 11:52:17,97.9,119.4,79.1,1.3,0.0,7524.3,601.9,98.0,119.5,87.9,97.9,119.2,78.4,10.0,3.8,0.0,50.0,97.9
2013-06-21 11:52:18,97.9,119.3,84.3,1.3,0.0,7530.0,602.4,97.9,119.4,85.2,97.9,119.2,78.6,10.0,3.7,0.0,50.0,97.9
2013-06-21 11:52:19,98.0,119.4,78.6,1.4,0.0,7504.3,600.3,98.0,119.4,86.4,97.9,119.2,78.6,10.0,3.6,0.0,50.0,98.0
2013-06-21 11:52:20,98.0,119.3,81.2,1.4,0.0,7496.1,599.6,98.0,119.5,87.5,98.0,119.2,78.4,10.0,3.5,0.0,50.0,98.0
2013-06-21 11:52:21,98.1,119.2,79.2,1.4,0.0,7485.1,598.8,98.1,119.4,85.3,98.0,119.1,78.5,10.0,3.5,0.0,50.0,98.1
2013-06-21 11:52:22,98.0,119.4,79.1,1.5,0.0,7490.3,599.2,98.1,119.5,85.6,98.0,119.1,78.4,10.0,3.4,0.0,50.0,98.0
2013-06-21 11:52:23,97.9,119.4,81.0,1.5,0.0,7467.1,597.3,98.0,119.5,87.3,97.9,119.3,78.2,10.0,3.3,0.0,50.0,97.9
2013-06-21 11:52:24,97.9,119.4,80.0,1.5,0.0,7458.3,596.6,97.9,119.4,85.7,97.9,119.2,78.8,10.0,3.3,0.0,50.0,97.9
2013-06-21 11:52:25,98.0,119.2,81.1,1.5,0.0,7449.9,595.9,98.0,119.4,85.1,97.9,119.1,78.4,10.0,3.2,0.0,50.0,98.0
2013-06-21 11:52:26,97.8,119.4,83.4,1.5,0.0,7442.9,595.4,98.0,119.4,87.2,97.8,119.2,78.7,10.0,3.1,0.0,50.0,97.8
2013-06-21 11:52:27,98.0,119.3,83.3,1.6,0.0,7434.6,594.7,98.0,119.4,85.2,97.8,119.2,78.4,10.0,3.1,0.0,50.0,98.0
2013-06-21 11:52:28,97.9,119.3,84.9,1.6,0.0,7427.2,594.1,98.0,119.4,84.9,97.9,119.1,78.4,10.0,3.0,0.0,50.0,97.9
2013-06-21 11:52:29,97.8,119.2,81.8,1.6,0.0,7432.1,594.5,97.9,119.4,84.9,97.8,119.2,78.7,10.0,3.0,0.0,50.0,97.8
2013-06-21 11:52:30,97.7,119.4,79.2,1.7,0.0,7411.1,592.8,97.8,119.4,85.2,97.7,119.2,78.6,10.0,2.9,0.0,50.0,97.7
2013-06-21 11:52:31,97.8,119.3,79.0,1.7,0.0,7404.9,592.3,97.8,119.4,85.9,97.7,119.2,78.6,10.0,2.9,0.0,50.0,97.8
2013-06-21 11:52:32,97.7,119.3,82.4,1.7,0.0,7412.4,592.9,97.8,119.4,86.7,97.7,119.1,78.9,10.0,2.8,0.0,50.0,97.7
2013-06-21 11:52:33,98.1,119.3,82.1,1.7,0.0,7397.8,591.8,98.1,119.4,88.8,97.7,119.2,81.8,9.9,2.8,0.0,50.0,98.8
2013-06-21 11:52:34,98.5,119.2,82.2,1.8,0.0,7396.3,591.7,98.5,119.3,89.8,98.1,119.2,82.0,9.9,2.7,0.0,50.0,99.3
2013-06-21 11:52:35,98.8,119.3,79.3,1.8,0.0,7403.7,592.3,98.8,119.4,88.9,98.5,119.2,78.7,9.9,2.7,0.0,50.0,99.7
2013-06-21 11:52:36,98.8,119.2,78.9,1.8,0.0,7385.3,590.8,98.8,119.4,85.1,98.8,119.1,78.6,10.0,2.7,0.0,50.0,98.8
2013-06-21 11:52:37,98.5,119.4,80.0,1.9,0.0,7380.9,590.4,98.8,119.4,90.0,98.5,119.2,78.9,10.0,2.6,0.0,50.0,98.5
2013-06-21 11:52:38,98.5,119.3,80.8,1.9,0.0,7376.4,590.1,98.5,119.4,85.1,98.5,119.2,78.6,10.0,2.6,0.0,50.0,98.5
2013-06-21 11:52:39,98.6,119.3,78.8,1.9,0.0,7370.6,589.6,98.6,119.4,86.6,98.5,119.3,78.5,10.0,2.5,0.0,50.0,98.6
2013-06-21 11:52:40,98.4,119.4,78.8,1.9,0.0,7365.0,589.2,98.6,119.5,88.6,98.4,119.3,78.4,10.0,2.5,0.0,50.0,98.4
2013-06-21 11:52:41,98.3,119.4,80.1,2.0,0.0,7359.6,588.7,98.4,119.5,86.4,98.3,119.3,78.1,10.0,2.5,0.0,50.0,98.3
2013-06-21 11:52:42,98.1,119.5,78.6,2.0,0.0,7353.1,588.2,98.3,119.5,87.5,98.1,119.4,78.2,10.0,2.4,0.0,50.0,98.1
2013-06-21 11:52:43,97.9,119.4,78.7,2.0,0.0,7348.0,587.8,98.1,119.5,89.7,97.9,119.2,78.3,10.0,2.4,0.0,50.0,97.9
2013-06-21 11:52:44,97.9,119.4,80.9,2.0,0.0,7343.0,587.4,97.9,119.5,87.1,97.9,119.3,78.4,10.0,2.4,0.0,50.0,97.9
2013-06-21 11:52:45,97.9,119.5,79.6,2.1,0.0,7338.8,587.1,97.9,119.5,87.0,97.9,119.4,79.6,10.0,2.3,0.0,50.0,97.9
2013-06-21 11:52:46,97.8,119.3,78.7,2.1,0.0,7334.3,586.7,97.9,119.5,87.1,97.8,119.3,78.1,10.0,2.3,0.0,50.0,97.8
2013-06-21 11:52:47,97.8,119.5,82.7,2.1,0.0,7329.5,586.3,97.8,119.5,86.7,97.8,119.3,78.1,10.0,2.3,0.0,50.0,97.8
2013-06-21 11:52:48,97.8,119.4,78.9,2.2,0.0,7324.1,585.9,97.8,119.5,86.4,97.8,119.4,78.4,10.0,2.2,0.0,50.0,97.8
2013-06-21 11:52:49,97.6,119.5,79.2,2.2,0.0,7319.9,585.5,97.8,119.5,86.0,97.6,119.3,78.4,10.0,2.2,0.0,50.0,97.6
2013-06-21 11:52:50,97.6,119.4,84.2,2.2,0.0,7324.7,585.9,97.6,119.5,85.0,97.6,119.3,78.2,10.0,2.2,0.0,50.0,97.6
2013-06-21 11:52:51,97.6,119.5,80.0,2.2,0.0,7311.9,584.9,97.6,119.5,86.9,97.6,119.3,79.6,10.0,2.2,0.0,50.0,97.6
2013-06-21 11:52:52,97.6,119.5,79.3,2.3,0.0,7307.7,584.6,97.6,119.5,85.6,97.6,119.3,78.2,10.0,2.1,0.0,50.0,97.6
2013-06-21 11:52:53,97.6,119.5,83.3,2.3,0.0,7303.5,584.2,97.6,119.6,85.3,97.6,119.3,78.3,10.0,2.1,0.0,50.0,97.6
2013-06-21 11:52:54,97.6,119.5,80.2,2.3,0.0,7299.3,583.9,97.6,119.6,85.3,97.6,119.4,78.4,10.0,2.1,0.0,50.0,97.6
2013-06-21 11:52:55,97.5,119.6,81.3,2.3,0.0,7295.5,583.6,97.6,119.6,85.0,97.5,119.4,78.1,10.0,2.1,0.0,50.0,97.5
2013-06-21 11:52:56,97.4,119.4,83.3,2.4,0.0,7300.3,584.0,97.5,119.6,87.2,97.4,119.4,78.1,10.0,2.0,0.0,50.0,97.4
2013-06-21 11:52:57,97.6,119.5,83.8,2.4,0.0,7289.2,583.1,97.6,119.6,86.8,97.4,119.3,78.6,10.0,2.0,0.0,50.0,97.6
2013-06-21 11:52:58,97.7,119.5,85.4,2.4,0.0,7287.1,582.9,97.7,119.6,86.0,97.6,119.4,79.0,10.0,2.0,0.0,50.0,97.7
2013-06-21 11:52:59,97.7,119.4,82.3,2.4,0.0,7283.0,582.6,97.7,119.5,85.4,97.7,119.4,78.4,10.0,2.0,0.0,50.0,97.7
2013-06-21 11:53:00,97.8,119.5,78.9,2.5,0.0,7279.3,582.3,97.8,119.5,86.7,97.7,119.3,78.3,10.0,1.9,0.0,50.0,97.8
2013-06-21 11:53:01,97.6,119.5,79.1,2.5,0.0,7276.1,582.0,97.8,119.5,85.3,97.6,119.4,78.3,10.0,1.9,0.0,50.0,97.6
2013-06-21 11:53:02,97.7,119.6,80.3,2.5,0.0,7273.2,581.8,97.7,119.6,84.9,97.6,119.3,78.6,10.0,1.9,0.0,50.0,97.7
2013-06-21 11:53:03,97.8,119.5,81.0,2.6,0.0,7279.3,582.3,97.8,119.6,89.9,97.7,119.4,78.6,10.0,1.9,0.0,50.0,97.8
2013-06-21 11:53:04,97.9,119.5,79.5,2.6,0.0,7269.4,581.5,97.9,119.6,86.5,97.8,119.4,79.5,10.0,1.9,0.0,50.0,97.9
2013-06-21 11:53:05,98.0,119.6,79.4,2.6,0.0,7265.9,581.2,98.0,119.6,84.6,97.9,119.5,78.5,10.0,1.8,0.0,50.0,98.0
2013-06-21 11:53:06,97.9,119.5,79.5,2.6,0.0,7262.9,581.0,98.0,119.6,88.7,97.9,119.3,78.5,10.0,1.8,0.0,50.0,97.9
2013-06-21 11:53:07,97.7,119.4,81.9,2.7,0.0,7268.0,581.4,97.9,119.5,87.3,97.7,119.3,78.4,10.0,1.8,0.0,50.0,97.7
2013-06-21 11:53:08,97.8,119.3,80.7,2.7,0.0,7258.6,580.6,97.8,119.4,86.3,97.7,119.2,79.8,10.0,1.8,0.0,50.0,97.8
2013-06-21 11:53:09,98.0,119.4,80.3,2.7,0.0,7256.2,580.5,98.0,119.5,88.1,97.8,119.3,79.0,10.0,1.8,0.0,50.0,98.0
2013-06-21 11:53:10,97.9,119.5,80.7,2.7,0.0,7261.2,580.9,98.0,119.5,85.2,97.9,119.2,78.7,10.0,1.7,0.0,50.0,97.9
2013-06-21 11:53:11,97.9,119.4,80.5,2.8,0.0,7251.0,580.0,97.9,119.5,85.7,97.9,119.2,78.8,10.0,1.7,0.0,50.0,97.9
2013-06-21 11:53:12,97.8,119.5,82.3,2.8,0.0,7250.8,580.0,97.9,119.5,93.8,97.8,119.2,79.0,10.0,1.7,0.0,50.0,97.8
2013-06-21 11:53:13,98.2,119.2,82.3,2.8,0.0,7249.0,579.9,98.2,119.5,85.6,97.8,119.2,79.4,9.8,1.7,0.0,50.0,100.0
2013-06-21 11:53:14,98.3,119.4,82.5,2.9,0.0,7247.0,579.7,98.3,119.4,86.9,98.2,119.2,78.8,10.0,1.7,0.0,50.0,98.3
2013-06-21 11:53:15,98.3,119.5,81.0,2.9,0.0,7245.2,579.6,98.3,119.5,86.4,98.3,119.3,79.0,10.0,1.7,0.0,50.0,98.3
2013-06-21 11:53:16,98.3,119.4,82.2,2.9,0.0,7243.2,579.4,98.3,119.5,85.5,98.3,119.3,78.8,10.0,1.6,0.0,50.0,98.3
2013-06-21 11:53:17,98.3,119.4,81.7,2.9,0.0,7240.6,579.2,98.3,119.5,85.6,98.3,119.3,79.0,10.0,1.6,0.0,50.0,98.3
2013-06-21 11:53:18,98.2,119.4,83.3,3.0,0.0,7238.9,579.1,98.3,119.5,86.0,98.2,119.3,79.0,10.0,1.6,0.0,50.0,98.2
2013-06-21 11:53:19,98.3,119.3,85.4,3.0,0.0,7237.8,579.0,98.3,119.5,87.0,98.2,119.2,80.1,10.0,1.6,0.0,50.0,98.3
2013-06-21 11:53:20,98.3,119.4,83.6,3.0,0.0,7235.9,578.8,98.3,119.5,87.0,98.3,119.3,78.7,10.0,1.6,0.0,50.0,98.3
2013-06-21 11:53:21,98.4,119.3,81.2,3.0,0.0,7234.2,578.7,98.4,119.5,85.7,98.3,119.3,79.4,10.0,1.6,0.0,50.0,98.4
2013-06-21 11:53:22,98.4,119.4,84.0,3.1,0.0,7238.8,579.1,98.4,119.5,85.5,98.4,119.2,78.9,10.0,1.6,0.0,50.0,98.4
2013-06-21 11:53:23,98.3,119.4,81.7,3.1,0.0,7230.3,578.4,98.4,119.5,86.8,98.3,119.3,79.1,10.0,1.5,0.0,50.0,98.3
2013-06-21 11:53:24,98.3,119.4,81.7,3.1,0.0,7229.6,578.3,98.3,119.4,90.6,98.3,119.2,80.1,10.0,1.5,0.0,50.0,98.3
2013-06-21 11:53:25,98.5,119.2,87.2,3.1,0.0,7227.9,578.2,98.5,119.4,87.2,98.3,119.2,78.7,9.9,1.5,0.0,50.0,98.8
2013-06-21 11:53:26,98.4,119.3,81.4,3.2,0.0,7225.1,578.0,98.5,119.5,87.2,98.4,119.2,78.8,10.0,1.5,0.0,50.0,98.4
2013-06-21 11:53:27,98.3,119.1,86.3,3.2,0.0,7230.8,578.4,98.4,119.5,87.6,98.3,119.1,80.4,10.0,1.5,0.0,50.0,98.3
2013-06-21 11:53:28,98.4,119.2,88.4,3.2,0.0,7222.9,577.8,98.4,119.4,88.4,98.3,119.1,79.1,10.0,1.5,0.0,50.0,98.4
2013-06-21 11:53:29,98.5,119.3,80.7,3.3,0.0,7221.2,577.6,98.5,119.4,91.6,98.4,119.2,78.9,10.0,1.5,0.0,50.0,98.5
2013-06-21 11:53:30,98.4,119.2,78.9,3.3,0.0,7219.7,577.5,98.5,119.4,86.4,98.4,119.2,78.9,10.0,1.4,0.0,50.0,98.4
2013-06-21 11:53:31,98.4,119.3,79.1,3.3,0.0,7217.7,577.4,98.4,119.4,86.2,98.4,119.1,78.9,10.0,1.4,0.0,50.0,98.4
2013-06-21 11:53:32,98.4,119.3,80.4,3.3,0.0,7216.7,577.3,98.4,119.3,89.3,98.4,119.1,79.1,10.0,1.4,0.0,50.0,98.4
2013-06-21 11:53:33,98.4,119.2,80.2,3.4,0.0,7221.4,577.7,98.4,119.3,88.1,98.4,119.1,79.2,10.0,1.4,0.0,50.0,98.4
2013-06-21 11:53:34,98.5,119.2,79.0,3.4,0.0,7214.1,577.1,98.5,119.2,89.5,98.4,119.0,79.0,10.0,1.4,0.0,50.0,98.5
2013-06-21 11:53:35,98.5,119.2,78.9,3.4,0.0,7212.5,577.0,98.5,119.3,90.0,98.5,119.0,78.9,10.0,1.4,0.0,50.0,98.5
2013-06-21 11:53:36,98.3,119.2,79.3,3.5,0.0,7211.0,576.8,98.5,119.3,87.6,98.3,119.0,78.9,10.0,1.4,0.0,50.0,98.3
2013-06-21 11:53:37,98.2,119.2,79.2,3.5,0.0,7214.8,577.1,98.3,119.2,86.7,98.2,119.0,79.1,10.0,1.4,0.0,50.0,98.2
2013-06-21 11:53:38,98.2,119.2,80.3,3.5,0.0,7208.3,576.6,98.2,119.2,87.9,98.2,119.1,79.1,10.0,1.4,0.0,50.0,98.2
2013-06-21 11:53:39,98.2,119.2,79.6,3.5,0.0,7207.8,576.6,98.2,119.2,89.7,98.2,119.0,79.6,10.0,1.3,0.0,50.0,98.2
2013-06-21 11:53:40,98.4,119.2,78.8,3.6,0.0,7205.9,576.4,98.4,119.3,87.1,98.2,119.1,78.8,10.0,1.3,0.0,50.0,98.4
2013-06-21 11:53:41,98.3,119.2,79.0,3.6,0.0,7204.6,576.3,98.4,119.3,87.1,98.3,119.0,78.8,10.0,1.3,0.0,50.0,98.3
2013-06-21 11:53:42,98.2,119.2,79.4,3.6,0.0,7203.2,576.2,98.3,119.2,86.2,98.2,119.0,79.0,10.0,1.3,0.0,50.0,98.2
2013-06-21 11:53:43,98.2,119.1,80.3,3.6,0.0,7201.6,576.1,98.2,119.2,86.3,98.2,119.0,79.2,10.0,1.3,0.0,50.0,98.2
2013-06-21 11:53:44,98.2,119.3,80.4,3.7,0.0,7201.2,576.0,98.2,119.3,88.0,98.2,119.0,80.3,10.0,1.3,0.0,50.0,98.2
2013-06-21 11:53:45,98.4,119.2,79.6,3.7,0.0,7200.2,576.0,98.4,119.3,86.2,98.2,119.2,79.6,10.0,1.3,0.0,50.0,98.4
2013-06-21 11:53:46,98.4,119.2,79.0,3.7,0.0,7198.8,575.9,98.4,119.3,88.0,98.4,119.1,79.0,10.0,1.3,0.0,50.0,98.4
2013-06-21 11:53:47,98.3,119.2,79.0,3.8,0.0,7197.7,575.8,98.4,119.3,86.1,98.3,119.1,79.0,10.0,1.3,0.0,50.0,98.3
2013-06-21 11:53:48,98.3,119.3,81.4,3.8,0.0,7201.8,576.1,98.3,119.3,85.8,98.3,119.1,78.9,10.0,1.3,0.0,50.0,98.3
2013-06-21 11:53:49,98.4,119.2,79.4,3.8,0.0,7195.6,575.6,98.4,119.3,87.1,98.3,119.1,79.4,10.0,1.2,0.0,50.0,98.4
2013-06-21 11:53:50,98.4,119.1,79.1,3.8,0.0,7194.4,575.5,98.4,119.2,85.8,98.4,119.1,79.1,10.0,1.2,0.0,50.0,98.4
2013-06-21 11:53:51,98.3,119.2,81.8,3.9,0.0,7193.7,575.5,98.4,119.2,88.1,98.3,119.0,79.1,10.0,1.2,0.0,50.0,98.3
2013-06-21 11:53:52,98.4,119.2,79.9,3.9,0.0,7192.1,575.3,98.4,119.3,85.6,98.3,119.0,78.9,10.0,1.2,0.0,50.0,98.4
2013-06-21 11:53:53,98.3,119.2,81.2,3.9,0.0,7191.0,575.2,98.4,119.3,85.7,98.3,119.0,79.0,10.0,1.2,0.0,50.0,98.3
2013-06-21 11:53:54,98.3,119.2,83.4,3.9,0.0,7190.4,575.2,98.3,119.3,89.8,98.3,119.0,80.4,10.0,1.2,0.0,50.0,98.3
2013-06-21 11:53:55,98.4,119.1,82.1,4.0,0.0,7188.8,575.1,98.4,119.2,85.3,98.3,119.0,78.9,10.0,1.2,0.0,50.0,98.4
2013-06-21 11:53:56,98.2,119.1,81.5,4.0,0.0,7192.3,575.3,98.4,119.2,85.3,98.2,119.0,78.9,10.0,1.2,0.0,50.0,98.2
2013-06-21 11:53:57,98.2,119.2,88.9,4.0,0.0,7187.2,574.9,98.2,119.2,91.3,98.2,119.0,80.3,10.0,1.2,0.0,50.0,98.2
2013-06-21 11:53:58,98.3,119.0,86.3,4.0,0.0,7185.7,574.8,98.3,119.3,88.9,98.2,119.0,79.1,10.0,1.2,0.0,50.0,98.3
2013-06-21 11:53:59,98.3,119.2,80.5,4.1,0.0,7184.7,574.7,98.3,119.2,86.7,98.3,119.0,79.2,10.0,1.2,0.0,50.0,98.3
2013-06-21 11:54:00,98.3,119.2,84.0,4.1,0.0,7183.6,574.6,98.3,119.3,85.7,98.3,119.1,79.0,10.0,1.1,0.0,50.0,98.3
2013-06-21 11:54:01,98.3,119.3,78.9,4.1,0.0,7186.9,574.9,98.3,119.3,88.1,98.3,119.1,78.9,10.0,1.1,0.0,50.0,98.3
2013-06-21 11:54:02,98.2,119.3,80.3,4.2,0.0,7181.7,574.5,98.3,119.3,87.2,98.2,119.1,78.9,10.0,1.1,0.0,50.0,98.2
2013-06-21 11:54:03,98.4,119.2,81.5,4.2,0.0,7180.9,574.4,98.4,119.4,86.9,98.2,119.2,79.2,10.0,1.1,0.0,50.0,98.4
2013-06-21 11:54:04,98.4,119.3,79.9,4.2,0.0,7180.5,574.4,98.4,119.4,89.4,98.4,119.2,79.9,10.0,1.1,0.0,50.0,98.4
2013-06-21 11:54:05,98.5,119.4,78.9,4.2,0.0,7184.1,574.7,98.5,119.4,86.0,98.4,119.1,78.9,10.0,1.1,0.0,50.0,98.5
2013-06-21 11:54:06,98.4,119.2,79.0,4.3,0.0,7178.2,574.2,98.5,119.4,85.6,98.4,119.2,78.7,10.0,1.1,0.0,50.0,98.4
2013-06-21 11:54:07,98.3,119.1,79.2,4.3,0.0,7177.2,574.1,98.4,119.2,86.9,98.3,119.1,79.0,10.0,1.1,0.0,50.0,98.3
2013-06-21 11:54:08,98.1,119.4,80.6,4.3,0.0,7176.9,574.1,98.3,119.4,86.8,98.1,119.1,79.0,10.0,1.1,0.0,50.0,98.1
2013-06-21 11:54:09,98.4,119.2,79.5,4.4,0.0,7180.6,574.4,98.4,119.4,86.6,98.1,119.1,79.5,10.0,1.1,0.0,50.0,98.4
2013-06-21 11:54:10,98.4,119.3,78.5,4.4,0.0,7174.7,573.9,98.4,119.3,85.2,98.4,119.1,78.5,10.0,1.1,0.0,50.0,98.4
2013-06-21 11:54:11,98.2,119.4,78.7,4.4,0.0,7173.7,573.9,98.4,119.4,86.3,98.2,119.2,78.1,10.0,1.1,0.0,50.0,98.2
2013-06-21 11:54:12,98.2,119.3,78.8,4.4,0.0,7176.7,574.1,98.2,119.4,85.6,98.2,119.2,78.5,10.0,1.1,0.0,50.0,98.2
2013-06-21 11:54:13,98.1,119.3,79.7,4.5,0.0,7171.2,573.7,98.2,119.3,85.3,98.1,119.1,78.5,10.0,1.1,0.0,50.0,98.1
2013-06-21 11:54:14,98.0,119.3,80.3,4.5,0.0,7170.9,573.6,98.1,119.4,87.2,98.0,119.1,79.7,10.0,1.0,0.0,50.0,98.0
2013-06-21 11:54:15,98.2,119.3,78.6,4.5,0.0,7169.7,573.5,98.2,119.3,85.2,98.0,119.1,78.6,10.0,1.0,0.0,50.0,98.2
2013-06-21 11:54:16,98.1,119.3,78.8,4.5,0.0,7168.4,573.4,98.2,119.3,85.0,98.1,119.2,78.3,10.0,1.0,0.0,50.0,98.1
2013-06-21 11:54:17,97.9,119.3,79.3,4.6,0.0,7171.5,573.7,98.1,119.3,86.2,97.9,119.1,78.3,10.0,1.0,0.0,50.0,97.9
2013-06-21 11:54:18,97.8,119.2,80.2,4.6,0.0,7166.0,573.2,97.9,119.3,85.4,97.8,119.1,78.6,10.0,1.0,0.0,50.0,97.8
2013-06-21 11:54:19,97.8,119.3,79.8,4.6,0.0,7165.6,573.2,97.8,119.3,86.6,97.8,119.1,79.8,10.0,1.0,0.0,50.0,97.8
2013-06-21 11:54:20,97.9,119.3,81.2,4.6,0.0,7165.0,573.2,97.9,119.4,89.5,97.8,119.2,78.3,10.0,1.0,0.0,50.0,97.9
2013-06-21 11:54:21,98.0,119.3,79.4,4.7,0.0,7168.0,573.4,98.0,119.4,85.1,97.9,119.2,78.4,10.0,1.0,0.0,50.0,98.0
2013-06-21 11:54:22,97.9,119.3,80.3,4.7,0.0,7162.7,573.0,98.0,119.4,85.1,97.9,119.2,78.4,10.0,1.0,0.0,50.0,97.9
2013-06-21 11:54:23,97.8,119.3,82.1,4.7,0.0,7161.7,572.9,97.9,119.4,89.8,97.8,119.2,78.5,10.0,1.0,0.0,50.0,97.8
2013-06-21 11:54:24,97.8,119.3,81.6,4.7,0.0,7160.9,572.8,97.8,119.4,87.6,97.8,119.2,79.5,10.0,1.0,0.0,50.0,97.8
2013-06-21 11:54:25,97.8,119.4,82.8,4.8,0.0,7159.8,572.7,97.8,119.4,87.5,97.8,119.2,78.3,10.0,1.0,0.0,50.0,97.8
2013-06-21 11:54:26,97.7,119.3,85.8,4.8,0.0,7163.2,573.0,97.8,119.5,91.9,97.7,119.1,78.5,10.0,1.0,0.0,50.0,97.7
2013-06-21 11:54:27,97.9,119.3,85.1,4.8,0.0,7158.0,572.6,97.9,119.4,87.5,97.7,119.2,78.6,10.0,1.0,0.0,50.0,97.9
2013-06-21 11:54:28,97.8,119.4,85.7,4.9,0.0,7157.1,572.5,97.9,119.4,85.7,97.8,119.2,78.6,10.0,1.0,0.0,50.0,97.8
2013-06-21 11:54:29,97.8,119.4,85.2,4.9,0.0,7156.1,572.4,97.8,119.5,85.7,97.8,119.3,78.3,10.0,1.0,0.0,50.0,97.8
2013-06-21 11:54:30,97.8,119.4,81.1,4.9,0.0,7154.7,572.3,97.8,119.4,87.8,97.8,119.2,78.4,10.0,0.9,0.0,50.0,97.8
2013-06-21 11:54:31,97.6,119.4,81.5,4.9,0.0,7157.8,572.6,97.8,119.4,86.7,97.6,119.2,78.4,10.0,0.9,0.0,50.0,97.6
2013-06-21 11:54:32,97.6,119.4,84.9,5.0,0.0,7152.9,572.2,97.6,119.4,86.4,97.6,119.3,78.4,10.0,0.9,0.0,50.0,97.6
2013-06-21 11:54:33,97.7,119.3,80.6,5.0,0.0,7152.1,572.1,97.7,119.5,87.4,97.6,119.3,79.3,10.0,0.9,0.0,50.0,97.7
2013-06-21 11:54:34,97.7,119.4,80.0,5.0,0.0,7151.8,572.1,97.7,119.6,86.3,97.7,119.2,79.5,10.0,0.9,0.0,50.0,97.7
2013-06-21 11:54:35,97.8,119.2,83.5,5.1,0.0,7150.8,572.0,97.8,119.4,85.2,97.7,119.2,78.3,10.0,0.9,0.0,50.0,97.8
2013-06-21 11:54:36,97.8,119.3,78.5,5.1,0.0,7149.6,571.9,97.8,119.4,86.1,97.8,119.2,78.4,10.0,0.9,0.0,50.0,97.8
2013-06-21 11:54:37,97.5,119.4,78.6,5.1,0.0,7148.7,571.8,97.8,119.4,85.9,97.5,119.2,78.5,10.0,0.9,0.0,50.0,97.5
2013-06-21 11:54:38,97.5,119.1,81.7,5.1,0.0,7147.9,571.8,97.5,119.4,85.6,97.5,119.1,78.6,10.0,0.9,0.0,50.0,97.5
2013-06-21 11:54:39,97.6,119.2,79.6,5.2,0.0,7151.2,572.0,97.6,119.3,86.5,97.5,119.1,79.6,10.0,0.9,0.0,50.0,97.6
2013-06-21 11:54:40,97.7,119.4,78.3,5.2,0.0,7146.4,571.7,97.7,119.4,85.5,97.6,119.2,78.3,10.0,0.9,0.0,50.0,97.7
2013-06-21 11:54:41,97.6,119.4,78.4,5.2,0.0,7145.2,571.6,97.7,119.4,85.5,97.6,119.2,78.3,10.0,0.9,0.0,50.0,97.6
2013-06-21 11:54:42,97.6,119.3,78.5,5.2,0.0,7144.5,571.5,97.6,119.4,85.8,97.6,119.2,78.4,10.0,0.9,0.0,50.0,97.6
2013-06-21 11:54:43,97.5,119.2,78.4,5.3,0.0,7147.4,571.7,97.6,119.3,86.4,97.5,119.1,78.3,10.0,0.9,0.0,50.0,97.5
2013-06-21 11:54:44,97.5,119.3,79.7,5.3,0.0,7143.1,571.4,97.5,119.3,86.7,97.5,119.1,78.4,10.0,0.9,0.0,50.0,97.5
2013-06-21 11:54:45,97.7,119.4,78.4,5.3,0.0,7142.4,571.3,97.7,119.4,86.9,97.5,119.2,78.4,10.0,0.9,0.0,50.0,97.7
2013-06-21 11:54:46,97.6,119.3,78.5,5.4,0.0,7141.5,571.3,97.7,119.4,86.3,97.6,119.2,78.3,10.0,0.9,0.0,50.0,97.6
2013-06-21 11:54:47,97.6,119.2,78.8,5.4,0.0,7140.5,571.2,97.6,119.3,85.4,97.6,119.1,78.4,10.0,0.9,0.0,50.0,97.6
2013-06-21 11:54:48,97.6,119.3,78.5,5.4,0.0,7139.6,571.1,97.6,119.4,85.0,97.6,119.1,78.5,10.0,0.9,0.0,50.0,97.6
2013-06-21 11:54:49,97.5,119.4,80.0,5.4,0.0,7139.2,571.1,97.6,119.4,89.8,97.5,119.2,78.5,10.0,0.9,0.0,50.0,97.5
2013-06-21 11:54:50,97.6,119.4,80.1,5.4,0.0,7139.1,571.1,97.6,119.4,88.5,97.5,119.2,78.3,10.0,0.8,0.0,50.0,97.6
2013-06-21 11:54:51,97.9,119.3,78.8,5.5,0.0,7142.0,571.3,97.9,119.4,87.2,97.6,119.2,78.5,9.9,0.8,0.0,50.0,98.1
2013-06-21 11:54:52,97.7,119.3,79.3,5.5,0.0,7137.7,571.0,97.9,119.4,87.6,97.7,119.2,78.5,10.0,0.8,0.0,50.0,97.7
2013-06-21 11:54:53,97.7,119.4,79.5,5.5,0.0,7136.5,570.9,97.7,119.5,84.8,97.7,119.3,78.4,10.0,0.8,0.0,50.0,97.7
2013-06-21 11:54:54,97.7,119.5,81.0,5.6,0.0,7136.3,570.9,97.7,119.5,86.5,97.7,119.3,79.0,10.0,0.8,0.0,50.0,97.7
2013-06-21 11:54:55,97.7,119.6,81.9,5.6,0.0,7135.6,570.8,97.7,119.6,87.2,97.7,119.4,78.4,10.0,0.8,0.0,50.0,97.7
2013-06-21 11:54:56,97.7,119.4,83.3,5.6,0.0,7134.9,570.7,97.7,119.6,86.1,97.7,119.3,78.7,10.0,0.8,0.0,50.0,97.7
2013-06-21 11:54:57,97.8,119.4,82.8,5.6,0.0,7134.4,570.7,97.8,119.5,86.9,97.7,119.3,78.5,10.0,0.8,0.0,50.0,97.8
2013-06-21 11:54:58,97.7,119.3,85.5,5.7,0.0,7133.7,570.7,97.8,119.5,85.5,97.7,119.3,78.3,10.0,0.8,0.0,50.0,97.7
2013-06-21 11:54:59,97.7,119.3,81.9,5.7,0.0,7132.8,570.6,97.7,119.5,85.8,97.7,119.3,78.3,10.0,0.8,0.0,50.0,97.7
2013-06-21 11:55:00,97.7,119.5,78.3,5.7,0.0,7135.3,570.8,97.7,119.5,86.7,97.7,119.3,78.3,10.0,0.8,0.0,50.0,97.7
2013-06-21 11:55:01,97.6,119.5,80.0,5.8,0.0,7131.1,570.4,97.7,119.5,84.7,97.6,119.3,78.2,10.0,0.8,0.0,50.0,97.6
2013-06-21 11:55:02,97.6,119.3,78.1,5.8,0.0,7130.0,570.4,97.6,119.5,85.0,97.6,119.3,78.1,10.0,0.8,0.0,50.0,97.6
2013-06-21 11:55:03,97.5,119.3,79.7,5.8,0.0,7129.7,570.3,97.6,119.4,87.0,97.5,119.2,78.1,10.0,0.8,0.0,50.0,97.5
2013-06-21 11:55:04,97.6,119.5,81.7,5.8,0.0,7129.5,570.3,97.6,119.5,85.8,97.5,119.3,79.5,10.0,0.8,0.0,50.0,97.6
2013-06-21 11:55:05,97.8,119.5,78.3,5.9,0.0,7128.6,570.2,97.8,119.5,85.1,97.6,119.3,78.3,10.0,0.8,0.0,50.0,97.8
2013-06-21 11:55:06,97.6,119.4,78.1,5.9,0.0,7127.7,570.2,97.8,119.5,85.8,97.6,119.3,77.9,10.0,0.8,0.0,50.0,97.6
2013-06-21 11:55:07,97.5,119.4,83.0,5.9,0.0,7127.0,570.1,97.6,119.5,84.6,97.5,119.2,77.9,10.0,0.8,0.0,50.0,97.5
2013-06-21 11:55:08,97.4,119.5,79.8,5.9,0.0,7129.7,570.3,97.5,119.5,84.6,97.4,119.2,78.4,10.0,0.8,0.0,50.0,97.4
2013-06-21 11:55:09,97.5,119.4,80.0,6.0,0.0,7126.4,570.1,97.5,119.5,91.1,97.4,119.3,79.4,10.0,0.8,0.0,50.0,97.5
2013-06-21 11:55:10,97.7,119.3,83.2,6.0,0.0,7126.1,570.0,97.7,119.5,87.2,97.5,119.3,78.6,9.9,0.8,0.0,50.0,98.1
2013-06-21 11:55:11,97.8,119.5,78.3,6.0,0.0,7125.1,570.0,97.8,119.5,85.5,97.7,119.3,78.2,10.0,0.8,0.0,50.0,97.8
2013-06-21 11:55:12,97.7,119.4,78.4,6.1,0.0,7127.7,570.2,97.8,119.5,87.9,97.7,119.3,78.1,10.0,0.8,0.0,50.0,97.7
2013-06-21 11:55:13,97.6,119.4,81.0,6.1,0.0,7123.8,569.9,97.7,119.5,86.3,97.6,119.3,78.2,10.0,0.8,0.0,50.0,97.6
2013-06-21 11:55:14,97.7,119.4,79.9,6.1,0.0,7123.6,569.8,97.7,119.5,86.8,97.6,119.3,79.8,10.0,0.8,0.0,50.0,97.7
2013-06-21 11:55:15,97.8,119.3,79.7,6.1,0.0,7123.4,569.8,97.8,119.4,90.0,97.7,119.3,79.6,10.0,0.7,0.0,50.0,97.8
2013-06-21 11:55:16,97.9,119.4,78.4,6.1,0.0,7125.5,570.0,97.9,119.5,86.2,97.8,119.3,78.1,10.0,0.7,0.0,50.0,97.9
2013-06-21 11:55:17,97.8,119.5,78.6,6.2,0.0,7121.7,569.7,97.9,119.6,87.3,97.8,119.3,78.4,10.0,0.7,0.0,50.0,97.8
2013-06-21 11:55:18,97.6,119.3,78.7,6.2,0.0,7121.0,569.6,97.8,119.5,89.6,97.6,119.2,78.3,10.0,0.7,0.0,50.0,97.6
2013-06-21 11:55:19,97.6,119.4,80.0,6.2,0.0,7120.6,569.6,97.6,119.5,88.8,97.6,119.3,78.4,10.0,0.7,0.0,50.0,97.6
2013-06-21 11:55:20,97.7,119.3,80.0,6.3,0.0,7120.2,569.6,97.7,119.5,87.1,97.6,119.2,78.4,10.0,0.7,0.0,50.0,97.7
2013-06-21 11:55:21,97.8,119.4,78.9,6.3,0.0,7119.8,569.5,97.8,119.5,88.0,97.7,119.2,78.6,10.0,0.7,0.0,50.0,97.8
2013-06-21 11:55:22,97.8,119.4,79.2,6.3,0.0,7118.9,569.5,97.8,119.5,86.3,97.8,119.3,78.3,10.0,0.7,0.0,50.0,97.8
2013-06-21 11:55:23,97.7,119.3,80.0,6.3,0.0,7118.4,569.4,97.8,119.4,86.5,97.7,119.2,78.6,10.0,0.7,0.0,50.0,97.7
2013-06-21 11:55:24,97.6,119.2,81.4,6.4,0.0,7118.2,569.4,97.7,119.4,87.6,97.6,119.1,79.0,10.0,0.7,0.0,50.0,97.6
2013-06-21 11:55:25,97.8,119.2,80.9,6.4,0.0,7117.4,569.3,97.8,119.4,84.8,97.6,119.2,78.2,10.0,0.7,0.0,50.0,97.8
2013-06-21 11:55:26,97.7,119.3,83.2,6.4,0.0,7117.1,569.3,97.8,119.4,86.9,97.7,119.2,78.7,10.0,0.7,0.0,50.0,97.7
2013-06-21 11:55:27,97.7,119.3,83.1,6.5,0.0,7116.5,569.3,97.7,119.4,86.0,97.7,119.2,78.5,10.0,0.7,0.0,50.0,97.7
2013-06-21 11:55:28,97.7,119.3,85.0,6.5,0.0,7118.8,569.5,97.7,119.4,85.0,97.7,119.2,78.5,10.0,0.7,0.0,50.0,97.7
2013-06-21 11:55:29,97.7,119.2,84.5,6.5,0.0,7118.6,569.4,97.7,119.5,85.0,97.7,119.2,79.8,10.0,0.7,0.0,50.0,97.7
2013-06-21 11:55:30,97.7,119.3,79.2,6.5,0.0,7114.8,569.1,97.7,119.5,86.4,97.7,119.2,78.2,10.0,0.7,0.0,50.0,97.7
2013-06-21 11:55:31,97.7,119.4,78.7,6.6,0.0,7113.9,569.1,97.7,119.5,85.1,97.7,119.3,78.3,10.0,0.7,0.0,50.0,97.7
2013-06-21 11:55:32,97.5,119.2,80.3,6.6,0.0,7116.6,569.3,97.7,119.4,84.5,97.5,119.2,78.6,10.0,0.7,0.0,50.0,97.5
2013-06-21 11:55:33,97.7,119.4,79.5,6.6,0.0,7113.2,569.0,97.7,119.5,86.2,97.5,119.2,78.4,10.0,0.7,0.0,50.0,97.7
2013-06-21 11:55:34,97.7,119.5,80.0,6.6,0.0,7112.8,569.0,97.7,119.5,86.0,97.7,119.3,78.8,10.0,0.7,0.0,50.0,97.7
2013-06-21 11:55:35,97.7,119.4,79.0,6.7,0.0,7112.3,568.9,97.7,119.6,85.1,97.7,119.4,78.1,10.0,0.7,0.0,50.0,97.7
2013-06-21 11:55:36,97.6,119.5,80.0,6.7,0.0,7114.5,569.1,97.7,119.6,84.6,97.6,119.4,78.1,10.0,0.7,0.0,50.0,97.6
2013-06-21 11:55:37,97.5,119.4,80.8,6.7,0.0,7110.8,568.8,97.6,119.6,84.6,97.5,119.4,78.2,10.0,0.7,0.0,50.0,97.5
2013-06-21 11:55:38,97.3,119.5,81.5,6.8,0.0,7110.7,568.8,97.5,119.5,86.3,97.3,119.3,78.4,10.0,0.7,0.0,50.0,97.3
2013-06-21 11:55:39,97.6,119.2,83.3,6.8,0.0,7110.5,568.8,97.6,119.6,86.9,97.3,119.2,78.9,10.0,0.7,0.0,50.0,97.6
2013-06-21 11:55:40,97.7,119.5,79.3,6.8,0.0,7109.7,568.7,97.7,119.6,84.5,97.6,119.2,78.0,10.0,0.7,0.0,50.0,97.7
2013-06-21 11:55:41,97.5,119.5,79.5,6.8,0.0,7109.0,568.7,97.7,119.6,88.2,97.5,119.4,77.9,10.0,0.7,0.0,50.0,97.5
2013-06-21 11:55:42,97.4,119.5,82.7,6.9,0.0,7111.1,568.8,97.5,119.6,84.8,97.4,119.4,78.1,10.0,0.7,0.0,50.0,97.4
2013-06-21 11:55:43,97.4,119.3,82.1,6.9,0.0,7107.6,568.6,97.4,119.5,85.5,97.4,119.3,78.3,10.0,0.7,0.0,50.0,97.4
2013-06-21 11:55:44,97.3,119.2,82.6,6.9,0.0,7107.3,568.5,97.4,119.5,89.6,97.3,119.2,78.6,10.0,0.7,0.0,50.0,97.3
2013-06-21 11:55:45,97.5,119.2,85.5,6.9,0.0,7106.8,568.5,97.5,119.4,85.5,97.3,119.2,78.4,10.0,0.7,0.0,50.0,97.5
2013-06-21 11:55:46,97.4,119.3,79.6,7.0,0.0,7106.0,568.4,97.5,119.4,86.1,97.4,119.2,78.4,10.0,0.7,0.0,50.0,97.4
2013-06-21 11:55:47,97.3,119.4,78.7,7.0,0.0,7105.4,568.4,97.4,119.5,86.9,97.3,119.3,78.4,10.0,0.6,0.0,50.0,97.3
2013-06-21 11:55:48,97.3,119.3,80.6,7.0,0.0,7104.7,568.3,97.3,119.5,84.7,97.3,119.3,78.3,10.0,0.6,0.0,50.0,97.3
2013-06-21 11:55:49,97.3,119.3,79.8,7.0,0.0,7104.3,568.3,97.3,119.5,86.3,97.3,119.1,79.5,10.0,0.6,0.0,50.0,97.3
2013-06-21 11:55:50,97.3,119.4,80.1,7.1,0.0,7104.3,568.3,97.3,119.4,87.6,97.3,119.2,78.6,10.0,0.6,0.0,50.0,97.3
2013-06-21 11:55:51,97.6,119.3,78.8,7.1,0.0,7103.7,568.2,97.6,119.5,84.8,97.3,119.3,78.5,10.0,0.6,0.0,50.0,97.6
2013-06-21 11:55:52,97.5,119.3,79.0,7.1,0.0,7105.8,568.4,97.6,119.5,85.9,97.5,119.2,78.5,10.0,0.6,0.0,50.0,97.5
2013-06-21 11:55:53,97.4,119.4,79.4,7.2,0.0,7102.5,568.2,97.5,119.4,85.3,97.4,119.2,78.3,10.0,0.6,0.0,50.0,97.4
2013-06-21 11:55:54,97.4,119.2,81.0,7.2,0.0,7102.0,568.1,97.4,119.4,86.1,97.4,119.2,78.6,10.0,0.6,0.0,50.0,97.4
2013-06-21 11:55:55,97.6,119.3,82.2,7.2,0.0,7104.6,568.3,97.6,119.4,87.8,97.4,119.2,79.0,10.0,0.6,0.0,50.0,97.6
2013-06-21 11:55:56,97.6,119.2,81.7,7.2,0.0,7101.6,568.1,97.6,119.4,85.2,97.6,119.1,78.7,10.0,0.6,0.0,50.0,97.6
2013-06-21 11:55:57,97.6,119.3,82.6,7.3,0.0,7101.0,568.0,97.6,119.3,85.1,97.6,119.1,78.6,10.0,0.6,0.0,50.0,97.6
2013-06-21 11:55:58,97.6,119.2,84.8,7.3,0.0,7100.7,568.0,97.6,119.4,87.2,97.6,119.2,78.6,10.0,0.6,0.0,50.0,97.6
2013-06-21 11:55:59,97.5,119.1,84.7,7.3,0.0,7100.5,568.0,97.6,119.4,84.8,97.5,119.1,79.7,10.0,0.6,0.0,50.0,97.5
2013-06-21 11:56:00,97.7,119.3,78.7,7.3,0.0,7099.6,567.9,97.7,119.4,86.4,97.5,119.1,78.3,10.0,0.6,0.0,50.0,97.7
2013-06-21 11:56:01,97.7,119.2,78.5,7.4,0.0,7099.1,567.9,97.7,119.4,87.8,97.7,119.2,78.3,10.0,0.6,0.0,50.0,97.7
2013-06-21 11:56:02,97.5,119.2,80.1,7.4,0.0,7099.2,567.9,97.7,119.3,85.6,97.5,119.1,78.5,10.0,0.6,0.0,50.0,97.5
2013-06-21 11:56:03,97.7,119.4,78.3,7.4,0.0,7098.4,567.8,97.7,119.4,85.3,97.5,119.1,78.2,10.0,0.6,0.0,50.0,97.7
2013-06-21 11:56:04,97.5,119.3,79.6,7.5,0.0,7098.2,567.8,97.7,119.4,89.7,97.5,119.1,78.2,10.0,0.6,0.0,50.0,97.5
2013-06-21 11:56:05,97.6,119.3,79.2,7.5,0.0,7097.8,567.8,97.6,119.4,86.0,97.5,119.2,78.4,10.0,0.6,0.0,50.0,97.6
2013-06-21 11:56:06,97.6,119.2,78.1,7.5,0.0,7097.1,567.7,97.6,119.3,84.7,97.6,119.2,78.1,10.0,0.6,0.0,50.0,97.6
2013-06-21 11:56:07,97.3,119.2,78.3,7.5,0.0,7099.1,567.9,97.6,119.3,91.1,97.3,119.0,77.9,10.0,0.6,0.0,50.0,97.3
2013-06-21 11:56:08,97.3,119.3,80.6,7.6,0.0,7096.5,567.7,97.3,119.4,87.7,97.3,119.2,78.3,10.0,0.6,0.0,50.0,97.3
2013-06-21 11:56:09,97.5,119.3,79.8,7.6,0.0,7096.1,567.6,97.5,119.3,88.2,97.3,119.1,78.3,10.0,0.6,0.0,50.0,97.5
2013-06-21 11:56:10,97.5,119.2,78.6,7.6,0.0,7098.2,567.8,97.5,119.4,91.6,97.5,119.1,78.3,10.0,0.6,0.0,50.0,97.5
2013-06-21 11:56:11,97.5,119.4,79.7,7.6,0.0,7095.2,567.6,97.5,119.5,86.7,97.5,119.2,78.2,10.0,0.6,0.0,50.0,97.5
2013-06-21 11:56:12,97.4,119.3,78.2,7.7,0.0,7094.4,567.5,97.5,119.4,85.1,97.4,119.2,78.0,10.0,0.6,0.0,50.0,97.4
2013-06-21 11:56:13,97.2,119.2,79.8,7.7,0.0,7094.3,567.5,97.4,119.4,89.4,97.2,119.1,78.0,10.0,0.6,0.0,50.0,97.2
2013-06-21 11:56:14,97.5,119.3,82.6,7.7,0.0,7094.3,567.5,97.5,119.4,88.2,97.2,119.1,79.6,10.0,0.6,0.0,50.0,97.5
2013-06-21 11:56:15,97.7,119.2,78.4,7.7,0.0,7093.8,567.5,97.7,119.4,86.2,97.5,119.1,78.4,10.0,0.6,0.0,50.0,97.7
2013-06-21 11:56:16,97.5,119.2,78.2,7.8,0.0,7093.3,567.4,97.7,119.3,87.0,97.5,119.1,78.2,10.0,0.6,0.0,50.0,97.5
2013-06-21 11:56:17,97.5,119.1,81.2,7.8,0.0,7092.7,567.4,97.5,119.3,85.5,97.5,119.1,78.0,10.0,0.6,0.0,50.0,97.5
2013-06-21 11:56:18,97.4,119.0,78.7,7.8,0.0,7094.6,567.5,97.5,119.3,86.4,97.4,118.9,78.3,10.0,0.6,0.0,50.0,97.4
2013-06-21 11:56:19,97.3,119.1,80.2,7.9,0.0,7092.0,567.3,97.4,119.2,88.4,97.3,118.8,78.3,10.0,0.6,0.0,50.0,97.3
2013-06-21 11:56:20,97.5,119.0,83.5,7.9,0.0,7091.8,567.3,97.5,119.2,85.9,97.3,119.0,79.2,10.0,0.6,0.0,50.0,97.5
2013-06-21 11:56:21,97.5,119.2,78.7,7.9,0.0,7093.6,567.4,97.5,119.2,85.4,97.5,119.0,78.3,10.0,0.6,0.0,50.0,97.5
2013-06-21 11:56:22,97.4,119.2,78.8,7.9,0.0,7093.1,567.4,97.5,119.2,86.7,97.4,119.0,78.2,10.0,0.6,0.0,50.0,97.4
2013-06-21 11:56:23,97.4,119.0,81.5,8.0,0.0,7090.1,567.2,97.4,119.2,85.0,97.4,119.0,78.2,10.0,0.6,0.0,50.0,97.4
2013-06-21 11:56:24,97.4,119.1,81.2,8.0,0.0,7090.0,567.2,97.4,119.2,86.8,97.4,119.0,78.9,10.0,0.6,0.0,50.0,97.4
2013-06-21 11:56:25,97.4,119.0,81.9,8.0,0.0,7092.4,567.3,97.4,119.1,87.7,97.4,118.9,79.4,10.0,0.6,0.0,50.0,97.4
2013-06-21 11:56:26,97.7,119.0,81.8,8.0,0.0,7089.5,567.1,97.7,119.1,84.9,97.4,118.9,78.7,10.0,0.6,0.0,50.0,97.7
2013-06-21 11:56:27,97.6,119.1,82.2,8.1,0.0,7089.1,567.1,97.7,119.2,84.9,97.6,119.0,78.5,10.0,0.6,0.0,50.0,97.6
2013-06-21 11:56:28,97.5,119.0,84.0,8.1,0.0,7088.7,567.1,97.6,119.2,86.2,97.5,118.9,78.5,10.0,0.6,0.0,50.0,97.5
2013-06-21 11:56:29,97.5,119.0,85.9,8.1,0.0,7090.8,567.2,97.5,119.2,85.9,97.5,119.0,78.6,10.0,0.6,0.0,50.0,97.5
2013-06-21 11:56:30,97.7,119.1,79.4,8.2,0.0,7088.0,567.0,97.7,119.2,87.7,97.5,119.0,78.2,10.0,0.5,0.0,50.0,97.7
2013-06-21 11:56:31,97.6,119.1,79.9,8.2,0.0,7087.8,567.0,97.7,119.2,88.0,97.6,119.0,78.3,10.0,0.5,0.0,50.0,97.6
2013-06-21 11:56:32,97.7,119.2,78.4,8.2,0.0,7089.7,567.1,97.7,119.3,86.4,97.6,119.1,78.4,10.0,0.5,0.0,50.0,97.7
2013-06-21 11:56:33,97.6,119.1,78.7,8.2,0.0,7087.0,566.9,97.7,119.3,86.4,97.6,119.1,78.4,10.0,0.5,0.0,50.0,97.6
2013-06-21 11:56:34,97.5,119.2,80.1,8.3,0.0,7086.9,566.9,97.6,119.3,88.6,97.5,119.0,78.6,10.0,0.5,0.0,50.0,97.5
2013-06-21 11:56:35,97.7,119.1,78.4,8.3,0.0,7086.4,566.9,97.7,119.2,86.5,97.5,119.1,78.3,10.0,0.5,0.0,50.0,97.7
2013-06-21 11:56:36,97.7,119.0,78.4,8.3,0.0,7088.3,567.0,97.7,119.3,89.2,97.7,119.0,78.2,10.0,0.5,0.0,50.0,97.7
2013-06-21 11:56:37,97.4,119.1,80.3,8.3,0.0,7085.8,566.8,97.7,119.2,87.0,97.4,118.9,78.3,10.0,0.5,0.0,50.0,97.4
2013-06-21 11:56:38,97.5,119.1,78.8,8.4,0.0,7085.4,566.8,97.5,119.2,86.3,97.4,119.1,78.7,10.0,0.5,0.0,50.0,97.5
2013-06-21 11:56:39,97.5,119.1,80.0,8.4,0.0,7085.3,566.8,97.5,119.2,88.3,97.5,119.0,78.5,10.0,0.5,0.0,50.0,97.5
2013-06-21 11:56:40,97.6,119.1,79.1,8.4,0.0,7085.1,566.8,97.6,119.2,86.2,97.5,118.9,78.8,10.0,0.5,0.0,50.0,97.6
2013-06-21 11:56:41,97.6,119.1,78.5,8.5,0.0,7084.6,566.7,97.6,119.3,84.9,97.6,119.0,78.2,10.0,0.5,0.0,50.0,97.6
2013-06-21 11:56:42,97.5,119.1,78.7,8.5,0.0,7084.2,566.7,97.6,119.3,87.3,97.5,119.0,78.3,10.0,0.5,0.0,50.0,97.5
2013-06-21 11:56:43,97.5,119.2,81.3,8.5,0.0,7086.3,566.9,97.5,119.3,87.1,97.5,119.0,78.3,10.0,0.5,0.0,50.0,97.5
2013-06-21 11:56:44,97.6,119.1,80.1,8.5,0.0,7086.2,566.8,97.6,119.2,86.8,97.5,119.0,79.9,10.0,0.5,0.0,50.0,97.6
2013-06-21 11:56:45,97.7,119.2,78.8,8.5,0.0,7083.7,566.6,97.7,119.3,85.7,97.6,119.1,78.8,10.0,0.5,0.0,50.0,97.7
2013-06-21 11:56:46,97.7,119.2,80.5,8.6,0.0,7083.3,566.6,97.7,119.3,85.4,97.7,119.2,78.1,10.0,0.5,0.0,50.0,97.7
2013-06-21 11:56:47,97.7,119.3,84.1,8.6,0.0,7086.2,566.8,97.7,119.3,89.5,97.7,119.1,80.1,10.0,0.5,0.0,50.0,97.7
2013-06-21 11:56:48,98.3,119.3,84.1,8.6,0.0,7085.0,566.8,98.3,119.3,90.8,97.7,119.2,83.0,9.7,0.5,0.0,50.0,100.4
2013-06-21 11:56:49,103.5,119.4,86.4,8.7,0.0,7085.8,566.8,103.5,119.5,90.1,98.3,119.3,82.1,10.0,0.5,0.0,50.0,103.5
2013-06-21 11:56:50,103.3,119.3,84.0,8.7,0.0,7086.5,566.9,103.5,119.5,89.4,103.3,119.3,82.3,10.0,0.6,0.0,50.0,103.3
2013-06-21 11:56:51,103.2,119.3,84.8,8.7,0.0,7087.3,566.9,103.3,119.5,90.6,103.2,119.3,82.7,10.0,0.6,0.0,50.0,103.2
2013-06-21 11:56:52,103.1,119.4,88.9,8.8,0.0,7088.2,567.0,103.2,119.5,91.4,103.1,119.3,82.8,10.0,0.6,0.0,50.0,103.1
2013-06-21 11:56:53,103.1,119.3,86.8,8.8,0.0,7089.5,567.1,103.1,119.5,92.1,103.1,119.2,84.0,10.0,0.7,0.0,50.0,103.1
2013-06-21 11:56:54,103.4,119.3,87.9,8.8,0.0,7091.0,567.2,103.4,119.5,94.2,103.1,119.2,84.4,9.9,0.7,0.0,50.0,103.7
2013-06-21 11:56:55,103.8,119.2,90.7,8.8,0.0,7092.5,567.4,103.8,119.5,92.9,103.4,119.2,82.8,9.8,0.7,0.0,50.0,105.1
2013-06-21 11:56:56,104.0,119.2,90.2,8.9,0.0,7095.8,567.6,104.0,119.5,94.2,103.8,119.2,82.3,9.9,0.7,0.0,50.0,104.2
2013-06-21 11:56:57,104.1,119.3,92.2,8.9,0.0,7095.6,567.6,104.1,119.5,95.1,104.0,119.2,86.0,10.0,0.8,0.0,50.0,104.1
2013-06-21 11:56:58,104.6,119.4,93.8,8.9,0.0,7099.3,567.9,104.6,119.5,95.1,104.1,119.2,84.6,9.7,0.8,0.0,50.0,107.0
2013-06-21 11:56:59,104.8,119.3,90.5,9.0,0.0,7098.7,567.8,104.8,119.6,97.0,104.6,119.3,84.9,9.9,0.8,0.0,50.0,105.6
2013-06-21 11:57:00,104.8,119.4,86.4,9.0,0.0,7099.9,567.9,104.8,119.5,91.1,104.8,119.3,83.1,10.0,0.9,0.0,50.0,104.8
2013-06-21 11:57:01,104.8,119.3,83.7,9.0,0.0,7102.9,568.2,104.8,119.5,92.7,104.8,119.3,82.4,10.0,0.9,0.0,50.0,104.8
2013-06-21 11:57:02,104.8,119.2,84.9,9.1,0.0,7102.0,568.1,104.8,119.4,93.7,104.8,119.2,83.4,10.0,0.9,0.0,50.0,104.8
2013-06-21 11:57:03,104.6,119.3,84.1,9.1,0.0,7103.2,568.2,104.8,119.4,92.6,104.6,119.1,83.1,10.0,0.9,0.0,50.0,104.6
2013-06-21 11:57:04,104.7,119.3,84.6,9.1,0.0,7104.2,568.3,104.7,119.4,93.3,104.6,119.1,82.9,10.0,1.0,0.0,50.0,104.7
2013-06-21 11:57:05,104.6,119.3,84.1,9.1,0.0,7105.2,568.4,104.7,119.4,92.9,104.6,119.1,82.9,10.0,1.0,0.0,50.0,104.6
2013-06-21 11:57:06,104.5,119.3,83.1,9.2,0.0,7106.4,568.5,104.6,119.4,95.4,104.5,119.1,82.9,10.0,1.0,0.0,50.0,104.5
2013-06-21 11:57:07,104.4,119.3,82.8,9.2,0.0,7107.2,568.5,104.5,119.4,91.8,104.4,119.2,82.7,10.0,1.0,0.0,50.0,104.4
2013-06-21 11:57:08,104.3,119.3,85.7,9.2,0.0,7108.3,568.6,104.4,119.4,94.9,104.3,119.2,82.8,10.0,1.1,0.0,50.0,104.3
2013-06-21 11:57:09,104.2,119.3,85.0,9.2,0.0,7109.4,568.7,104.3,119.4,92.9,104.2,119.2,83.5,10.0,1.1,0.0,50.0,104.2
2013-06-21 11:57:10,104.3,119.2,82.0,9.3,0.0,7110.4,568.8,104.3,119.4,96.7,104.2,119.1,82.0,10.0,1.1,0.0,50.0,104.3
2013-06-21 11:57:11,104.4,119.3,83.6,9.3,0.0,7111.4,568.9,104.4,119.4,92.6,104.3,119.2,82.0,10.0,1.2,0.0,50.0,104.4
2013-06-21 11:57:12,104.1,119.3,82.9,9.3,0.0,7112.2,568.9,104.4,119.4,91.0,104.1,119.2,82.0,10.0,1.2,0.0,50.0,104.1
2013-06-21 11:57:13,104.0,119.3,82.5,9.4,0.0,7112.7,569.0,104.1,119.4,91.9,104.0,119.1,82.0,10.0,1.2,0.0,50.0,104.0
2013-06-21 11:57:14,103.8,119.2,84.2,9.4,0.0,7113.6,569.0,104.0,119.3,92.5,103.8,119.2,82.5,10.0,1.2,0.0,50.0,103.8
2013-06-21 11:57:15,103.8,119.2,84.9,9.4,0.0,7114.7,569.1,103.8,119.3,91.2,103.8,119.1,83.1,10.0,1.3,0.0,50.0,103.8
2013-06-21 11:57:16,103.9,119.3,82.3,9.4,0.0,7115.7,569.2,103.9,119.3,92.8,103.8,119.1,82.3,10.0,1.3,0.0,50.0,103.9
2013-06-21 11:57:17,103.8,119.2,84.9,9.5,0.0,7116.6,569.3,103.9,119.4,92.8,103.8,119.1,82.3,10.0,1.3,0.0,50.0,103.8
2013-06-21 11:57:18,103.8,119.3,84.2,9.5,0.0,7117.7,569.4,103.8,119.3,93.8,103.8,119.1,82.6,10.0,1.3,0.0,50.0,103.8
2013-06-21 11:57:19,104.0,119.3,84.3,9.5,0.0,7118.4,569.4,104.0,119.4,92.8,103.8,119.2,82.2,10.0,1.4,0.0,50.0,104.0
2013-06-21 11:57:20,103.8,119.4,84.1,9.6,0.0,7119.3,569.5,104.0,119.4,90.2,103.8,119.2,82.4,10.0,1.4,0.0,50.0,103.8
2013-06-21 11:57:21,103.8,119.3,85.5,9.6,0.0,7120.3,569.6,103.8,119.4,92.3,103.8,119.2,82.5,10.0,1.4,0.0,50.0,103.8
2013-06-21 11:57:22,103.9,119.3,95.7,9.6,0.0,7121.3,569.7,103.9,119.5,95.7,103.8,119.2,82.5,10.0,1.4,0.0,50.0,103.9
2013-06-21 11:57:23,104.0,119.2,84.7,9.6,0.0,7124.3,569.9,104.0,119.4,96.4,103.9,119.2,83.5,10.0,1.5,0.0,50.0,104.0
2013-06-21 11:57:24,104.0,119.3,87.2,9.7,0.0,7123.3,569.8,104.0,119.3,92.4,104.0,119.2,82.7,10.0,1.5,0.0,50.0,104.0
2013-06-21 11:57:25,104.0,119.2,88.6,9.7,0.0,7124.0,569.9,104.0,119.4,90.2,104.0,119.2,82.1,10.0,1.5,0.0,50.0,104.0
2013-06-21 11:57:26,103.9,119.2,90.0,9.7,0.0,7124.7,569.9,104.0,119.4,90.7,103.9,119.2,81.9,10.0,1.5,0.0,50.0,103.9
2013-06-21 11:57:27,103.8,119.2,91.5,9.8,0.0,7125.4,570.0,103.9,119.3,92.5,103.8,119.0,82.4,10.0,1.5,0.0,50.0,103.8
2013-06-21 11:57:28,103.7,119.2,89.7,9.8,0.0,7126.1,570.0,103.8,119.4,91.5,103.7,119.2,82.9,10.0,1.6,0.0,50.0,103.7
2013-06-21 11:57:29,103.6,119.1,84.7,9.8,0.0,7128.7,570.2,103.7,119.4,89.7,103.6,119.1,82.1,10.0,1.6,0.0,50.0,103.6
2013-06-21 11:57:30,103.5,119.2,87.0,9.9,0.0,7127.6,570.2,103.6,119.4,92.0,103.5,119.0,83.3,10.0,1.6,0.0,50.0,103.5
2013-06-21 11:57:31,103.6,119.3,83.3,9.9,0.0,7128.3,570.2,103.6,119.4,93.5,103.5,119.2,82.8,10.0,1.6,0.0,50.0,103.6
2013-06-21 11:57:32,103.5,119.2,85.2,9.9,0.0,7129.2,570.3,103.6,119.4,92.2,103.5,119.2,82.8,10.0,1.7,0.0,50.0,103.5
2013-06-21 11:57:33,103.6,119.4,83.9,9.9,0.0,7130.1,570.4,103.6,119.4,92.6,103.5,119.2,83.3,10.0,1.7,0.0,50.0,103.6
2013-06-21 11:57:34,103.8,119.3,84.1,10.0,0.0,7131.1,570.4,103.8,119.4,95.0,103.6,119.2,83.8,10.0,1.7,0.0,50.0,103.8
2013-06-21 11:57:35,103.8,119.3,85.7,10.0,0.0,7132.4,570.5,103.8,119.3,92.9,103.8,119.1,83.7,10.0,1.7,0.0,50.0,103.8
2013-06-21 11:57:36,104.0,119.2,83.7,10.0,0.0,7135.1,570.8,104.0,119.4,90.7,103.8,119.1,83.2,10.0,1.8,0.0,50.0,104.0
2013-06-21 11:57:37,104.1,119.3,85.4,10.0,0.0,7134.2,570.7,104.1,119.3,93.1,104.0,119.1,83.3,10.0,1.8,0.0,50.0,104.1
2013-06-21 11:57:38,104.0,119.1,86.3,10.1,0.0,7135.4,570.8,104.1,119.3,92.1,104.0,119.1,83.9,10.0,1.8,0.0,50.0,104.0
2013-06-21 11:57:39,104.3,119.2,84.1,10.1,0.0,7136.7,570.9,104.3,119.3,99.9,104.0,119.0,83.5,9.9,1.8,0.0,50.0,104.6
2013-06-21 11:57:40,104.6,119.1,82.8,10.1,0.0,7137.4,570.9,104.6,119.2,91.2,104.3,119.0,82.8,9.9,1.8,0.0,50.0,105.3
2013-06-21 11:57:41,104.3,119.0,84.2,10.2,0.0,7138.1,571.0,104.6,119.2,90.1,104.3,119.0,82.4,10.0,1.9,0.0,50.0,104.3
2013-06-21 11:57:42,104.2,119.2,84.6,10.2,0.0,7138.8,571.1,104.3,119.3,90.8,104.2,119.0,83.0,10.0,1.9,0.0,50.0,104.2
2013-06-21 11:57:43,104.2,119.2,84.2,10.2,0.0,7141.6,571.3,104.2,119.2,91.6,104.2,119.1,83.8,10.0,1.9,0.0,50.0,104.2
2013-06-21 11:57:44,104.2,119.2,87.8,10.2,0.0,7141.1,571.2,104.2,119.3,93.9,104.2,119.0,83.1,10.0,1.9,0.0,50.0,104.2
2013-06-21 11:57:45,104.6,119.1,88.4,10.3,0.0,7142.5,571.4,104.6,119.2,93.7,104.2,119.0,86.7,9.9,1.9,0.0,50.0,105.6
2013-06-21 11:57:46,105.0,119.0,88.1,10.3,0.0,7146.0,571.6,105.0,119.2,94.1,104.6,119.0,87.5,9.9,2.0,0.0,50.0,105.8
2013-06-21 11:57:47,105.2,119.1,89.0,10.3,0.0,7145.6,571.6,105.2,119.2,94.7,105.0,118.9,85.1,9.9,2.0,0.0,50.0,106.0
2013-06-21 11:57:48,105.6,119.0,89.1,10.4,0.0,7147.1,571.7,105.6,119.2,95.8,105.2,119.0,86.2,10.0,2.0,0.0,50.0,105.6
2013-06-21 11:57:49,105.8,119.1,85.4,10.4,0.0,7148.1,571.8,105.8,119.2,94.3,105.6,118.9,83.6,9.9,2.0,0.0,50.0,106.0
2013-06-21 11:57:50,105.6,119.2,85.1,10.4,0.0,7148.9,571.9,105.8,119.3,94.9,105.6,119.0,83.2,10.0,2.1,0.0,50.0,105.6
2013-06-21 11:57:51,105.5,119.0,84.5,10.5,0.0,7149.6,571.9,105.6,119.3,92.9,105.5,119.0,83.6,10.0,2.1,0.0,50.0,105.5
2013-06-21 11:57:52,105.2,119.0,85.4,10.5,0.0,7152.4,572.1,105.5,119.2,92.1,105.2,119.0,83.5,10.0,2.1,0.0,50.0,105.2
2013-06-21 11:57:53,105.1,119.1,86.4,10.5,0.0,7151.3,572.1,105.2,119.2,95.0,105.1,118.9,83.2,10.0,2.1,0.0,50.0,105.1
2013-06-21 11:57:54,105.0,119.0,88.6,10.5,0.0,7152.4,572.1,105.1,119.2,94.4,105.0,118.8,84.9,10.0,2.1,0.0,50.0,105.0
2013-06-21 11:57:55,105.1,119.0,90.9,10.6,0.0,7155.4,572.4,105.1,119.2,94.0,105.0,118.9,84.4,10.0,2.2,0.0,50.0,105.1
2013-06-21 11:57:56,105.2,118.9,92.8,10.6,0.0,7154.6,572.3,105.2,119.2,96.3,105.1,118.9,84.0,10.0,2.2,0.0,50.0,105.2
2013-06-21 11:57:57,105.3,119.0,93.2,10.6,0.0,7155.6,572.4,105.3,119.1,93.2,105.2,118.9,84.6,10.0,2.2,0.0,50.0,105.3
2013-06-21 11:57:58,105.2,119.0,89.9,10.7,0.0,7158.7,572.6,105.3,119.1,93.2,105.2,118.9,85.3,10.0,2.2,0.0,50.0,105.2
2013-06-21 11:57:59,105.5,119.0,89.2,10.7,0.0,7157.9,572.6,105.5,119.1,92.9,105.2,118.9,85.3,10.0,2.2,0.0,50.0,105.5
2013-06-21 11:58:00,105.6,119.0,85.9,10.7,0.0,7158.9,572.7,105.6,119.1,94.7,105.5,118.9,85.4,10.0,2.3,0.0,50.0,105.6
2013-06-21 11:58:01,105.6,119.0,88.3,10.8,0.0,7161.9,572.9,105.6,119.1,92.8,105.6,118.9,84.9,10.0,2.3,0.0,50.0,105.6
2013-06-21 11:58:02,105.7,118.9,91.6,10.8,0.0,7161.1,572.8,105.7,119.1,92.5,105.6,118.9,84.3,10.0,2.3,0.0,50.0,105.7
2013-06-21 11:58:03,105.7,118.9,86.8,10.8,0.0,7162.1,572.9,105.7,119.1,92.6,105.7,118.9,84.9,10.0,2.3,0.0,50.0,105.7
2013-06-21 11:58:04,105.6,119.1,84.3,10.8,0.0,7163.4,573.0,105.7,119.2,100.9,105.6,118.9,83.6,10.0,2.3,0.0,50.0,105.6
2013-06-21 11:58:05,105.7,119.0,85.7,10.9,0.0,7163.8,573.1,105.7,119.2,88.8,105.6,119.0,82.2,10.0,2.4,0.0,50.0,105.7
2013-06-21 11:58:06,105.3,119.0,84.5,10.9,0.0,7164.3,573.1,105.7,119.2,90.7,105.3,119.0,82.2,10.0,2.4,0.0,50.0,105.3
2013-06-21 11:58:07,104.9,119.2,83.3,10.9,0.0,7166.6,573.3,105.3,119.3,90.6,104.9,119.0,81.8,10.0,2.4,0.0,50.0,104.9
2013-06-21 11:58:08,104.6,119.2,83.0,10.9,0.0,7165.2,573.2,104.9,119.3,90.2,104.6,119.1,82.3,10.0,2.4,0.0,50.0,104.6
2013-06-21 11:58:09,104.4,119.2,84.6,11.0,0.0,7165.9,573.2,104.6,119.3,90.9,104.4,119.1,83.0,10.0,2.4,0.0,50.0,104.4
2013-06-21 11:58:10,104.4,119.2,83.3,11.0,0.0,7166.7,573.3,104.4,119.3,92.3,104.4,119.1,83.2,10.0,2.4,0.0,50.0,104.4
2013-06-21 11:58:11,104.4,119.2,84.7,11.0,0.0,7167.6,573.4,104.4,119.3,95.8,104.4,119.1,83.3,10.0,2.5,0.0,50.0,104.4
2013-06-21 11:58:12,104.5,119.2,84.8,11.1,0.0,7168.5,573.4,104.5,119.3,92.7,104.4,119.0,84.0,10.0,2.5,0.0,50.0,104.5
2013-06-21 11:58:13,104.5,119.0,85.5,11.1,0.0,7171.1,573.6,104.5,119.3,93.5,104.5,118.9,84.3,10.0,2.5,0.0,50.0,104.5
2013-06-21 11:58:14,104.5,119.1,85.0,11.1,0.0,7170.2,573.6,104.5,119.2,94.0,104.5,119.0,83.6,10.0,2.5,0.0,50.0,104.5
2013-06-21 11:58:15,104.7,119.0,85.0,11.2,0.0,7171.1,573.6,104.7,119.2,91.7,104.5,119.0,84.4,10.0,2.5,0.0,50.0,104.7
2013-06-21 11:58:16,104.7,119.0,85.1,11.2,0.0,7173.8,573.9,104.7,119.2,95.6,104.7,118.8,84.8,10.0,2.6,0.0,50.0,104.7
2013-06-21 11:58:17,104.8,119.1,84.6,11.2,0.0,7172.8,573.8,104.8,119.2,93.2,104.7,119.0,84.5,10.0,2.6,0.0,50.0,104.8
2013-06-21 11:58:18,104.7,119.0,84.8,11.2,0.0,7173.5,573.8,104.8,119.2,92.2,104.7,119.0,83.8,10.0,2.6,0.0,50.0,104.7
2013-06-21 11:58:19,104.6,119.1,84.3,11.3,0.0,7174.2,573.9,104.7,119.2,94.4,104.6,118.9,82.9,10.0,2.6,0.0,50.0,104.6
2013-06-21 11:58:20,104.5,119.1,85.3,11.3,0.0,7174.8,573.9,104.6,119.2,91.0,104.5,119.0,83.5,10.0,2.6,0.0,50.0,104.5
2013-06-21 11:58:21,104.5,119.2,86.0,11.3,0.0,7175.6,574.0,104.5,119.2,93.1,104.5,119.0,84.3,10.0,2.6,0.0,50.0,104.5
2013-06-21 11:58:22,104.5,119.0,86.4,11.4,0.0,7178.0,574.2,104.5,119.2,93.7,104.5,118.9,83.5,10.0,2.7,0.0,50.0,104.5
2013-06-21 11:58:23,104.4,119.2,87.1,11.4,0.0,7176.8,574.1,104.5,119.2,90.0,104.4,119.0,83.7,10.0,2.7,0.0,50.0,104.4
2013-06-21 11:58:24,104.2,119.1,87.2,11.4,0.0,7177.4,574.1,104.4,119.3,90.3,104.2,119.0,83.4,10.0,2.7,0.0,50.0,104.2
2013-06-21 11:58:25,104.2,119.1,91.1,11.4,0.0,7177.9,574.2,104.2,119.2,91.9,104.2,119.0,82.6,10.0,2.7,0.0,50.0,104.2
2013-06-21 11:58:26,104.1,119.1,89.6,11.5,0.0,7178.5,574.2,104.2,119.3,91.1,104.1,119.0,84.2,10.0,2.7,0.0,50.0,104.1
2013-06-21 11:58:27,104.1,119.2,85.0,11.5,0.0,7179.0,574.3,104.1,119.3,91.0,104.1,119.1,83.4,10.0,2.8,0.0,50.0,104.1
2013-06-21 11:58:28,104.0,119.1,86.1,11.5,0.0,7179.7,574.3,104.1,119.2,90.2,104.0,119.0,83.7,10.0,2.8,0.0,50.0,104.0
2013-06-21 11:58:29,104.0,119.2,84.0,11.6,0.0,7180.1,574.4,104.0,119.3,91.5,104.0,119.0,83.4,10.0,2.8,0.0,50.0,104.0
2013-06-21 11:58:30,103.9,119.1,90.8,11.6,0.0,7180.8,574.4,104.0,119.3,90.8,103.9,119.0,83.4,10.0,2.8,0.0,50.0,103.9
2013-06-21 11:58:31,103.9,119.3,87.3,11.6,0.0,7181.3,574.5,103.9,119.3,90.8,103.9,119.1,83.4,10.0,2.8,0.0,50.0,103.9
2013-06-21 11:58:32,103.8,119.2,84.1,11.6,0.0,7181.8,574.5,103.9,119.4,90.7,103.8,119.2,83.6,10.0,2.8,0.0,50.0,103.8
2013-06-21 11:58:33,103.8,119.3,84.1,11.7,0.0,7182.4,574.5,103.8,119.3,90.4,103.8,119.2,83.6,10.0,2.9,0.0,50.0,103.8
2013-06-21 11:58:34,103.7,119.3,88.7,11.7,0.0,7183.0,574.6,103.8,119.4,90.5,103.7,119.2,83.4,10.0,2.9,0.0,50.0,103.7
2013-06-21 11:58:35,103.7,119.4,84.2,11.7,0.0,7183.5,574.6,103.7,119.4,90.3,103.7,119.2,83.7,10.0,2.9,0.0,50.0,103.7
2013-06-21 11:58:36,103.6,119.2,85.2,11.8,0.0,7184.5,574.7,103.7,119.4,99.3,103.6,119.2,83.1,10.0,2.9,0.0,50.0,103.6
2013-06-21 11:58:37,104.0,119.3,88.9,11.8,0.0,7184.9,574.7,104.0,119.5,89.5,103.6,119.2,82.6,9.8,2.9,0.0,50.0,105.1
2013-06-21 11:58:38,103.8,119.3,83.1,11.8,0.0,7185.2,574.8,104.0,119.5,90.4,103.8,119.3,82.6,10.0,2.9,0.0,50.0,103.8
2013-06-21 11:58:39,103.6,119.3,82.7,11.8,0.0,7187.2,574.9,103.8,119.5,91.6,103.6,119.2,82.6,10.0,3.0,0.0,50.0,103.6
2013-06-21 11:58:40,103.5,119.5,84.6,11.9,0.0,7186.0,574.8,103.6,119.6,90.0,103.5,119.3,82.7,10.0,3.0,0.0,50.0,103.5
2013-06-21 11:58:41,103.5,119.4,82.9,11.9,0.0,7186.3,574.9,103.5,119.6,89.9,103.5,119.3,82.9,10.0,3.0,0.0,50.0,103.5
2013-06-21 11:58:42,103.3,119.4,83.3,11.9,0.0,7188.5,575.0,103.5,119.5,93.3,103.3,119.3,82.9,10.0,3.0,0.0,50.0,103.3
2013-06-21 11:58:43,103.3,119.4,83.4,12.0,0.0,7187.2,574.9,103.3,119.5,89.7,103.3,119.3,83.0,10.0,3.0,0.0,50.0,103.3
2013-06-21 11:58:44,103.3,119.3,84.0,12.0,0.0,7187.7,575.0,103.3,119.5,90.4,103.3,119.3,83.4,10.0,3.0,0.0,50.0,103.3
2013-06-21 11:58:45,103.3,119.3,83.7,12.0,0.0,7189.9,575.1,103.3,119.4,94.2,103.3,119.1,83.4,10.0,3.1,0.0,50.0,103.3
2013-06-21 11:58:46,103.3,119.3,84.1,12.0,0.0,7188.9,575.1,103.3,119.4,98.2,103.3,119.1,82.9,10.0,3.1,0.0,50.0,103.3
2013-06-21 11:58:47,103.5,119.3,84.0,12.1,0.0,7189.6,575.1,103.5,119.4,91.5,103.3,119.2,83.7,10.0,3.1,0.0,50.0,103.5
2013-06-21 11:58:48,103.5,119.2,84.2,12.1,0.0,7190.1,575.2,103.5,119.4,92.3,103.5,119.2,83.2,10.0,3.1,0.0,50.0,103.5
2013-06-21 11:58:49,103.5,119.5,84.1,12.1,0.0,7190.6,575.2,103.5,119.5,90.1,103.5,119.2,83.5,10.0,3.1,0.0,50.0,103.5
2013-06-21 11:58:50,103.6,119.3,84.8,12.2,0.0,7191.1,575.2,103.6,119.5,90.4,103.5,119.3,83.5,10.0,3.1,0.0,50.0,103.6
2013-06-21 11:58:51,103.5,119.4,85.2,12.2,0.0,7191.7,575.3,103.6,119.4,91.3,103.5,119.2,83.1,10.0,3.1,0.0,50.0,103.5
2013-06-21 11:58:52,103.6,119.3,85.6,12.2,0.0,7192.1,575.3,103.6,119.5,90.2,103.5,119.3,83.2,10.0,3.2,0.0,50.0,103.6
2013-06-21 11:58:53,103.5,119.2,86.7,12.2,0.0,7192.6,575.4,103.6,119.4,90.6,103.5,119.1,83.6,10.0,3.2,0.0,50.0,103.5
2013-06-21 11:58:54,103.5,119.3,88.3,12.3,0.0,7193.1,575.4,103.5,119.3,91.3,103.5,119.1,83.7,10.0,3.2,0.0,50.0,103.5
2013-06-21 11:58:55,103.5,119.2,90.6,12.3,0.0,7193.6,575.4,103.5,119.3,90.6,103.5,119.1,83.5,10.0,3.2,0.0,50.0,103.5
2013-06-21 11:58:56,103.5,119.2,87.1,12.3,0.0,7194.0,575.5,103.5,119.4,90.6,103.5,119.2,82.3,10.0,3.2,0.0,50.0,103.5
2013-06-21 11:58:57,103.4,119.1,84.6,12.3,0.0,7194.4,575.5,103.5,119.4,89.4,103.4,119.1,83.4,10.0,3.2,0.0,50.0,103.4
2013-06-21 11:58:58,103.5,119.2,83.7,12.4,0.0,7194.9,575.5,103.5,119.3,91.5,103.4,119.1,83.5,10.0,3.3,0.0,50.0,103.5
2013-06-21 11:58:59,103.6,119.2,83.1,12.4,0.0,7197.0,575.7,103.6,119.4,90.9,103.5,119.1,83.1,10.0,3.3,0.0,50.0,103.6
2013-06-21 11:59:00,103.5,119.4,84.2,12.4,0.1,7195.8,575.6,103.6,119.4,90.2,103.5,119.2,81.9,10.0,3.3,0.0,50.0,103.5
2013-06-21 11:59:01,103.5,119.3,84.6,12.5,0.1,7196.2,575.7,103.5,119.5,89.9,103.5,119.3,82.9,10.0,3.3,0.0,50.0,103.5
2013-06-21 11:59:02,103.4,119.4,83.3,12.5,0.1,7196.7,575.7,103.5,119.5,89.7,103.4,119.3,83.3,10.0,3.3,0.0,50.0,103.4
2013-06-21 11:59:03,103.4,119.5,84.9,12.5,0.1,7198.7,575.8,103.4,119.6,89.8,103.4,119.3,82.8,10.0,3.3,0.0,50.0,103.4
2013-06-21 11:59:04,103.3,119.4,83.7,12.6,0.1,7197.4,575.7,103.4,119.5,89.9,103.3,119.3,83.0,10.0,3.3,0.0,50.0,103.3
2013-06-21 11:59:05,103.2,119.5,88.5,12.6,0.1,7198.3,575.8,103.3,119.5,96.8,103.2,119.2,83.3,10.0,3.4,0.0,50.0,103.2
2013-06-21 11:59:06,103.5,119.3,89.8,12.6,0.1,7200.6,576.0,103.5,119.5,92.9,103.2,119.2,83.1,9.9,3.4,0.0,50.0,104.4
2013-06-21 11:59:07,103.8,119.4,84.4,12.6,0.1,7199.7,575.9,103.8,119.5,90.8,103.5,119.2,84.4,9.9,3.4,0.0,50.0,104.2
2013-06-21 11:59:08,103.9,119.4,83.7,12.7,0.1,7200.4,576.0,103.9,119.5,97.8,103.8,119.1,83.7,9.9,3.4,0.0,50.0,104.2
2013-06-21 11:59:09,104.0,119.5,89.7,12.7,0.1,7201.0,576.0,104.0,119.5,91.2,103.9,119.3,82.3,10.0,3.4,0.0,50.0,104.0
2013-06-21 11:59:10,104.0,119.4,83.8,12.7,0.1,7203.0,576.2,104.0,119.6,90.8,104.0,119.3,82.6,10.0,3.4,0.0,50.0,104.0
2013-06-21 11:59:11,104.0,119.5,83.7,12.8,0.1,7201.9,576.1,104.0,119.5,94.2,104.0,119.3,82.2,10.0,3.4,0.0,50.0,104.0
2013-06-21 11:59:12,103.9,119.4,89.5,12.8,0.1,7202.5,576.2,104.0,119.6,91.6,103.9,119.3,82.6,10.0,3.5,0.0,50.0,103.9
2013-06-21 11:59:13,104.0,119.4,85.8,12.8,0.1,7203.0,576.2,104.0,119.6,92.9,103.9,119.3,83.6,10.0,3.5,0.0,50.0,104.0
2013-06-21 11:59:14,104.0,119.4,85.9,12.8,0.1,7203.6,576.2,104.0,119.5,95.3,104.0,119.2,83.3,10.0,3.5,0.0,50.0,104.0
2013-06-21 11:59:15,104.0,119.4,87.8,12.9,0.1,7204.2,576.3,104.0,119.5,91.7,104.0,119.3,83.7,10.0,3.5,0.0,50.0,104.0
2013-06-21 11:59:16,104.2,119.3,88.2,12.9,0.1,7204.9,576.3,104.2,119.4,93.5,104.0,119.2,84.0,10.0,3.5,0.0,50.0,104.2
2013-06-21 11:59:17,104.2,119.4,82.9,12.9,0.1,7205.4,576.4,104.2,119.4,92.1,104.2,119.2,82.9,10.0,3.5,0.0,50.0,104.2
2013-06-21 11:59:18,104.1,119.3,88.5,13.0,0.1,7205.9,576.4,104.2,119.5,93.0,104.1,119.2,81.5,10.0,3.5,0.0,50.0,104.1
2013-06-21 11:59:19,104.4,119.1,98.9,13.0,0.1,7208.0,576.6,104.4,119.3,99.1,104.1,119.0,86.4,9.9,3.6,0.0,50.0,105.1
2013-06-21 11:59:20,113.6,119.3,94.5,13.0,0.1,7209.9,576.7,113.6,119.4,98.9,104.4,119.1,89.0,10.0,3.6,0.0,50.0,113.6
2013-06-21 11:59:21,113.4,119.2,97.9,13.1,0.1,7211.4,576.9,113.6,119.4,98.8,113.4,119.2,86.9,10.0,3.6,0.0,50.0,113.4
2013-06-21 11:59:22,113.3,119.2,98.5,13.1,0.1,7213.3,577.0,113.4,119.4,98.5,113.3,119.2,88.3,10.0,3.6,0.0,50.0,113.3
2013-06-21 11:59:23,113.2,119.2,94.9,13.1,0.1,7215.4,577.2,113.3,119.4,100.8,113.2,119.2,89.0,10.0,3.6,0.0,50.0,113.2
2013-06-21 11:59:24,113.5,119.4,90.6,13.1,0.1,7217.1,577.3,113.5,119.4,103.0,113.2,119.1,89.7,9.9,3.6,0.0,50.0,113.9
2013-06-21 11:59:25,113.3,119.3,87.6,13.2,0.1,7218.3,577.4,113.5,119.4,97.5,113.3,119.3,86.1,10.0,3.6,0.0,50.0,113.3
2013-06-21 11:59:26,107.8,119.2,88.1,13.2,0.1,7219.5,577.5,113.3,119.4,98.5,107.8,119.2,86.7,10.0,3.6,0.0,50.0,107.8
2013-06-21 11:59:27,107.7,119.3,86.9,13.2,0.1,7221.7,577.7,107.8,119.3,95.6,107.7,119.2,85.0,10.0,3.7,0.0,50.0,107.7
2013-06-21 11:59:28,107.5,119.4,86.0,13.3,0.1,7221.1,577.6,107.7,119.5,99.6,107.5,119.2,82.6,10.0,3.7,0.0,50.0,107.5
2013-06-21 11:59:29,107.4,119.2,84.0,13.3,0.1,7221.5,577.7,107.5,119.5,92.2,107.4,119.1,82.6,10.0,3.7,0.0,50.0,107.4
2013-06-21 11:59:30,106.8,119.3,84.8,13.3,0.1,7221.8,577.7,107.4,119.4,90.3,106.8,119.2,81.4,10.0,3.7,0.0,50.0,106.8
2013-06-21 11:59:31,106.3,119.2,86.0,13.3,0.1,7222.4,577.7,106.8,119.4,97.0,106.3,119.2,83.6,10.0,3.7,0.0,50.0,106.3
2013-06-21 11:59:32,106.2,119.3,86.3,13.4,0.1,7223.2,577.8,106.3,119.4,95.3,106.2,119.2,84.9,10.0,3.7,0.0,50.0,106.2
2013-06-21 11:59:33,106.1,119.3,87.3,13.4,0.1,7225.5,578.0,106.2,119.4,94.7,106.1,119.2,85.5,10.0,3.7,0.0,50.0,106.1
2013-06-21 11:59:34,106.0,119.1,99.5,13.4,0.1,7225.7,578.0,106.1,119.4,99.5,106.0,119.1,81.5,10.0,3.7,0.0,50.0,106.0
2013-06-21 11:59:35,116.1,119.0,103.1,13.5,0.1,7228.7,578.2,116.1,119.3,105.5,106.0,119.0,95.2,10.0,3.8,0.0,50.0,116.1
2013-06-21 11:59:36,122.6,119.0,104.4,13.5,0.1,7233.9,578.7,122.6,119.1,106.1,116.1,118.9,101.2,10.0,3.8,0.0,50.0,122.6
2013-06-21 11:59:37,123.0,118.9,104.2,13.5,0.1,7236.3,578.9,123.0,119.1,107.8,122.6,118.9,103.8,9.9,3.8,0.0,50.0,124.0
2013-06-21 11:59:38,123.5,119.0,104.9,13.6,0.1,7240.0,579.2,123.5,119.1,106.7,123.0,118.9,103.7,9.9,3.8,0.0,50.0,124.6
2013-06-21 11:59:39,123.9,119.1,96.5,13.6,0.1,7243.5,579.4,123.9,119.2,106.7,123.5,118.9,96.3,9.9,3.8,0.0,50.0,124.4
2013-06-21 11:59:40,123.8,119.2,87.8,13.6,0.1,7245.3,579.6,123.9,119.3,101.4,123.8,119.0,85.6,10.0,3.8,0.0,50.0,123.8
2013-06-21 11:59:41,109.1,119.3,89.6,13.7,0.1,7246.2,579.7,123.8,119.3,98.4,109.1,119.1,81.7,9.9,3.8,0.0,50.0,109.5
2013-06-21 11:59:42,108.9,119.2,86.7,13.7,0.1,7246.6,579.7,109.1,119.3,91.3,108.9,119.1,81.4,10.0,3.9,0.0,50.0,108.9
2013-06-21 11:59:43,108.3,119.2,85.6,13.7,0.1,7247.5,579.8,108.9,119.3,96.2,108.3,119.0,84.4,10.0,3.9,0.0,50.0,108.3
2013-06-21 11:59:44,108.1,119.0,92.3,13.8,0.1,7248.0,579.8,108.3,119.3,92.3,108.1,119.0,82.8,10.0,3.9,0.0,50.0,108.1
2013-06-21 11:59:45,107.7,119.2,83.0,13.8,0.1,7248.3,579.8,108.1,119.3,92.5,107.7,119.0,83.0,10.0,3.9,0.0,50.0,107.7
2013-06-21 11:59:46,107.1,119.2,88.0,13.8,0.1,7248.8,579.9,107.7,119.3,93.1,107.1,119.1,81.5,10.0,3.9,0.0,50.0,107.1
2013-06-21 11:59:47,107.0,119.0,104.4,13.9,0.1,7252.2,580.1,107.1,119.3,104.4,107.0,118.9,84.5,10.0,3.9,0.0,50.0,107.0
2013-06-21 11:59:48,116.7,119.3,89.3,13.9,0.1,7252.1,580.1,116.7,119.3,105.7,107.0,118.9,87.5,10.0,3.9,0.0,50.0,116.7
2013-06-21 11:59:49,107.2,119.1,100.2,13.9,0.1,7253.4,580.2,116.7,119.3,104.9,107.2,119.0,82.0,10.0,3.9,0.0,50.0,107.2
2013-06-21 11:59:50,107.7,119.1,94.5,13.9,0.1,7253.9,580.3,107.7,119.3,100.2,107.2,119.0,83.5,9.8,3.9,0.0,50.0,109.5
2013-06-21 11:59:51,107.5,119.2,85.9,14.0,0.1,7254.2,580.3,107.7,119.4,96.7,107.5,119.0,82.6,10.0,4.0,0.0,50.0,107.5
2013-06-21 11:59:52,106.9,119.3,85.9,14.0,0.1,7256.1,580.4,107.5,119.4,91.7,106.9,119.1,82.4,10.0,4.0,0.0,50.0,106.9
2013-06-21 11:59:53,106.6,119.3,83.3,14.0,0.1,7254.9,580.3,106.9,119.4,96.0,106.6,119.1,82.5,10.0,4.0,0.0,50.0,106.6
2013-06-21 11:59:54,106.2,119.2,85.5,14.1,0.1,7255.3,580.4,106.6,119.3,95.2,106.2,119.1,82.7,10.0,4.0,0.0,50.0,106.2
2013-06-21 11:59:55,105.9,119.2,83.5,14.1,0.1,7255.8,580.4,106.2,119.3,94.4,105.9,119.1,83.5,10.0,4.0,0.0,50.0,105.9
2013-06-21 11:59:56,105.7,119.2,85.1,14.1,0.1,7256.1,580.4,105.9,119.4,90.6,105.7,119.2,83.3,10.0,4.0,0.0,50.0,105.7
2013-06-21 11:59:57,105.5,119.2,84.8,14.1,0.1,7256.4,580.5,105.7,119.3,94.1,105.5,119.1,82.9,10.0,4.0,0.0,50.0,105.5
2013-06-21 11:59:58,105.1,119.2,84.4,14.2,0.1,7256.8,580.5,105.5,119.3,91.4,105.1,119.1,83.2,10.0,4.0,0.0,50.0,105.1
2013-06-21 11:59:59,104.9,119.2,85.5,14.2,0.1,7257.2,580.5,105.1,119.4,91.0,104.9,119.2,83.4,10.0,4.1,0.0,50.0,104.9
2013-06-21 12:00:00,105.0,119.0,93.0,14.2,0.1,7259.8,580.7,105.0,119.4,95.3,104.9,119.0,85.2,10.0,4.1,0.0,50.0,105.0
2013-06-21 12:00:01,112.4,118.9,106.1,14.3,0.1,7261.1,580.8,112.4,119.2,106.9,105.0,118.9,91.5,10.0,4.1,0.0,50.1,112.4
2013-06-21 12:00:02,120.6,118.8,104.5,14.3,0.1,7263.7,581.0,120.6,119.2,106.7,112.4,118.8,88.3,10.0,4.1,0.0,50.1,120.6
2013-06-21 12:00:03,120.8,118.8,106.8,14.3,0.1,7267.3,581.3,120.8,118.9,109.3,120.6,118.7,99.0,10.0,4.1,0.0,50.1,120.8
2013-06-21 12:00:04,127.1,119.4,83.9,14.4,0.1,7270.0,581.6,127.1,119.4,108.7,120.8,118.8,83.9,10.0,4.1,0.0,50.1,127.1
2013-06-21 12:00:05,113.8,119.2,84.8,14.4,0.1,7271.4,581.7,127.1,119.4,91.3,113.8,119.0,82.2,9.9,4.1,0.0,50.1,114.9
2013-06-21 12:00:06,102.1,119.3,82.5,14.4,0.1,7270.0,581.6,113.8,119.3,88.1,102.1,119.1,82.4,10.0,4.1,0.0,50.1,102.1
2013-06-21 12:00:07,102.1,119.2,86.4,14.5,0.1,7271.0,581.6,102.1,119.3,99.3,102.1,119.1,82.5,10.0,4.1,0.0,50.1,102.1
2013-06-21 12:00:08,107.4,119.2,83.9,14.5,0.1,7271.2,581.6,107.4,119.3,94.0,102.1,119.1,83.0,10.0,4.2,0.0,50.1,107.4
2013-06-21 12:00:09,106.8,119.2,83.0,14.5,0.1,7271.5,581.7,107.4,119.3,93.3,106.8,119.0,82.8,10.0,4.2,0.0,50.1,106.8
2013-06-21 12:00:10,106.4,119.2,85.5,14.5,0.1,7273.2,581.8,106.8,119.3,90.3,106.4,119.1,82.3,10.0,4.2,0.0,50.1,106.4
2013-06-21 12:00:11,106.0,119.0,83.0,14.6,0.1,7271.8,581.7,106.4,119.3,90.2,106.0,119.0,82.1,10.0,4.2,0.0,50.1,106.0
2013-06-21 12:00:12,105.5,118.9,91.6,14.6,0.1,7272.0,581.7,106.0,119.1,91.6,105.5,118.9,82.7,10.0,4.2,0.0,50.0,105.5
2013-06-21 12:00:13,105.1,118.9,96.9,14.6,0.1,7272.4,581.7,105.5,119.2,96.9,105.1,118.8,83.4,10.0,4.2,0.0,50.0,105.1
2013-06-21 12:00:14,105.6,118.9,105.9,14.7,0.1,7275.4,582.0,105.6,119.0,105.9,105.1,118.9,93.6,10.0,4.2,0.0,50.0,105.6
2013-06-21 12:00:15,124.9,118.8,107.9,14.7,0.1,7278.8,582.3,124.9,119.0,107.9,105.6,118.8,102.7,10.0,4.2,0.0,50.0,124.9
2013-06-21 12:00:16,125.2,118.8,105.6,14.7,0.1,7283.8,582.7,125.2,118.9,109.8,124.9,118.8,104.6,10.0,4.2,0.0,50.0,125.2
2013-06-21 12:00:17,125.5,118.8,105.3,14.8,0.1,7286.0,582.8,125.5,118.9,110.5,125.2,118.7,104.7,10.0,4.3,0.0,50.0,125.5
2013-06-21 12:00:18,125.8,118.8,105.2,14.8,0.1,7289.5,583.1,125.8,118.9,107.4,125.5,118.8,104.6,9.9,4.3,0.0,50.0,126.3
2013-06-21 12:00:19,126.1,118.8,105.2,14.8,0.1,7293.1,583.4,126.1,118.9,108.4,125.8,118.8,104.7,10.0,4.3,0.0,50.0,126.1
2013-06-21 12:00:20,126.2,118.8,105.0,14.9,0.1,7296.5,583.7,126.2,118.9,107.6,126.1,118.8,104.4,10.0,4.3,0.0,50.0,126.2
2013-06-21 12:00:21,126.4,118.9,105.0,14.9,0.1,7300.1,584.0,126.4,118.9,106.9,126.2,118.7,104.6,10.0,4.3,0.0,50.0,126.4
2013-06-21 12:00:22,126.6,118.8,104.8,14.9,0.1,7303.5,584.2,126.6,119.0,108.1,126.4,118.8,104.5,10.0,4.3,0.0,50.0,126.6
2013-06-21 12:00:23,126.7,118.9,106.1,15.0,0.1,7307.1,584.5,126.7,119.0,108.7,126.6,118.8,104.8,10.0,4.3,0.0,50.0,126.7
2013-06-21 12:00:25,135.1,119.1,84.6,15.0,0.1,7312.8,585.0,135.1,119.1,111.9,127.0,118.7,84.4,10.0,4.3,0.0,50.0,135.1
2013-06-21 12:00:26,110.9,119.0,99.5,15.1,0.1,7316.8,585.3,135.1,119.1,109.3,110.9,118.7,84.5,10.0,4.4,0.0,50.0,110.9
2013-06-21 12:00:27,120.4,118.9,105.2,15.1,0.1,7318.8,585.5,120.4,119.1,108.4,110.9,118.7,94.9,10.0,4.4,0.0,50.0,120.4
2013-06-21 12:00:28,129.2,118.8,105.1,15.1,0.1,7322.3,585.7,129.2,119.0,109.0,120.4,118.8,104.9,10.0,4.4,0.0,50.0,129.2
2013-06-21 12:00:29,128.9,118.9,105.1,15.2,0.1,7325.6,586.0,129.2,118.9,107.5,128.9,118.8,102.4,10.0,4.4,0.0,50.0,128.9
2013-06-21 12:00:30,128.8,118.8,104.9,15.2,0.1,7330.4,586.4,128.9,119.0,107.1,128.8,118.8,101.8,10.0,4.4,0.0,50.0,128.8
2013-06-21 12:00:31,128.6,119.0,102.9,15.3,0.1,7332.3,586.5,128.8,119.1,108.2,128.6,118.8,102.9,10.0,4.4,0.0,50.0,128.6
2013-06-21 12:00:32,128.1,119.0,105.1,15.3,0.1,7335.4,586.8,128.6,119.3,108.0,128.1,118.9,93.4,10.0,4.4,0.0,50.0,128.1
2013-06-21 12:00:33,128.0,119.0,104.9,15.3,0.1,7338.7,587.0,128.1,119.0,106.8,128.0,118.9,104.6,10.0,4.4,0.0,50.0,128.0
2013-06-21 12:00:34,128.0,119.0,104.7,15.4,0.1,7342.0,587.3,128.0,119.1,108.0,128.0,118.9,104.5,10.0,4.4,0.0,50.0,128.0
2013-06-21 12:00:35,127.9,118.9,105.9,15.4,0.1,7345.3,587.6,128.0,119.1,109.8,127.9,118.9,103.8,10.0,4.4,0.0,50.0,127.9
2013-06-21 12:00:36,127.9,119.0,105.5,15.4,0.1,7348.7,587.8,127.9,119.0,107.4,127.9,118.9,105.1,10.0,4.5,0.0,50.0,127.9
2013-06-21 12:00:37,127.9,119.0,105.8,15.5,0.1,7352.1,588.1,127.9,119.0,108.1,127.9,118.9,104.7,10.0,4.5,0.0,50.0,127.9
2013-06-21 12:00:38,128.0,119.0,106.3,15.5,0.1,7355.5,588.4,128.0,119.0,108.8,127.9,118.9,104.9,10.0,4.5,0.0,50.0,128.0
2013-06-21 12:00:39,128.0,119.0,105.6,15.5,0.1,7358.7,588.7,128.0,119.0,107.3,128.0,118.9,104.7,10.0,4.5,0.0,50.0,128.0
2013-06-21 12:00:40,128.0,119.1,106.5,15.6,0.1,7363.4,589.0,128.0,119.1,107.8,128.0,118.8,104.7,10.0,4.5,0.0,50.0,128.0
2013-06-21 12:00:41,128.0,119.0,108.1,15.6,0.1,7365.4,589.2,128.0,119.1,109.0,128.0,118.9,104.8,10.0,4.5,0.0,50.0,128.0
2013-06-21 12:00:42,128.0,119.1,105.3,15.6,0.1,7368.6,589.4,128.0,119.1,108.1,128.0,119.0,104.7,10.0,4.5,0.0,50.0,128.0
2013-06-21 12:00:43,128.0,119.0,104.4,15.7,0.1,7371.9,589.7,128.0,119.2,108.1,128.0,119.0,104.4,10.0,4.5,0.0,50.0,128.0
2013-06-21 12:00:44,128.0,118.9,107.3,15.7,0.1,7375.2,590.0,128.0,119.1,107.9,128.0,118.8,104.0,10.0,4.5,0.0,50.0,128.0
2013-06-21 12:00:45,128.1,118.9,105.2,15.7,0.1,7379.8,590.3,128.1,119.1,108.1,128.0,118.9,105.2,10.0,4.5,0.0,50.0,128.1
2013-06-21 12:00:46,128.1,119.0,105.2,15.8,0.1,7383.1,590.6,128.1,119.0,108.7,128.1,118.9,105.1,10.0,4.6,0.0,50.0,128.1
2013-06-21 12:00:47,128.1,119.1,107.7,15.8,0.1,7385.1,590.8,128.1,119.1,107.7,128.1,118.9,104.9,10.0,4.6,0.0,50.0,128.1
2013-06-21 12:00:48,128.2,119.0,104.9,15.9,0.1,7388.3,591.0,128.2,119.2,107.7,128.1,119.0,104.8,10.0,4.6,0.0,50.0,128.2
2013-06-21 12:00:49,128.1,119.0,104.9,15.9,0.1,7391.5,591.3,128.2,119.1,108.3,128.1,119.0,104.8,10.0,4.6,0.0,50.0,128.1
2013-06-21 12:00:50,128.1,119.0,105.9,15.9,0.1,7396.1,591.6,128.1,119.2,108.4,128.1,119.0,104.8,10.0,4.6,0.0,50.0,128.1
2013-06-21 12:00:51,128.3,119.0,105.1,16.0,0.1,7399.4,591.9,128.3,119.1,108.2,128.1,119.0,105.1,10.0,4.6,0.0,50.0,128.3
2013-06-21 12:00:52,128.2,119.1,104.3,16.0,0.1,7402.5,592.2,128.3,119.2,108.3,128.2,118.9,104.3,10.0,4.6,0.0,50.0,128.2
2013-06-21 12:00:53,128.2,119.1,105.4,16.0,0.1,7404.3,592.3,128.2,119.2,107.4,128.2,118.9,103.7,10.0,4.6,0.0,50.0,128.2
2013-06-21 12:00:54,128.2,119.0,105.3,16.1,0.1,7407.5,592.6,128.2,119.1,107.3,128.2,118.9,105.2,10.0,4.6,0.0,50.0,128.2
2013-06-21 12:00:55,128.1,119.1,106.6,16.1,0.1,7410.8,592.8,128.2,119.2,110.0,128.1,119.0,105.0,10.0,4.6,0.0,50.0,128.1
2013-06-21 12:00:56,128.3,119.1,105.2,16.1,0.1,7414.0,593.1,128.3,119.2,107.9,128.1,119.0,105.1,10.0,4.6,0.0,50.0,128.3
2013-06-21 12:00:57,128.3,118.9,105.0,16.2,0.1,7417.1,593.3,128.3,119.2,108.3,128.3,118.9,105.0,10.0,4.7,0.0,50.0,128.3
2013-06-21 12:00:58,128.3,119.0,105.2,16.2,0.1,7420.2,593.6,128.3,119.1,109.9,128.3,118.9,104.8,10.0,4.7,0.0,50.0,128.3
2013-06-21 12:00:59,128.2,119.0,105.0,16.2,0.1,7423.3,593.8,128.3,119.0,108.1,128.2,118.9,104.9,10.0,4.7,0.0,50.0,128.2
2013-06-21 12:01:00,128.2,119.1,105.1,16.3,0.1,7426.4,594.1,128.2,119.1,107.5,128.2,118.9,104.8,10.0,4.7,0.0,50.0,128.2
2013-06-21 12:01:01,128.2,119.1,104.7,16.3,0.1,7429.5,594.3,128.2,119.1,109.2,128.2,118.9,104.7,10.0,4.7,0.0,50.0,128.2
2013-06-21 12:01:02,128.2,118.9,108.9,16.3,0.1,7433.0,594.6,128.2,119.1,113.9,128.2,118.8,104.7,10.0,4.7,0.0,50.0,128.2
2013-06-21 12:01:03,133.7,119.0,106.4,16.4,0.1,7436.5,594.9,133.7,119.1,116.4,128.2,118.9,105.6,10.0,4.7,0.0,50.0,133.7
2013-06-21 12:01:04,133.1,119.0,106.5,16.4,0.1,7439.6,595.1,133.7,119.1,108.4,133.1,118.9,105.1,10.0,4.7,0.0,50.0,133.1
2013-06-21 12:01:05,132.6,119.0,106.3,16.5,0.1,7442.7,595.4,133.1,119.1,110.1,132.6,118.9,105.2,10.0,4.7,0.0,50.0,132.6
2013-06-21 12:01:06,132.1,118.9,107.5,16.5,0.1,7445.7,595.6,132.6,119.1,107.9,132.1,118.9,105.0,10.0,4.7,0.0,50.0,132.1
2013-06-21 12:01:07,131.6,119.0,107.1,16.5,0.1,7448.8,595.9,132.1,119.1,110.4,131.6,118.9,105.2,10.0,4.7,0.0,50.0,131.6
2013-06-21 12:01:08,131.3,119.1,106.6,16.6,0.1,7452.0,596.1,131.6,119.1,107.9,131.3,119.0,106.3,10.0,4.8,0.0,50.0,131.3
2013-06-21 12:01:09,131.0,118.9,105.1,16.6,0.1,7456.2,596.5,131.3,119.1,108.1,131.0,118.8,104.8,10.0,4.8,0.0,50.0,131.0
2013-06-21 12:01:10,130.6,119.0,105.4,16.6,0.1,7457.9,596.6,131.0,119.0,108.3,130.6,118.8,104.4,10.0,4.8,0.0,50.0,130.6
2013-06-21 12:01:11,130.3,119.0,105.2,16.7,0.1,7460.9,596.8,130.6,119.1,108.3,130.3,118.9,105.2,10.0,4.8,0.0,50.0,130.3
2013-06-21 12:01:12,130.0,119.0,106.7,16.7,0.1,7463.9,597.1,130.3,119.1,108.3,130.0,118.9,105.1,10.0,4.8,0.0,50.0,130.0
2013-06-21 12:01:13,129.8,119.1,106.2,16.7,0.1,7466.9,597.3,130.0,119.1,109.3,129.8,119.0,105.6,10.0,4.8,0.0,50.0,129.8
2013-06-21 12:01:14,129.7,119.0,105.6,16.8,0.1,7471.2,597.6,129.8,119.1,108.7,129.7,118.9,105.3,10.0,4.8,0.0,50.0,129.7
2013-06-21 12:01:15,129.5,119.0,105.6,16.8,0.1,7474.2,597.9,129.7,119.1,109.5,129.5,118.9,105.2,10.0,4.8,0.0,50.0,129.5
2013-06-21 12:01:16,129.4,119.0,106.6,16.9,0.1,7475.9,598.0,129.5,119.1,109.0,129.4,119.0,104.9,10.0,4.8,0.0,50.0,129.4
2013-06-21 12:01:17,129.3,119.0,105.8,16.9,0.1,7478.8,598.3,129.4,119.1,108.8,129.3,119.0,105.1,10.0,4.8,0.0,50.0,129.3
2013-06-21 12:01:18,129.1,119.0,105.6,16.9,0.1,7481.8,598.5,129.3,119.1,110.6,129.1,118.9,105.2,10.0,4.8,0.0,50.0,129.1
2013-06-21 12:01:19,129.1,119.2,87.0,17.0,0.1,7483.9,598.7,129.1,119.2,109.7,129.1,119.0,87.0,10.0,4.9,0.0,50.0,129.1
2013-06-21 12:01:20,115.6,119.3,83.6,17.0,0.1,7483.5,598.6,129.1,119.3,89.3,115.6,119.1,82.1,9.9,4.9,0.0,50.0,116.3
2013-06-21 12:01:21,101.5,119.4,80.6,17.0,0.1,7483.0,598.6,115.6,119.4,93.4,101.5,119.2,79.6,10.0,4.9,0.0,50.0,101.5
2013-06-21 12:01:22,101.2,119.3,85.6,17.0,0.1,7482.4,598.5,101.5,119.4,86.8,101.2,119.2,79.4,10.0,4.9,0.0,50.0,101.2
2013-06-21 12:01:23,100.9,119.4,81.1,17.1,0.1,7481.6,598.5,101.2,119.5,86.1,100.9,119.3,79.3,10.0,4.9,0.0,50.0,100.9
2013-06-21 12:01:24,100.5,119.2,81.8,17.1,0.1,7480.9,598.4,100.9,119.4,88.3,100.5,119.1,79.4,10.0,4.9,0.0,50.0,100.5
2013-06-21 12:01:25,100.4,119.2,86.0,17.1,0.1,7480.2,598.4,100.5,119.3,87.2,100.4,119.0,79.2,10.0,4.9,0.0,50.0,100.4
2013-06-21 12:01:26,100.2,119.3,83.5,17.1,0.1,7479.6,598.3,100.4,119.4,87.4,100.2,119.2,80.5,10.0,4.9,0.0,50.0,100.2
2013-06-21 12:01:27,100.0,119.2,81.6,17.2,0.1,7478.9,598.3,100.2,119.4,87.3,100.0,119.2,79.4,10.0,4.9,0.0,50.0,100.0
2013-06-21 12:01:28,99.9,119.1,81.6,17.2,0.1,7478.2,598.2,100.0,119.3,86.1,99.9,119.1,79.6,10.0,4.9,0.0,50.0,99.9
2013-06-21 12:01:29,99.8,119.2,80.1,17.2,0.1,7477.5,598.2,99.9,119.3,86.7,99.8,119.1,79.5,10.0,4.9,0.0,50.0,99.8
2013-06-21 12:01:30,99.6,119.3,79.8,17.3,0.1,7476.8,598.1,99.8,119.4,87.1,99.6,119.1,79.2,10.0,4.9,0.0,50.0,99.6
2013-06-21 12:01:31,99.5,119.2,80.5,17.3,0.1,7476.0,598.0,99.6,119.3,85.9,99.5,119.1,79.0,10.0,4.9,0.0,50.0,99.5
2013-06-21 12:01:32,99.4,119.3,81.7,17.3,0.1,7476.7,598.1,99.5,119.3,88.0,99.4,119.1,80.3,10.0,4.9,0.0,50.0,99.4
2013-06-21 12:01:33,99.2,119.3,81.4,17.3,0.1,7474.7,597.9,99.4,119.3,86.0,99.2,119.1,79.1,10.0,4.9,0.0,50.0,99.2
2013-06-21 12:01:34,99.1,119.2,82.2,17.4,0.1,7473.8,597.9,99.2,119.3,85.5,99.1,119.2,79.1,10.0,4.9,0.0,50.0,99.1
2013-06-21 12:01:35,99.0,119.2,82.4,17.4,0.1,7473.1,597.8,99.1,119.4,86.4,99.0,119.1,78.8,10.0,4.9,0.0,50.0,99.0
2013-06-21 12:01:36,98.8,119.2,85.1,17.4,0.1,7472.3,597.7,99.0,119.4,85.6,98.8,119.2,78.9,10.0,4.8,0.0,50.0,98.8
2013-06-21 12:01:37,98.7,119.1,84.8,17.4,0.1,7471.6,597.7,98.8,119.4,85.1,98.7,119.1,79.1,10.0,4.8,0.0,50.0,98.7
2013-06-21 12:01:38,98.7,119.1,80.1,17.5,0.1,7470.8,597.6,98.7,119.3,86.9,98.7,119.1,79.2,10.0,4.8,0.0,50.0,98.7
2013-06-21 12:01:39,98.5,119.2,79.5,17.5,0.1,7470.1,597.6,98.7,119.3,86.0,98.5,119.1,79.2,10.0,4.8,0.0,50.0,98.5
2013-06-21 12:01:40,98.5,119.3,80.3,17.5,0.1,7469.4,597.5,98.5,119.4,85.8,98.5,119.1,79.4,10.0,4.8,0.0,50.0,98.5
2013-06-21 12:01:41,98.6,119.2,79.0,17.6,0.1,7468.7,597.5,98.6,119.4,90.8,98.5,119.1,78.9,10.0,4.8,0.0,50.0,98.6
2013-06-21 12:01:42,98.5,119.2,79.4,17.6,0.1,7468.0,597.4,98.6,119.4,85.6,98.5,119.2,78.9,10.0,4.8,0.0,50.0,98.5
2013-06-21 12:01:43,98.4,119.3,79.8,17.6,0.1,7467.1,597.3,98.5,119.4,86.5,98.4,119.1,79.0,10.0,4.8,0.0,50.0,98.4
2013-06-21 12:01:44,98.4,119.3,80.5,17.6,0.1,7466.6,597.3,98.4,119.3,92.8,98.4,119.1,79.8,10.0,4.8,0.0,50.0,98.4
2013-06-21 12:01:45,98.4,119.3,79.7,17.7,0.1,7465.9,597.2,98.4,119.4,88.2,98.4,119.2,79.0,10.0,4.8,0.0,50.0,98.4
2013-06-21 12:01:46,98.4,119.3,79.3,17.7,0.1,7465.2,597.2,98.4,119.4,89.6,98.4,119.2,79.3,10.0,4.8,0.0,50.0,98.4
2013-06-21 12:01:47,98.3,119.4,78.8,17.7,0.1,7464.5,597.1,98.4,119.5,91.4,98.3,119.3,78.8,10.0,4.8,0.0,50.0,98.3
2013-06-21 12:01:48,98.3,119.4,80.1,17.8,0.1,7463.8,597.1,98.3,119.5,87.0,98.3,119.2,78.6,10.0,4.8,0.0,50.0,98.3
2013-06-21 12:01:49,98.3,119.2,80.4,17.8,0.1,7463.1,597.0,98.3,119.4,87.4,98.3,119.2,78.9,10.0,4.7,0.0,50.0,98.3
2013-06-21 12:01:50,98.3,119.3,79.3,17.8,0.1,7462.5,597.0,98.3,119.3,91.0,98.3,119.1,79.3,10.0,4.7,0.0,50.0,98.3
2013-06-21 12:01:51,98.3,119.3,80.7,17.8,0.1,7463.0,597.0,98.3,119.3,88.1,98.3,119.0,79.0,10.0,4.7,0.0,50.0,98.3
2013-06-21 12:01:52,98.4,119.3,79.0,17.8,0.1,7462.3,596.9,98.4,119.4,86.7,98.3,119.1,79.0,10.0,4.7,0.0,50.0,98.4
2013-06-21 12:01:53,98.2,119.3,79.0,17.9,0.1,7460.3,596.8,98.4,119.3,86.6,98.2,119.2,78.7,10.0,4.7,0.0,50.0,98.2
2013-06-21 12:01:54,98.2,119.1,81.7,17.9,0.1,7459.6,596.7,98.2,119.3,86.0,98.2,119.1,78.7,10.0,4.7,0.0,50.0,98.2
2013-06-21 12:01:55,98.2,119.3,79.2,17.9,0.1,7458.9,596.7,98.2,119.3,87.4,98.2,119.1,79.2,10.0,4.7,0.0,50.0,98.2
2013-06-21 12:01:56,98.2,119.3,79.2,18.0,0.1,7458.3,596.6,98.2,119.4,86.5,98.2,119.2,78.8,10.0,4.7,0.0,50.0,98.2
2013-06-21 12:01:57,98.2,119.2,83.1,18.0,0.1,7457.6,596.6,98.2,119.3,85.8,98.2,119.1,79.0,10.0,4.7,0.0,50.0,98.2
2013-06-21 12:01:58,98.2,119.3,79.2,18.0,0.1,7456.8,596.5,98.2,119.4,86.2,98.2,119.1,79.0,10.0,4.7,0.0,50.0,98.2
2013-06-21 12:01:59,98.0,119.3,79.4,18.0,0.1,7456.1,596.4,98.2,119.4,86.3,98.0,119.1,78.8,10.0,4.7,0.0,50.0,98.0
2013-06-21 12:02:00,98.1,119.2,84.7,18.1,0.1,7455.5,596.4,98.1,119.4,85.7,98.0,119.1,78.9,10.0,4.7,0.0,50.0,98.1
2013-06-21 12:02:01,98.1,119.3,80.5,18.1,0.1,7456.0,596.4,98.1,119.3,88.7,98.1,119.1,80.5,10.0,4.7,0.0,50.0,98.1
2013-06-21 12:02:02,98.2,119.2,80.4,18.1,0.1,7454.2,596.3,98.2,119.3,86.2,98.1,119.1,78.8,10.0,4.6,0.0,50.0,98.2
2013-06-21 12:02:03,98.2,119.3,82.6,18.2,0.1,7453.4,596.2,98.2,119.3,85.7,98.2,119.2,78.9,10.0,4.6,0.0,50.0,98.2
2013-06-21 12:02:04,98.2,119.3,82.2,18.2,0.1,7452.7,596.2,98.2,119.4,85.6,98.2,119.2,79.1,10.0,4.6,0.0,50.0,98.2
2013-06-21 12:02:05,98.0,119.2,82.3,18.2,0.1,7452.2,596.1,98.2,119.3,86.9,98.0,119.2,79.1,10.0,4.6,0.0,50.0,98.0
2013-06-21 12:02:06,98.2,119.3,84.2,18.2,0.1,7451.4,596.1,98.2,119.4,85.4,98.0,119.1,78.7,10.0,4.6,0.0,50.0,98.2
2013-06-21 12:02:07,98.1,119.2,85.7,18.3,0.1,7450.8,596.0,98.2,119.4,86.1,98.1,119.1,79.1,10.0,4.6,0.0,50.0,98.1
2013-06-21 12:02:08,98.1,119.2,81.1,18.3,0.1,7450.1,596.0,98.1,119.3,85.8,98.1,119.2,79.0,10.0,4.6,0.0,50.0,98.1
2013-06-21 12:02:09,98.1,119.3,79.3,18.3,0.1,7449.3,595.9,98.1,119.4,85.7,98.1,119.1,79.0,10.0,4.6,0.0,50.0,98.1
2013-06-21 12:02:10,98.1,119.3,79.2,18.3,0.1,7448.6,595.8,98.1,119.3,86.9,98.1,119.2,79.2,10.0,4.6,0.0,50.0,98.1
2013-06-21 12:02:11,98.0,119.3,79.4,18.4,0.1,7448.0,595.8,98.1,119.3,85.7,98.0,119.1,79.2,10.0,4.6,0.0,50.0,98.0
2013-06-21 12:02:12,98.1,119.3,79.0,18.4,0.1,7447.2,595.7,98.1,119.3,85.5,98.0,119.1,79.0,10.0,4.6,0.0,50.0,98.1
2013-06-21 12:02:13,98.0,119.2,79.4,18.4,0.1,7446.6,595.7,98.1,119.3,90.1,98.0,119.1,78.8,10.0,4.6,0.0,50.0,98.0
2013-06-21 12:02:14,98.1,119.2,80.4,18.5,0.1,7447.3,595.7,98.1,119.3,86.7,98.0,119.1,79.4,10.0,4.6,0.0,50.0,98.1
2013-06-21 12:02:15,98.2,119.2,79.0,18.5,0.1,7445.4,595.6,98.2,119.3,85.4,98.1,119.1,78.8,10.0,4.6,0.0,50.0,98.2
2013-06-21 12:02:16,98.1,119.3,79.1,18.5,0.1,7444.8,595.5,98.2,119.4,88.1,98.1,119.1,78.8,10.0,4.5,0.0,50.0,98.1
2013-06-21 12:02:17,98.0,119.2,79.3,18.5,0.1,7444.1,595.5,98.1,119.3,86.0,98.0,119.2,78.6,10.0,4.5,0.0,50.0,98.0
2013-06-21 12:02:18,98.0,119.2,79.2,18.5,0.1,7444.5,595.5,98.0,119.3,86.0,98.0,119.1,78.7,10.0,4.5,0.0,50.0,98.0
