2013-06-18 18:18:59,97.8,119.6,98.5,0.0,0.0,1684.4,134.7,97.8,119.6,98.6,97.8,119.6,98.5,10.0,0.0,0.0,50.0,97.8
2013-06-18 18:19:00,123.6,119.9,78.3,0.0,0.0,8324.0,665.9,123.6,119.9,103.3,97.8,119.5,78.3,10.0,10.0,0.0,50.0,123.6
2013-06-18 18:19:01,107.6,119.9,79.6,0.0,0.0,7685.4,614.8,123.6,119.9,85.9,107.6,119.7,77.7,9.9,10.0,0.0,50.0,108.4
2013-06-18 18:19:02,99.0,119.9,78.1,0.0,0.0,7217.8,577.4,107.6,119.9,86.3,99.0,119.6,78.1,10.0,6.4,0.0,50.0,99.0
2013-06-18 18:19:03,98.8,119.8,78.1,0.0,0.0,7159.0,572.7,99.0,119.9,84.8,98.8,119.7,77.9,10.0,4.8,0.0,50.0,98.8
2013-06-18 18:19:04,98.6,119.8,78.6,0.1,0.0,7123.2,569.8,98.8,119.9,84.7,98.6,119.7,77.9,10.0,3.9,0.0,50.0,98.6
2013-06-18 18:19:05,98.4,119.8,78.0,0.1,0.0,7092.2,567.3,98.6,119.9,84.9,98.4,119.7,78.0,10.0,3.2,0.0,50.0,98.4
2013-06-18 18:19:06,98.2,119.7,78.0,0.1,0.0,7073.9,565.9,98.4,119.9,84.5,98.2,119.7,77.7,10.0,2.8,0.0,50.0,98.2
2013-06-18 18:19:07,98.0,119.7,78.8,0.2,0.0,7058.4,564.6,98.2,119.8,84.4,98.0,119.6,77.6,10.0,2.4,0.0,50.0,98.0
2013-06-18 18:19:08,97.9,119.7,79.9,0.2,0.0,7052.5,564.2,98.0,119.8,86.9,97.9,119.6,78.0,10.0,2.1,0.0,50.0,97.9
2013-06-18 18:19:09,98.0,119.6,79.8,0.2,0.0,7056.1,564.4,98.0,119.7,86.5,97.9,119.6,79.4,10.0,1.9,0.0,50.0,98.0
2013-06-18 18:19:10,98.1,119.6,80.2,0.2,0.0,7054.0,564.3,98.1,119.7,86.2,98.0,119.6,78.2,10.0,1.8,0.0,50.0,98.1
2013-06-18 18:19:11,98.1,119.8,79.0,0.3,0.0,7042.9,563.4,98.1,119.8,84.9,98.1,119.6,78.0,10.0,1.6,0.0,50.0,98.1
2013-06-18 18:19:12,97.9,119.8,79.1,0.3,0.0,7035.7,562.8,98.1,119.8,84.7,97.9,119.7,77.6,10.0,1.5,0.0,50.0,97.9
2013-06-18 18:19:13,97.8,119.9,81.7,0.3,0.0,7028.5,562.2,97.9,119.9,86.6,97.8,119.7,77.8,10.0,1.4,0.0,50.0,97.8
2013-06-18 18:19:14,97.6,119.9,82.7,0.3,0.0,7026.0,562.0,97.8,119.9,86.0,97.6,119.8,77.8,10.0,1.3,0.0,50.0,97.6
2013-06-18 18:19:15,97.7,119.7,82.2,0.4,0.0,7023.8,561.9,97.7,119.9,84.6,97.6,119.7,78.1,10.0,1.2,0.0,50.0,97.7
2013-06-18 18:19:16,97.7,119.7,85.9,0.4,0.0,7020.2,561.6,97.7,119.9,86.0,97.7,119.7,77.8,10.0,1.1,0.0,50.0,97.7
2013-06-18 18:19:17,97.6,119.7,81.8,0.4,0.0,7013.9,561.1,97.7,119.9,85.9,97.6,119.7,77.8,10.0,1.1,0.0,50.0,97.6
2013-06-18 18:19:18,97.5,119.9,78.2,0.5,0.0,7047.4,563.7,97.6,119.9,84.6,97.5,119.7,78.1,10.0,1.0,0.0,50.0,97.5
2013-06-18 18:19:19,97.5,119.9,83.9,0.5,0.0,7010.9,560.8,97.5,120.0,84.6,97.5,119.8,78.2,10.0,0.9,0.0,50.0,97.5
2013-06-18 18:19:20,97.6,120.0,77.8,0.5,0.0,7009.3,560.7,97.6,120.1,87.7,97.5,119.8,77.8,10.0,0.9,0.0,50.0,97.6
2013-06-18 18:19:21,97.6,119.9,77.9,0.5,0.0,7007.8,560.6,97.6,120.1,84.3,97.6,119.8,77.7,10.0,0.9,0.0,50.0,97.6
2013-06-18 18:19:22,97.5,119.9,80.1,0.6,0.0,7004.6,560.3,97.6,120.1,84.2,97.5,119.9,77.8,10.0,0.8,0.0,50.0,97.5
2013-06-18 18:19:23,97.4,119.8,78.1,0.6,0.0,7031.4,562.5,97.5,120.1,85.1,97.4,119.6,78.1,10.0,0.8,0.0,50.0,97.4
2013-06-18 18:19:24,97.4,119.8,77.8,0.6,0.0,7000.1,560.0,97.4,119.9,84.4,97.4,119.7,77.8,10.0,0.7,0.0,50.0,97.4
2013-06-18 18:19:25,97.3,119.8,79.2,0.7,0.0,6998.1,559.8,97.4,119.9,84.0,97.3,119.8,77.5,10.0,0.7,0.0,50.0,97.3
2013-06-18 18:19:26,97.3,119.8,78.0,0.7,0.0,6999.9,559.9,97.3,119.9,86.2,97.3,119.7,78.0,10.0,0.7,0.0,50.0,97.3
2013-06-18 18:19:27,97.3,119.9,78.1,0.7,0.0,6998.6,559.8,97.3,119.9,84.4,97.3,119.7,77.8,10.0,0.7,0.0,50.0,97.3
2013-06-18 18:19:28,97.3,120.0,78.1,0.7,0.0,7020.5,561.6,97.3,120.0,84.3,97.3,119.8,77.7,10.0,0.6,0.0,50.0,97.3
2013-06-18 18:19:29,97.4,119.8,78.0,0.7,0.0,6994.8,559.5,97.4,120.0,84.5,97.3,119.7,78.0,10.0,0.6,0.0,50.0,97.4
2013-06-18 18:19:30,97.2,119.8,78.2,0.8,0.0,6993.8,559.5,97.4,119.8,84.2,97.2,119.7,77.6,10.0,0.6,0.0,50.0,97.2
2013-06-18 18:19:31,97.2,119.8,81.4,0.8,0.0,6994.1,559.5,97.2,119.9,84.5,97.2,119.7,77.7,10.0,0.6,0.0,50.0,97.2
2013-06-18 18:19:32,97.5,119.9,79.6,0.8,0.0,6999.1,559.9,97.5,119.9,88.7,97.2,119.7,79.3,9.9,0.6,0.0,50.0,97.6
2013-06-18 18:19:33,97.7,119.8,78.1,0.9,0.0,7000.1,560.0,97.7,119.9,85.3,97.5,119.7,78.1,10.0,0.5,0.0,50.0,97.7
2013-06-18 18:19:34,97.6,119.7,78.0,0.9,0.0,7017.4,561.3,97.7,119.9,84.6,97.6,119.7,77.5,10.0,0.5,0.0,50.0,97.6
2013-06-18 18:19:35,97.6,119.9,78.1,0.9,0.0,6996.0,559.6,97.6,119.9,85.6,97.6,119.7,77.7,10.0,0.5,0.0,50.0,97.6
2013-06-18 18:19:36,97.5,119.8,79.9,0.9,0.0,6997.4,559.7,97.6,119.9,88.4,97.5,119.7,77.6,10.0,0.5,0.0,50.0,97.5
2013-06-18 18:19:37,97.6,119.8,79.8,1.0,0.0,6997.6,559.8,97.6,119.9,87.8,97.5,119.6,78.1,10.0,0.5,0.0,50.0,97.6
2013-06-18 18:19:38,97.7,119.9,78.3,1.0,0.0,6999.2,559.9,97.7,119.9,87.2,97.6,119.7,78.3,10.0,0.5,0.0,50.0,97.7
2013-06-18 18:19:39,97.7,119.9,78.9,1.0,0.0,6998.6,559.8,97.7,119.9,89.0,97.7,119.6,77.6,10.0,0.4,0.0,50.0,97.7
2013-06-18 18:19:40,97.6,119.9,78.7,1.0,0.0,6996.4,559.7,97.7,119.9,85.8,97.6,119.7,77.9,10.0,0.4,0.0,50.0,97.6
2013-06-18 18:19:41,97.5,119.8,79.5,1.1,0.0,6996.2,559.7,97.6,119.9,86.7,97.5,119.7,77.8,10.0,0.4,0.0,50.0,97.5
2013-06-18 18:19:42,97.5,119.8,81.7,1.1,0.0,6997.1,559.7,97.5,119.8,91.5,97.5,119.7,77.9,10.0,0.4,0.0,50.0,97.5
2013-06-18 18:19:43,97.7,119.7,81.6,1.1,0.0,6997.3,559.7,97.7,119.9,86.4,97.5,119.5,77.9,10.0,0.4,0.0,50.0,97.7
2013-06-18 18:19:44,97.7,119.7,81.8,1.2,0.0,6998.7,559.8,97.7,119.8,85.7,97.7,119.6,79.1,10.0,0.4,0.0,50.0,97.7
2013-06-18 18:19:45,97.7,119.8,83.4,1.2,0.0,6998.2,559.8,97.7,119.8,87.8,97.7,119.6,77.9,10.0,0.4,0.0,50.0,97.7
2013-06-18 18:19:46,97.7,119.6,84.9,1.2,0.0,6997.1,559.7,97.7,119.8,85.1,97.7,119.5,78.0,10.0,0.4,0.0,50.0,97.7
2013-06-18 18:19:47,97.6,119.4,83.4,1.2,0.0,6996.4,559.7,97.7,119.6,84.9,97.6,119.4,78.3,10.0,0.4,0.0,50.0,97.6
2013-06-18 18:19:48,97.6,119.6,81.3,1.3,0.0,6994.9,559.5,97.6,119.7,85.1,97.6,119.4,78.0,10.0,0.4,0.0,50.0,97.6
2013-06-18 18:19:49,97.5,119.7,80.2,1.3,0.0,6993.9,559.5,97.6,119.7,85.5,97.5,119.6,78.1,10.0,0.3,0.0,50.0,97.5
2013-06-18 18:19:50,97.5,119.5,78.9,1.3,0.0,6995.2,559.6,97.5,119.7,86.3,97.5,119.5,78.8,10.0,0.3,0.0,50.0,97.5
2013-06-18 18:19:51,97.6,119.6,83.5,1.4,0.0,6996.5,559.7,97.6,119.6,85.8,97.5,119.4,78.5,10.0,0.3,0.0,50.0,97.6
2013-06-18 18:19:52,97.8,119.6,78.5,1.4,0.0,6996.1,559.6,97.8,119.8,86.8,97.6,119.6,78.2,10.0,0.3,0.0,50.0,97.8
2013-06-18 18:19:53,97.7,119.7,78.8,1.4,0.0,6995.5,559.6,97.8,119.7,84.6,97.7,119.5,77.9,10.0,0.3,0.0,50.0,97.7
2013-06-18 18:19:54,97.7,119.8,83.8,1.4,0.0,6995.1,559.6,97.7,119.8,84.3,97.7,119.6,78.0,10.0,0.3,0.0,50.0,97.7
2013-06-18 18:19:55,97.5,119.7,80.7,1.5,0.0,7007.1,560.5,97.7,119.8,84.7,97.5,119.6,78.2,10.0,0.3,0.0,50.0,97.5
2013-06-18 18:19:56,97.5,119.8,79.6,1.5,0.0,7008.0,560.6,97.5,119.9,86.0,97.5,119.6,78.7,10.0,0.3,0.0,50.0,97.5
2013-06-18 18:19:57,97.6,119.6,81.2,1.5,0.0,6994.9,559.5,97.6,119.8,84.8,97.5,119.6,77.9,10.0,0.3,0.0,50.0,97.6
2013-06-18 18:19:58,97.5,119.8,79.1,1.5,0.0,6993.6,559.4,97.6,119.8,84.3,97.5,119.6,78.0,10.0,0.3,0.0,50.0,97.5
2013-06-18 18:19:59,97.4,119.9,79.3,1.6,0.0,6993.1,559.4,97.5,119.9,84.4,97.4,119.7,77.7,10.0,0.3,0.0,50.0,97.4
2013-06-18 18:20:00,97.4,119.9,79.5,1.6,0.0,6991.9,559.3,97.4,119.9,84.4,97.4,119.7,77.8,10.0,0.3,0.0,50.0,97.4
2013-06-18 18:20:01,97.4,119.9,81.7,1.6,0.0,6992.6,559.4,97.4,119.9,85.2,97.4,119.7,78.0,10.0,0.3,0.0,50.0,97.4
2013-06-18 18:20:02,97.4,119.8,87.7,1.6,0.0,6994.8,559.5,97.4,120.0,87.7,97.4,119.8,78.3,10.0,0.3,0.0,50.0,97.4
2013-06-18 18:20:03,98.0,119.9,81.5,1.7,0.0,6998.0,559.8,98.0,119.9,96.1,97.4,119.7,79.3,9.7,0.3,0.0,50.0,100.2
2013-06-18 18:20:04,98.1,119.9,80.4,1.7,0.0,6997.7,559.8,98.1,119.9,84.6,98.0,119.7,77.9,10.0,0.3,0.0,50.0,98.1
2013-06-18 18:20:05,97.9,119.8,79.7,1.7,0.0,7007.5,560.6,98.1,119.9,86.8,97.9,119.6,77.7,10.0,0.3,0.0,50.0,97.9
2013-06-18 18:20:06,97.8,119.9,78.8,1.7,0.0,7006.2,560.5,97.9,119.9,84.8,97.8,119.7,77.8,10.0,0.2,0.0,50.0,97.8
2013-06-18 18:20:07,97.8,119.9,79.7,1.8,0.0,6996.1,559.6,97.8,119.9,85.5,97.8,119.7,77.8,10.0,0.2,0.0,50.0,97.8
2013-06-18 18:20:08,97.8,119.9,79.9,1.8,0.0,6997.0,559.7,97.8,119.9,89.7,97.8,119.6,79.0,10.0,0.2,0.0,50.0,97.8
2013-06-18 18:20:09,97.8,120.0,78.5,1.8,0.0,6996.0,559.6,97.8,120.0,84.3,97.8,119.8,77.7,10.0,0.2,0.0,50.0,97.8
2013-06-18 18:20:10,97.8,120.0,78.6,1.9,0.0,6995.5,559.6,97.8,120.0,84.4,97.8,119.8,77.8,10.0,0.2,0.0,50.0,97.8
2013-06-18 18:20:11,97.6,120.0,79.3,1.9,0.0,6995.4,559.6,97.8,120.0,86.7,97.6,119.8,77.8,10.0,0.2,0.0,50.0,97.6
2013-06-18 18:20:12,97.6,120.0,79.0,1.9,0.0,6993.6,559.4,97.6,120.0,84.0,97.6,119.8,77.5,10.0,0.2,0.0,50.0,97.6
2013-06-18 18:20:13,97.4,119.9,81.9,1.9,0.0,6994.0,559.5,97.6,120.0,86.0,97.4,119.7,77.8,10.0,0.2,0.0,50.0,97.4
2013-06-18 18:20:14,97.5,119.9,82.0,2.0,0.0,6994.7,559.5,97.5,119.9,86.2,97.4,119.8,78.7,10.0,0.2,0.0,50.0,97.5
2013-06-18 18:20:15,97.5,120.0,81.1,2.0,0.0,6993.3,559.4,97.5,120.0,84.5,97.5,119.9,77.9,10.0,0.2,0.0,50.0,97.5
2013-06-18 18:20:16,97.4,120.0,84.1,2.0,0.0,7002.4,560.1,97.5,120.1,84.2,97.4,119.8,77.6,10.0,0.2,0.0,50.0,97.4
2013-06-18 18:20:17,97.4,119.8,83.6,2.1,0.0,6992.5,559.4,97.4,120.1,84.1,97.4,119.8,77.7,10.0,0.2,0.0,50.0,97.4
2013-06-18 18:20:18,97.3,119.9,78.6,2.1,0.0,6990.7,559.2,97.4,120.0,85.4,97.3,119.8,77.8,10.0,0.2,0.0,50.0,97.3
2013-06-18 18:20:19,97.2,119.8,79.7,2.1,0.0,6991.4,559.3,97.3,120.0,84.2,97.2,119.8,78.6,10.0,0.2,0.0,50.0,97.2
2013-06-18 18:20:20,97.4,119.8,79.9,2.1,0.0,7000.4,560.0,97.4,119.8,85.9,97.2,119.7,78.1,10.0,0.2,0.0,50.0,97.4
2013-06-18 18:20:21,97.5,119.9,78.4,2.2,0.0,6990.7,559.2,97.5,119.9,85.0,97.4,119.6,78.0,10.0,0.2,0.0,50.0,97.5
2013-06-18 18:20:22,97.4,119.8,78.1,2.2,0.0,6990.4,559.2,97.5,119.9,84.2,97.4,119.8,77.9,10.0,0.2,0.0,50.0,97.4
2013-06-18 18:20:23,97.3,119.8,80.2,2.2,0.0,6990.0,559.2,97.4,119.9,84.3,97.3,119.7,77.9,10.0,0.2,0.0,50.0,97.3
2013-06-18 18:20:24,97.3,119.8,79.7,2.2,0.0,6989.6,559.1,97.3,119.9,85.5,97.3,119.7,78.2,10.0,0.2,0.0,50.0,97.3
2013-06-18 18:20:25,97.3,119.8,78.3,2.3,0.0,6990.2,559.2,97.3,119.9,88.0,97.3,119.7,78.1,10.0,0.2,0.0,50.0,97.3
2013-06-18 18:20:26,97.3,119.9,81.1,2.3,0.0,6989.7,559.1,97.3,120.0,86.2,97.3,119.7,77.6,10.0,0.2,0.0,50.0,97.3
2013-06-18 18:20:27,97.2,119.9,78.3,2.3,0.0,6996.9,559.7,97.3,120.0,86.0,97.2,119.7,77.8,10.0,0.2,0.0,50.0,97.2
2013-06-18 18:20:28,97.2,120.0,78.3,2.3,0.0,6988.8,559.1,97.2,120.0,85.3,97.2,119.7,77.8,10.0,0.2,0.0,50.0,97.2
2013-06-18 18:20:29,97.2,119.8,83.0,2.4,0.0,6988.7,559.0,97.2,120.0,85.8,97.2,119.8,77.8,10.0,0.2,0.0,50.0,97.2
2013-06-18 18:20:30,97.2,119.8,79.4,2.4,0.0,6988.4,559.0,97.2,120.0,85.7,97.2,119.8,78.1,10.0,0.2,0.0,50.0,97.2
2013-06-18 18:20:31,97.3,120.1,78.0,2.4,0.0,6988.9,559.1,97.3,120.1,87.5,97.2,119.8,77.8,10.0,0.2,0.0,50.0,97.3
2013-06-18 18:20:32,97.3,119.8,79.9,2.4,0.0,6988.3,559.0,97.3,120.1,84.7,97.3,119.8,77.5,10.0,0.2,0.0,50.0,97.3
2013-06-18 18:20:33,97.3,120.0,78.2,2.5,0.0,6995.1,559.6,97.3,120.0,84.6,97.3,119.8,77.9,10.0,0.2,0.0,50.0,97.3
2013-06-18 18:20:34,97.2,119.9,78.5,2.5,0.0,6987.3,558.9,97.3,120.0,87.9,97.2,119.8,77.7,10.0,0.2,0.0,50.0,97.2
2013-06-18 18:20:35,97.2,120.0,78.1,2.5,0.0,6986.4,558.9,97.2,120.1,84.6,97.2,119.8,77.7,10.0,0.2,0.0,50.0,97.2
2013-06-18 18:20:36,97.2,119.9,79.7,2.6,0.0,6986.6,558.9,97.2,120.1,84.8,97.2,119.9,78.0,10.0,0.2,0.0,50.0,97.2
2013-06-18 18:20:37,97.2,120.0,78.5,2.6,0.0,6987.2,558.9,97.2,120.0,88.2,97.2,119.8,78.3,10.0,0.2,0.0,50.0,97.2
2013-06-18 18:20:38,97.3,120.1,78.8,2.6,0.0,6993.6,559.4,97.3,120.1,84.8,97.2,119.9,77.6,10.0,0.2,0.0,50.0,97.3
2013-06-18 18:20:39,97.3,120.1,79.2,2.6,0.0,6993.6,559.4,97.3,120.2,84.6,97.3,119.9,78.1,10.0,0.2,0.0,50.0,97.3
2013-06-18 18:20:40,97.3,120.1,79.1,2.7,0.0,6986.4,558.9,97.3,120.1,85.6,97.3,119.9,77.6,10.0,0.1,0.0,50.0,97.3
2013-06-18 18:20:41,97.2,120.1,82.1,2.7,0.0,6987.0,558.9,97.3,120.2,86.4,97.2,120.0,77.6,10.0,0.1,0.0,50.0,97.2
2013-06-18 18:20:42,97.6,119.8,82.2,2.7,0.0,6988.5,559.0,97.6,120.1,86.9,97.2,119.8,79.6,10.0,0.1,0.0,50.0,97.6
2013-06-18 18:20:43,97.7,119.8,81.7,2.7,0.0,6996.2,559.6,97.7,119.9,86.1,97.6,119.6,79.8,10.0,0.1,0.0,50.0,97.7
2013-06-18 18:20:44,97.9,119.8,82.7,2.8,0.0,6989.3,559.1,97.9,119.9,84.8,97.7,119.6,78.5,10.0,0.1,0.0,50.0,97.9
2013-06-18 18:20:45,97.9,119.6,82.0,2.8,0.0,6989.3,559.1,97.9,119.8,84.9,97.9,119.5,78.5,10.0,0.1,0.0,50.0,97.9
2013-06-18 18:20:46,97.8,119.7,86.6,2.8,0.0,6990.4,559.2,97.9,119.8,87.3,97.8,119.4,78.4,10.0,0.1,0.0,50.0,97.8
2013-06-18 18:20:47,98.0,119.6,84.9,2.9,0.0,6990.4,559.2,98.0,119.8,86.6,97.8,119.6,78.5,10.0,0.1,0.0,50.0,98.0
2013-06-18 18:20:48,97.9,119.6,82.1,2.9,0.0,6990.7,559.2,98.0,119.7,85.7,97.9,119.5,79.0,10.0,0.1,0.0,50.0,97.9
2013-06-18 18:20:49,98.0,119.6,80.0,2.9,0.0,6991.6,559.3,98.0,119.7,87.0,97.9,119.5,79.5,10.0,0.1,0.0,50.0,98.0
2013-06-18 18:20:50,98.1,119.6,79.4,2.9,0.0,6991.4,559.3,98.1,119.7,85.8,98.0,119.6,78.4,10.0,0.1,0.0,50.0,98.1
2013-06-18 18:20:51,98.0,119.6,79.3,3.0,0.0,6991.7,559.3,98.1,119.6,85.6,98.0,119.4,78.6,10.0,0.1,0.0,50.0,98.0
2013-06-18 18:20:52,98.0,119.7,80.2,3.0,0.0,6992.0,559.3,98.0,119.7,84.9,98.0,119.5,78.8,10.0,0.1,0.0,50.0,98.0
2013-06-18 18:20:53,98.0,119.6,79.4,3.0,0.0,6991.8,559.3,98.0,119.7,85.2,98.0,119.6,78.7,10.0,0.1,0.0,50.0,98.0
2013-06-18 18:20:54,98.0,119.6,80.6,3.0,0.0,6992.5,559.4,98.0,119.7,85.0,98.0,119.5,78.8,10.0,0.1,0.0,50.0,98.0
2013-06-18 18:20:55,98.1,119.7,80.4,3.1,0.0,6999.3,559.9,98.1,119.7,86.3,98.0,119.5,79.2,10.0,0.1,0.0,50.0,98.1
2013-06-18 18:20:56,98.1,119.6,80.5,3.1,0.0,6993.8,559.5,98.1,119.8,84.9,98.1,119.5,78.5,10.0,0.1,0.0,50.0,98.1
2013-06-18 18:20:57,98.2,119.6,79.0,3.1,0.0,6994.2,559.5,98.2,119.6,86.7,98.1,119.5,78.6,10.0,0.1,0.0,50.0,98.2
2013-06-18 18:20:58,98.1,119.7,81.3,3.1,0.0,6994.5,559.5,98.2,119.7,85.1,98.1,119.6,78.5,10.0,0.1,0.0,50.0,98.1
2013-06-18 18:20:59,98.1,119.6,78.7,3.2,0.0,6994.2,559.5,98.1,119.7,84.9,98.1,119.5,78.5,10.0,0.1,0.0,50.0,98.1
2013-06-18 18:21:00,98.0,119.7,80.2,3.2,0.0,6994.5,559.5,98.1,119.8,87.0,98.0,119.6,78.1,10.0,0.1,0.0,50.0,98.0
2013-06-18 18:21:01,98.1,119.8,82.5,3.2,0.0,6995.7,559.6,98.1,119.8,87.8,98.0,119.6,79.1,10.0,0.1,0.0,50.0,98.1
2013-06-18 18:21:02,98.2,119.7,79.1,3.3,0.0,6995.7,559.6,98.2,119.8,86.5,98.1,119.6,78.5,10.0,0.1,0.0,50.0,98.2
2013-06-18 18:21:03,98.2,119.7,78.9,3.3,0.0,7001.7,560.1,98.2,119.8,87.7,98.2,119.6,78.7,10.0,0.1,0.0,50.0,98.2
2013-06-18 18:21:04,98.2,119.8,83.4,3.3,0.0,7001.7,560.1,98.2,119.9,84.9,98.2,119.6,78.3,10.0,0.1,0.0,50.0,98.2
2013-06-18 18:21:05,98.1,119.8,78.7,3.3,0.0,6995.9,559.6,98.2,119.9,84.7,98.1,119.7,78.3,10.0,0.1,0.0,50.0,98.1
2013-06-18 18:21:06,98.0,119.7,80.3,3.4,0.0,6996.4,559.7,98.1,119.9,87.6,98.0,119.7,78.4,10.0,0.1,0.0,50.0,98.0
2013-06-18 18:21:07,98.2,119.8,82.6,3.4,0.0,6997.4,559.7,98.2,119.8,86.7,98.0,119.7,79.8,10.0,0.1,0.0,50.0,98.2
2013-06-18 18:21:08,98.4,120.0,79.0,3.4,0.0,6997.7,559.8,98.4,120.0,85.5,98.2,119.7,78.6,10.0,0.1,0.0,50.0,98.4
2013-06-18 18:21:09,98.3,119.8,79.2,3.5,0.0,6997.6,559.8,98.4,120.0,85.6,98.3,119.7,77.9,10.0,0.1,0.0,50.0,98.3
2013-06-18 18:21:10,98.2,119.7,79.2,3.5,0.0,7002.5,560.2,98.3,119.9,84.7,98.2,119.6,78.0,10.0,0.1,0.0,50.0,98.2
2013-06-18 18:21:11,98.1,119.7,79.5,3.5,0.0,6997.5,559.8,98.2,119.8,85.2,98.1,119.6,78.4,10.0,0.1,0.0,50.0,98.1
2013-06-18 18:21:12,98.0,119.7,81.5,3.5,0.0,6998.0,559.8,98.1,119.8,87.7,98.0,119.6,78.3,10.0,0.1,0.0,50.0,98.0
2013-06-18 18:21:13,98.2,119.8,81.0,3.6,0.0,6998.3,559.8,98.2,119.8,87.8,98.0,119.6,78.8,10.0,0.1,0.0,50.0,98.2
2013-06-18 18:21:14,98.3,119.9,82.2,3.6,0.0,6998.4,559.8,98.3,120.0,87.0,98.2,119.7,78.3,10.0,0.1,0.0,50.0,98.3
2013-06-18 18:21:15,98.1,119.8,82.8,3.6,0.0,6998.4,559.8,98.3,120.0,87.1,98.1,119.8,78.2,10.0,0.1,0.0,50.0,98.1
2013-06-18 18:21:16,98.0,119.7,85.0,3.6,0.0,6998.8,559.9,98.1,119.9,87.2,98.0,119.7,78.6,10.0,0.1,0.0,50.0,98.0
2013-06-18 18:21:17,98.3,119.7,86.0,3.7,0.0,6999.4,559.9,98.3,119.9,86.0,98.0,119.7,78.4,10.0,0.1,0.0,50.0,98.3
2013-06-18 18:21:18,98.1,119.7,83.3,3.7,0.0,6999.5,559.9,98.3,119.9,86.0,98.1,119.7,78.5,10.0,0.1,0.0,50.0,98.1
2013-06-18 18:21:19,98.3,119.9,79.7,3.7,0.0,6999.7,559.9,98.3,120.0,88.1,98.1,119.7,78.6,10.0,0.1,0.0,50.0,98.3
2013-06-18 18:21:20,98.4,119.8,80.2,3.8,0.0,7004.8,560.3,98.4,120.0,86.4,98.3,119.8,78.3,10.0,0.1,0.0,50.0,98.4
2013-06-18 18:21:21,98.2,119.8,82.6,3.8,0.0,7000.5,560.0,98.4,119.9,85.8,98.2,119.7,79.4,10.0,0.1,0.0,50.0,98.2
2013-06-18 18:21:22,98.4,119.9,81.3,3.8,0.0,7000.5,560.0,98.4,119.9,86.7,98.2,119.8,78.4,10.0,0.1,0.0,50.0,98.4
2013-06-18 18:21:23,98.3,119.9,80.6,3.8,0.0,7000.6,560.0,98.4,119.9,86.1,98.3,119.8,78.2,10.0,0.1,0.0,50.0,98.3
2013-06-18 18:21:24,98.1,119.8,81.7,3.9,0.0,7000.8,560.0,98.3,119.9,85.1,98.1,119.7,78.3,10.0,0.1,0.0,50.0,98.1
2013-06-18 18:21:25,98.2,120.0,78.8,3.9,0.0,7000.9,560.0,98.2,120.0,86.4,98.1,119.8,78.3,10.0,0.1,0.0,50.0,98.2
2013-06-18 18:21:26,98.1,119.9,78.4,3.9,0.0,7000.9,560.0,98.2,120.0,88.5,98.1,119.8,78.4,10.0,0.1,0.0,50.0,98.1
2013-06-18 18:21:27,98.1,120.0,79.1,3.9,0.0,7001.0,560.0,98.1,120.0,85.1,98.1,119.8,78.4,10.0,0.1,0.0,50.0,98.1
2013-06-18 18:21:28,98.0,120.0,79.3,4.0,0.0,7001.3,560.1,98.1,120.0,85.8,98.0,119.8,78.7,10.0,0.1,0.0,50.0,98.0
2013-06-18 18:21:29,98.1,120.0,78.1,4.0,0.0,7001.4,560.1,98.1,120.0,87.7,98.0,119.9,78.1,10.0,0.1,0.0,50.0,98.1
2013-06-18 18:21:30,98.1,119.9,79.4,4.0,0.0,7001.4,560.1,98.1,120.0,84.8,98.1,119.8,78.1,10.0,0.1,0.0,50.0,98.1
2013-06-18 18:21:31,98.0,119.9,79.8,4.0,0.0,7001.7,560.1,98.1,120.0,86.3,98.0,119.9,78.6,10.0,0.1,0.0,50.0,98.0
2013-06-18 18:21:32,98.1,119.8,78.5,4.1,0.0,7002.1,560.1,98.1,120.0,87.5,98.0,119.8,78.5,10.0,0.1,0.0,50.0,98.1
2013-06-18 18:21:33,98.1,119.9,80.9,4.1,0.0,7002.2,560.1,98.1,119.9,85.1,98.1,119.7,78.5,10.0,0.1,0.0,50.0,98.1
2013-06-18 18:21:34,98.1,119.9,78.5,4.1,0.0,7001.9,560.1,98.1,120.0,85.0,98.1,119.8,78.5,10.0,0.1,0.0,50.0,98.1
2013-06-18 18:21:35,98.0,119.8,78.5,4.2,0.0,7006.5,560.5,98.1,119.9,85.9,98.0,119.8,78.5,10.0,0.1,0.0,50.0,98.0
2013-06-18 18:21:36,98.0,119.9,83.1,4.2,0.0,7002.5,560.2,98.0,120.0,86.0,98.0,119.7,78.5,10.0,0.1,0.0,50.0,98.0
2013-06-18 18:21:37,98.1,120.0,78.4,4.2,0.0,7002.4,560.1,98.1,120.0,85.1,98.0,119.9,78.4,10.0,0.1,0.0,50.0,98.1
2013-06-18 18:21:38,98.0,120.0,78.6,4.2,0.0,7002.5,560.2,98.1,120.0,85.3,98.0,119.8,78.4,10.0,0.1,0.0,50.0,98.0
2013-06-18 18:21:39,98.0,120.0,83.2,4.3,0.0,7002.5,560.2,98.0,120.1,84.9,98.0,119.9,78.4,10.0,0.1,0.0,50.0,98.0
2013-06-18 18:21:40,98.0,119.9,78.8,4.3,0.0,7006.5,560.5,98.0,120.0,85.0,98.0,119.9,78.5,10.0,0.1,0.0,50.0,98.0
2013-06-18 18:21:41,97.9,120.0,78.9,4.3,0.0,7006.6,560.5,98.0,120.1,85.1,97.9,119.9,78.6,10.0,0.1,0.0,50.0,97.9
2013-06-18 18:21:42,97.9,119.8,83.1,4.4,0.0,7002.4,560.1,97.9,120.1,86.0,97.9,119.8,78.3,10.0,0.1,0.0,50.0,97.9
2013-06-18 18:21:43,98.0,119.9,79.4,4.4,0.0,7002.4,560.1,98.0,119.9,85.3,97.9,119.7,78.1,10.0,0.1,0.0,50.0,98.0
2013-06-18 18:21:44,97.8,119.9,80.6,4.4,0.0,7006.5,560.5,98.0,120.0,84.4,97.8,119.8,78.0,10.0,0.1,0.0,50.0,97.8
2013-06-18 18:21:45,97.7,119.7,80.7,4.4,0.0,7005.8,560.4,97.8,119.9,84.3,97.7,119.7,77.9,10.0,0.1,0.0,50.0,97.7
2013-06-18 18:21:46,97.7,119.7,82.2,4.5,0.0,7001.4,560.1,97.7,119.8,84.3,97.7,119.7,77.7,10.0,0.1,0.0,50.0,97.7
2013-06-18 18:21:47,97.5,119.8,84.4,4.5,0.0,7001.1,560.0,97.7,119.9,84.4,97.5,119.7,77.8,10.0,0.1,0.0,50.0,97.5
2013-06-18 18:21:48,97.5,119.8,81.8,4.5,0.0,7004.8,560.3,97.5,119.9,84.4,97.5,119.8,78.0,10.0,0.1,0.0,50.0,97.5
2013-06-18 18:21:49,97.6,119.9,77.9,4.5,0.0,7004.8,560.3,97.6,119.9,87.6,97.5,119.7,77.9,10.0,0.1,0.0,50.0,97.6
2013-06-18 18:21:50,97.5,119.9,78.0,4.6,0.0,7000.6,560.0,97.6,119.9,84.4,97.5,119.8,77.9,10.0,0.1,0.0,50.0,97.5
2013-06-18 18:21:51,97.5,119.9,79.0,4.6,0.0,7000.6,560.0,97.5,120.0,84.4,97.5,119.8,78.0,10.0,0.1,0.0,50.0,97.5
2013-06-18 18:21:52,97.7,119.9,77.7,4.6,0.0,7000.5,560.0,97.7,120.0,91.0,97.5,119.7,77.7,10.0,0.1,0.0,50.0,97.7
2013-06-18 18:21:53,97.5,120.0,77.9,4.6,0.0,7004.4,560.3,97.7,120.0,85.2,97.5,119.8,77.7,10.0,0.1,0.0,50.0,97.5
2013-06-18 18:21:54,97.5,119.9,79.2,4.7,0.0,7000.2,560.0,97.5,120.0,84.7,97.5,119.8,77.8,10.0,0.1,0.0,50.0,97.5
2013-06-18 18:21:55,97.7,119.8,78.0,4.7,0.0,7000.5,560.0,97.7,120.0,89.4,97.5,119.8,78.0,10.0,0.1,0.0,50.0,97.7
2013-06-18 18:21:56,97.5,119.9,79.3,4.7,0.0,7000.8,560.0,97.7,119.9,85.1,97.5,119.8,78.0,10.0,0.1,0.0,50.0,97.5
2013-06-18 18:21:57,97.7,119.9,77.8,4.7,0.0,7004.4,560.3,97.7,119.9,85.4,97.5,119.8,77.7,10.0,0.1,0.0,50.0,97.7
2013-06-18 18:21:58,97.6,119.9,77.8,4.8,0.0,7000.2,560.0,97.7,119.9,86.7,97.6,119.7,77.8,10.0,0.1,0.0,50.0,97.6
2013-06-18 18:21:59,97.5,119.8,78.4,4.8,0.0,7000.0,560.0,97.6,120.0,84.5,97.5,119.8,77.7,10.0,0.1,0.0,50.0,97.5
2013-06-18 18:22:00,97.5,119.7,79.5,4.8,0.0,6999.9,559.9,97.5,119.9,84.5,97.5,119.7,77.9,10.0,0.1,0.0,50.0,97.5
2013-06-18 18:22:01,97.5,119.7,77.9,4.9,0.0,7000.2,560.0,97.5,119.8,87.9,97.5,119.7,77.9,10.0,0.1,0.0,50.0,97.5
2013-06-18 18:22:02,97.6,119.8,78.8,4.9,0.0,7000.0,560.0,97.6,119.9,87.2,97.5,119.7,77.8,10.0,0.1,0.0,50.0,97.6
2013-06-18 18:22:03,97.5,119.7,78.1,4.9,0.0,6999.4,559.9,97.6,119.8,87.1,97.5,119.5,78.1,10.0,0.1,0.0,50.0,97.5
2013-06-18 18:22:04,97.4,119.8,78.1,4.9,0.0,6999.3,559.9,97.5,119.8,87.4,97.4,119.5,78.1,10.0,0.1,0.0,50.0,97.4
2013-06-18 18:22:05,97.4,119.8,79.7,5.0,0.0,7003.0,560.2,97.4,119.8,85.7,97.4,119.6,78.0,10.0,0.1,0.0,50.0,97.4
2013-06-18 18:22:06,97.4,119.7,79.4,5.0,0.0,6999.1,559.9,97.4,119.8,86.3,97.4,119.5,77.8,10.0,0.1,0.0,50.0,97.4
2013-06-18 18:22:07,97.4,119.7,78.1,5.0,0.0,6999.3,559.9,97.4,119.7,87.2,97.4,119.5,78.1,10.0,0.1,0.0,50.0,97.4
2013-06-18 18:22:08,97.5,119.8,80.7,5.0,0.0,6999.1,559.9,97.5,119.8,86.0,97.4,119.6,77.9,10.0,0.1,0.0,50.0,97.5
2013-06-18 18:22:09,97.5,119.7,78.4,5.1,0.0,6998.6,559.8,97.5,119.8,85.1,97.5,119.5,78.1,10.0,0.1,0.0,50.0,97.5
2013-06-18 18:22:10,97.4,119.7,78.3,5.1,0.0,6998.5,559.8,97.5,119.7,85.1,97.4,119.6,78.2,10.0,0.1,0.0,50.0,97.4
2013-06-18 18:22:11,97.3,119.8,82.2,5.1,0.0,7002.1,560.1,97.4,119.8,84.9,97.3,119.6,77.8,10.0,0.1,0.0,50.0,97.3
2013-06-18 18:22:12,97.4,119.7,80.7,5.2,0.0,6998.2,559.8,97.4,119.8,86.5,97.3,119.5,78.0,10.0,0.1,0.0,50.0,97.4
2013-06-18 18:22:13,97.4,119.7,79.6,5.2,0.0,6998.5,559.8,97.4,119.7,84.9,97.4,119.6,78.8,10.0,0.1,0.0,50.0,97.4
2013-06-18 18:22:14,97.5,119.7,86.5,5.2,0.0,6998.4,559.8,97.5,119.8,86.5,97.4,119.6,78.1,10.0,0.1,0.0,50.0,97.5
2013-06-18 18:22:15,97.5,119.8,80.5,5.2,0.0,6998.0,559.8,97.5,119.9,86.5,97.5,119.7,78.1,10.0,0.1,0.0,50.0,97.5
2013-06-18 18:22:16,97.4,119.7,82.3,5.3,0.0,7001.3,560.1,97.5,119.9,84.6,97.4,119.6,78.0,10.0,0.1,0.0,50.0,97.4
2013-06-18 18:22:17,97.3,119.6,86.4,5.3,0.0,7001.1,560.0,97.4,119.8,86.4,97.3,119.6,78.2,10.0,0.1,0.0,50.0,97.3
2013-06-18 18:22:18,97.4,119.7,82.0,5.3,0.0,6997.4,559.7,97.4,119.9,87.5,97.3,119.6,78.2,10.0,0.1,0.0,50.0,97.4
2013-06-18 18:22:19,97.4,119.7,78.3,5.4,0.0,6997.5,559.8,97.4,119.8,86.1,97.4,119.7,78.3,10.0,0.0,0.0,50.0,97.4
2013-06-18 18:22:20,97.5,119.8,77.9,5.4,0.0,6997.2,559.7,97.5,119.8,84.8,97.4,119.6,77.9,10.0,0.0,0.0,50.0,97.5
2013-06-18 18:22:21,97.5,119.9,77.9,5.4,0.0,7000.4,560.0,97.5,119.9,88.8,97.5,119.6,77.9,10.0,0.0,0.0,50.0,97.5
2013-06-18 18:22:22,97.3,119.7,78.2,5.4,0.0,6996.7,559.7,97.5,119.9,84.4,97.3,119.6,77.8,10.0,0.0,0.0,50.0,97.3
2013-06-18 18:22:23,97.3,119.7,78.2,5.4,0.0,6996.4,559.7,97.3,119.8,84.7,97.3,119.5,78.0,10.0,0.0,0.0,50.0,97.3
2013-06-18 18:22:24,97.3,119.7,79.8,5.5,0.0,6996.5,559.7,97.3,119.7,86.9,97.3,119.6,78.1,10.0,0.0,0.0,50.0,97.3
2013-06-18 18:22:25,97.4,119.7,78.2,5.5,0.0,6996.7,559.7,97.4,119.7,86.6,97.3,119.6,78.2,10.0,0.0,0.0,50.0,97.4
2013-06-18 18:22:26,97.3,119.7,79.8,5.5,0.0,6996.8,559.7,97.4,119.7,86.1,97.3,119.5,77.8,10.0,0.0,0.0,50.0,97.3
2013-06-18 18:22:27,97.5,119.6,78.5,5.6,0.0,6996.7,559.7,97.5,119.7,87.0,97.3,119.5,78.0,10.0,0.0,0.0,50.0,97.5
2013-06-18 18:22:28,97.4,119.5,78.9,5.6,0.0,6996.7,559.7,97.5,119.6,84.9,97.4,119.4,78.0,10.0,0.0,0.0,50.0,97.4
2013-06-18 18:22:29,97.4,119.5,78.7,5.6,0.0,6996.3,559.7,97.4,119.6,85.2,97.4,119.4,78.1,10.0,0.0,0.0,50.0,97.4
2013-06-18 18:22:30,97.4,119.5,78.6,5.6,0.0,6996.1,559.6,97.4,119.6,85.1,97.4,119.4,78.1,10.0,0.0,0.0,50.0,97.4
2013-06-18 18:22:31,97.3,119.6,80.4,5.7,0.0,6996.4,559.7,97.4,119.6,86.5,97.3,119.4,78.0,10.0,0.0,0.0,50.0,97.3
2013-06-18 18:22:32,97.5,119.5,79.2,5.7,0.0,6996.3,559.7,97.5,119.6,85.3,97.3,119.3,78.4,10.0,0.0,0.0,50.0,97.5
2013-06-18 18:22:33,97.5,119.6,79.4,5.7,0.0,6996.2,559.7,97.5,119.6,85.2,97.5,119.4,78.3,10.0,0.0,0.0,50.0,97.5
2013-06-18 18:22:34,97.4,119.6,79.7,5.7,0.0,6996.2,559.6,97.5,119.6,85.0,97.4,119.4,78.1,10.0,0.0,0.0,50.0,97.4
2013-06-18 18:22:35,97.4,119.6,79.3,5.8,0.0,6995.7,559.6,97.4,119.7,84.5,97.4,119.5,77.9,10.0,0.0,0.0,50.0,97.4
2013-06-18 18:22:36,97.3,119.6,80.7,5.8,0.0,6995.9,559.6,97.4,119.7,86.3,97.3,119.4,78.0,10.0,0.0,0.0,50.0,97.3
2013-06-18 18:22:37,97.5,119.6,81.7,5.8,0.0,6999.6,559.9,97.5,119.7,86.4,97.3,119.4,79.2,10.0,0.0,0.0,50.0,97.5
2013-06-18 18:22:38,97.7,119.5,80.2,5.9,0.0,6996.2,559.6,97.7,119.6,84.9,97.5,119.4,78.3,10.0,0.0,0.0,50.0,97.7
2013-06-18 18:22:39,97.6,119.5,81.0,5.9,0.0,6996.1,559.6,97.7,119.6,84.9,97.6,119.4,78.3,10.0,0.0,0.0,50.0,97.6
2013-06-18 18:22:40,97.5,119.7,82.5,5.9,0.0,6996.0,559.6,97.6,119.8,85.8,97.5,119.5,77.9,10.0,0.0,0.0,50.0,97.5
2013-06-18 18:22:41,97.5,119.5,82.6,5.9,0.0,6996.0,559.6,97.5,119.8,86.1,97.5,119.5,77.9,10.0,0.0,0.0,50.0,97.5
2013-06-18 18:22:42,97.6,119.5,82.4,6.0,0.0,6996.2,559.6,97.6,119.7,86.1,97.5,119.5,79.0,10.0,0.0,0.0,50.0,97.6
2013-06-18 18:22:43,97.7,119.6,82.5,6.0,0.0,6996.3,559.7,97.7,119.6,86.6,97.6,119.4,78.3,10.0,0.0,0.0,50.0,97.7
2013-06-18 18:22:44,97.7,119.5,81.1,6.0,0.0,6995.9,559.6,97.7,119.6,84.8,97.7,119.4,78.1,10.0,0.0,0.0,50.0,97.7
2013-06-18 18:22:45,97.5,119.4,80.8,6.1,0.0,6998.8,559.9,97.7,119.5,84.5,97.5,119.4,78.0,10.0,0.0,0.0,50.0,97.5
2013-06-18 18:22:46,97.5,119.4,88.7,6.1,0.0,6995.9,559.6,97.5,119.5,91.1,97.5,119.3,78.6,10.0,0.0,0.0,50.0,97.5
2013-06-18 18:22:47,97.6,119.4,84.7,6.1,0.0,6995.7,559.6,97.6,119.6,88.7,97.5,119.3,78.1,10.0,0.0,0.0,50.0,97.6
2013-06-18 18:22:48,97.5,119.3,82.2,6.1,0.0,6995.7,559.6,97.6,119.5,84.7,97.5,119.3,78.7,10.0,0.0,0.0,50.0,97.5
2013-06-18 18:22:49,97.6,119.3,83.2,6.1,0.0,6996.0,559.6,97.6,119.5,86.5,97.5,119.2,78.2,10.0,0.0,0.0,50.0,97.6
2013-06-18 18:22:50,97.8,119.4,78.1,6.2,0.0,6998.6,559.8,97.8,119.6,87.8,97.6,119.3,78.1,10.0,0.0,0.0,50.0,97.8
2013-06-18 18:22:51,97.6,119.3,79.5,6.2,0.0,6995.9,559.6,97.8,119.5,86.9,97.6,119.2,78.1,10.0,0.0,0.0,50.0,97.6
2013-06-18 18:22:52,97.8,119.2,79.8,6.2,0.0,6995.6,559.6,97.8,119.4,88.5,97.6,119.2,78.2,10.0,0.0,0.0,50.0,97.8
2013-06-18 18:22:53,97.7,119.3,78.4,6.3,0.0,6995.5,559.6,97.8,119.3,88.2,97.7,119.1,78.3,10.0,0.0,0.0,50.0,97.7
2013-06-18 18:22:54,97.6,119.3,79.6,6.3,0.0,6995.6,559.6,97.7,119.4,85.6,97.6,119.2,78.1,10.0,0.0,0.0,50.0,97.6
2013-06-18 18:22:55,97.7,119.1,78.2,6.3,0.0,6998.4,559.8,97.7,119.3,86.7,97.6,119.1,78.2,10.0,0.0,0.0,50.0,97.7
2013-06-18 18:22:56,97.6,119.3,79.7,6.3,0.0,6995.7,559.6,97.7,119.3,87.4,97.6,119.1,78.2,10.0,0.0,0.0,50.0,97.6
2013-06-18 18:22:57,97.6,119.4,78.3,6.4,0.0,6995.8,559.6,97.6,119.5,86.6,97.6,119.3,78.3,10.0,0.0,0.0,50.0,97.6
2013-06-18 18:22:58,97.6,119.7,78.1,6.4,0.0,6995.5,559.6,97.6,119.7,85.7,97.6,119.4,78.1,10.0,0.0,0.0,50.0,97.6
2013-06-18 18:22:59,97.6,119.8,77.7,6.4,0.0,6995.2,559.6,97.6,119.8,85.5,97.6,119.7,77.7,10.0,0.0,0.0,50.0,97.6
2013-06-18 18:23:00,97.4,119.9,79.5,6.4,0.0,6998.3,559.8,97.6,119.9,85.0,97.4,119.7,77.6,10.0,0.0,0.0,50.0,97.4
2013-06-18 18:23:01,97.5,119.8,79.3,6.5,0.0,6995.6,559.6,97.5,119.9,86.8,97.4,119.7,79.2,10.0,0.0,0.0,50.0,97.5
2013-06-18 18:23:02,97.7,119.7,78.2,6.5,0.0,6995.6,559.6,97.7,119.9,85.4,97.5,119.6,78.2,10.0,0.0,0.0,50.0,97.7
2013-06-18 18:23:03,97.6,119.8,77.9,6.5,0.0,6995.6,559.6,97.7,119.8,85.1,97.6,119.6,77.9,10.0,0.0,0.0,50.0,97.6
2013-06-18 18:23:04,97.6,119.8,77.9,6.6,0.0,6998.1,559.8,97.6,119.8,85.0,97.6,119.6,77.6,10.0,0.0,0.0,50.0,97.6
2013-06-18 18:23:05,97.5,119.7,78.0,6.6,0.0,6995.0,559.6,97.6,119.9,84.7,97.5,119.6,77.8,10.0,0.0,0.0,50.0,97.5
2013-06-18 18:23:06,97.4,119.5,80.0,6.6,0.0,6995.3,559.6,97.5,119.7,86.9,97.4,119.5,77.9,10.0,0.0,0.0,50.0,97.4
2013-06-18 18:23:07,97.6,119.7,78.3,6.6,0.0,6995.4,559.6,97.6,119.7,85.4,97.4,119.5,78.3,10.0,0.0,0.0,50.0,97.6
2013-06-18 18:23:08,97.6,119.6,78.1,6.7,0.0,6995.2,559.6,97.6,119.7,84.6,97.6,119.6,77.8,10.0,0.0,0.0,50.0,97.6
2013-06-18 18:23:09,97.5,119.5,78.8,6.7,0.0,6997.9,559.8,97.6,119.7,86.4,97.5,119.5,77.8,10.0,0.0,0.0,50.0,97.5
2013-06-18 18:23:10,97.5,119.8,78.5,6.7,0.0,6994.8,559.5,97.5,119.8,84.7,97.5,119.5,77.9,10.0,0.0,0.0,50.0,97.5
2013-06-18 18:23:11,97.4,119.6,80.2,6.7,0.0,6995.1,559.6,97.5,119.8,86.4,97.4,119.5,78.0,10.0,0.0,0.0,50.0,97.4
2013-06-18 18:23:12,97.6,119.5,81.6,6.8,0.0,6995.4,559.6,97.6,119.6,89.8,97.4,119.5,79.4,10.0,0.0,0.0,50.0,97.6
2013-06-18 18:23:13,97.7,119.6,79.7,6.8,0.0,6998.1,559.8,97.7,119.6,84.7,97.6,119.5,78.2,10.0,0.0,0.0,50.0,97.7
2013-06-18 18:23:14,97.6,119.5,81.1,6.8,0.0,6998.0,559.8,97.7,119.6,84.8,97.6,119.4,78.0,10.0,0.0,0.0,50.0,97.6
2013-06-18 18:23:15,97.6,119.6,82.8,6.9,0.0,6995.1,559.6,97.6,119.7,87.4,97.6,119.5,78.0,10.0,0.0,0.0,50.0,97.6
2013-06-18 18:23:16,97.6,119.7,84.7,6.9,0.0,6995.2,559.6,97.6,119.7,86.2,97.6,119.6,78.1,10.0,0.0,0.0,50.0,97.6
2013-06-18 18:23:17,97.7,119.6,84.6,6.9,0.0,6995.4,559.6,97.7,119.7,85.3,97.6,119.5,78.1,10.0,0.0,0.0,50.0,97.7
2013-06-18 18:23:18,97.7,119.6,84.0,6.9,0.0,6998.0,559.8,97.7,119.7,84.6,97.7,119.6,77.7,10.0,0.0,0.0,50.0,97.7
2013-06-18 18:23:19,97.8,119.7,78.1,7.0,0.0,6997.8,559.8,97.8,119.7,87.7,97.7,119.5,78.0,10.0,0.0,0.0,50.0,97.8
2013-06-18 18:23:20,97.7,119.7,78.1,7.0,0.0,6995.0,559.6,97.8,119.7,84.6,97.7,119.5,78.1,10.0,0.0,0.0,50.0,97.7
2013-06-18 18:23:21,97.6,119.5,83.5,7.0,0.0,6995.2,559.6,97.7,119.7,84.4,97.6,119.5,78.1,10.0,0.0,0.0,50.0,97.6
2013-06-18 18:23:22,97.8,119.7,78.1,7.0,0.0,6995.2,559.6,97.8,119.7,87.0,97.6,119.4,78.1,10.0,0.0,0.0,50.0,97.8
2013-06-18 18:23:23,97.7,119.7,77.8,7.1,0.0,6997.7,559.8,97.8,119.7,84.5,97.7,119.5,77.7,10.0,0.0,0.0,50.0,97.7
2013-06-18 18:23:24,97.6,119.5,84.2,7.1,0.0,6995.1,559.6,97.7,119.7,84.2,97.6,119.4,77.6,10.0,0.0,0.0,50.0,97.6
2013-06-18 18:23:25,97.7,119.6,78.1,7.1,0.0,6995.1,559.6,97.7,119.6,86.2,97.6,119.4,78.1,10.0,0.0,0.0,50.0,97.7
2013-06-18 18:23:26,97.5,119.5,79.7,7.1,0.0,6995.4,559.6,97.7,119.6,85.8,97.5,119.4,77.9,10.0,0.0,0.0,50.0,97.5
2013-06-18 18:23:27,97.7,119.5,79.0,7.2,0.0,6995.2,559.6,97.7,119.6,86.7,97.5,119.4,78.1,10.0,0.0,0.0,50.0,97.7
2013-06-18 18:23:28,97.7,119.4,78.1,7.2,0.0,6995.1,559.6,97.7,119.6,84.7,97.7,119.4,78.1,10.0,0.0,0.0,50.0,97.7
2013-06-18 18:23:29,97.5,119.6,78.0,7.2,0.0,6994.9,559.5,97.7,119.6,84.6,97.5,119.4,77.9,10.0,0.0,0.0,50.0,97.5
2013-06-18 18:23:30,97.5,119.8,79.5,7.3,0.0,6994.8,559.5,97.5,119.8,85.1,97.5,119.6,77.8,10.0,0.0,0.0,50.0,97.5
2013-06-18 18:23:31,97.6,119.8,79.4,7.3,0.0,6995.2,559.6,97.6,119.8,87.2,97.5,119.6,79.4,10.0,0.0,0.0,50.0,97.6
2013-06-18 18:23:32,97.7,119.6,77.9,7.3,0.0,6997.9,559.8,97.7,119.8,85.8,97.6,119.6,77.9,10.0,0.0,0.0,50.0,97.7
2013-06-18 18:23:33,97.7,119.7,77.9,7.3,0.0,6994.9,559.5,97.7,119.7,84.7,97.7,119.5,77.6,10.0,0.0,0.0,50.0,97.7
2013-06-18 18:23:34,97.6,119.8,77.9,7.4,0.0,6994.8,559.5,97.7,119.8,85.0,97.6,119.5,77.9,10.0,0.0,0.0,50.0,97.6
2013-06-18 18:23:35,97.4,119.6,78.1,7.4,0.0,6994.6,559.5,97.6,119.8,87.0,97.4,119.6,77.7,10.0,0.0,0.0,50.0,97.4
2013-06-18 18:23:36,97.4,119.6,79.7,7.4,0.0,6997.1,559.7,97.4,119.7,86.2,97.4,119.4,77.8,10.0,0.0,0.0,50.0,97.4
2013-06-18 18:23:37,97.6,119.8,78.0,7.4,0.0,6994.6,559.5,97.6,119.8,84.7,97.4,119.5,78.0,10.0,0.0,0.0,50.0,97.6
2013-06-18 18:23:38,97.4,119.6,78.3,7.5,0.0,6994.3,559.5,97.6,119.8,87.8,97.4,119.6,77.6,10.0,0.0,0.0,50.0,97.4
2013-06-18 18:23:39,97.3,119.5,78.5,7.5,0.0,6994.0,559.5,97.4,119.7,86.9,97.3,119.4,77.8,10.0,0.0,0.0,50.0,97.3
2013-06-18 18:23:40,97.3,119.6,78.7,7.5,0.0,6996.3,559.7,97.3,119.7,86.6,97.3,119.4,78.0,10.0,0.0,0.0,50.0,97.3
2013-06-18 18:23:41,97.2,119.6,80.6,7.6,0.0,6993.9,559.5,97.3,119.7,90.0,97.2,119.4,78.0,10.0,0.0,0.0,50.0,97.2
2013-06-18 18:23:42,97.4,119.6,80.8,7.6,0.0,6994.1,559.5,97.4,119.6,86.7,97.2,119.5,79.1,10.0,0.0,0.0,50.0,97.4
2013-06-18 18:23:43,97.5,119.5,80.1,7.6,0.0,6994.2,559.5,97.5,119.7,85.6,97.4,119.5,78.2,10.0,0.0,0.0,50.0,97.5
2013-06-18 18:23:44,97.5,119.6,82.3,7.6,0.0,6996.5,559.7,97.5,119.7,87.4,97.5,119.4,77.9,10.0,0.0,0.0,50.0,97.5
2013-06-18 18:23:45,97.4,119.6,81.4,7.7,0.0,6993.7,559.5,97.5,119.7,85.9,97.4,119.5,78.1,10.0,0.0,0.0,50.0,97.4
2013-06-18 18:23:46,97.3,119.6,84.8,7.7,0.0,6993.9,559.5,97.4,119.7,86.2,97.3,119.5,78.3,10.0,0.0,0.0,50.0,97.3
2013-06-18 18:23:47,97.5,119.6,85.3,7.7,0.0,6994.0,559.5,97.5,119.7,85.3,97.3,119.5,77.9,10.0,0.0,0.0,50.0,97.5
2013-06-18 18:23:48,97.5,119.7,81.3,7.7,0.0,6996.1,559.6,97.5,119.8,85.3,97.5,119.6,77.8,10.0,0.0,0.0,50.0,97.5
2013-06-18 18:23:49,97.5,119.6,78.8,7.8,0.0,6993.8,559.5,97.5,119.7,86.6,97.5,119.6,78.2,10.0,0.0,0.0,50.0,97.5
2013-06-18 18:23:50,97.6,119.6,80.8,7.8,0.0,6993.7,559.5,97.6,119.7,85.2,97.5,119.5,78.2,10.0,0.0,0.0,50.0,97.6
2013-06-18 18:23:51,97.5,119.7,80.8,7.8,0.0,6996.0,559.6,97.6,119.7,84.8,97.5,119.6,78.3,10.0,0.0,0.0,50.0,97.5
2013-06-18 18:23:52,97.6,119.6,79.4,7.8,0.0,6993.8,559.5,97.6,119.7,86.0,97.5,119.4,78.2,10.0,0.0,0.0,50.0,97.6
2013-06-18 18:23:53,97.6,119.7,81.7,7.9,0.0,6993.7,559.4,97.6,119.8,85.3,97.6,119.5,78.1,10.0,0.0,0.0,50.0,97.6
2013-06-18 18:23:54,97.5,119.7,80.7,7.9,0.0,6993.6,559.4,97.6,119.8,85.0,97.5,119.6,78.5,10.0,0.0,0.0,50.0,97.5
2013-06-18 18:23:55,97.6,119.7,79.1,7.9,0.0,6996.1,559.6,97.6,119.7,86.1,97.5,119.5,77.9,10.0,0.0,0.0,50.0,97.6
2013-06-18 18:23:56,97.5,119.8,85.9,8.0,0.0,6993.8,559.5,97.6,119.8,87.0,97.5,119.6,77.8,10.0,0.0,0.0,50.0,97.5
2013-06-18 18:23:57,97.6,119.7,80.3,8.0,0.0,6993.7,559.5,97.6,119.8,85.9,97.5,119.6,77.9,10.0,0.0,0.0,50.0,97.6
2013-06-18 18:23:58,97.5,119.7,80.7,8.0,0.0,6993.7,559.4,97.6,119.8,84.7,97.5,119.6,77.9,10.0,0.0,0.0,50.0,97.5
2013-06-18 18:23:59,97.4,119.7,83.8,8.0,0.0,6995.8,559.6,97.5,119.8,84.5,97.4,119.6,77.9,10.0,0.0,0.0,50.0,97.4
2013-06-18 18:24:00,97.4,119.8,79.1,8.1,0.0,6993.1,559.4,97.4,119.9,85.3,97.4,119.7,77.7,10.0,0.0,0.0,50.0,97.4
2013-06-18 18:24:01,97.2,119.7,79.6,8.1,0.0,6993.3,559.4,97.4,119.8,87.8,97.2,119.6,77.9,10.0,0.0,0.0,50.0,97.2
2013-06-18 18:24:02,97.5,119.8,78.1,8.1,0.0,6993.1,559.4,97.5,119.8,85.0,97.2,119.6,77.9,10.0,0.0,0.0,50.0,97.5
2013-06-18 18:24:03,97.5,119.6,78.1,8.1,0.0,6993.0,559.4,97.5,119.8,85.4,97.5,119.6,78.1,10.0,0.0,0.0,50.0,97.5
2013-06-18 18:24:04,97.3,119.8,77.9,8.2,0.0,6992.9,559.4,97.5,119.8,87.9,97.3,119.4,77.9,10.0,0.0,0.0,50.0,97.3
2013-06-18 18:24:05,97.3,119.7,77.9,8.2,0.0,6992.5,559.4,97.3,119.8,84.9,97.3,119.6,77.7,10.0,0.0,0.0,50.0,97.3
2013-06-18 18:24:06,97.3,119.8,79.5,8.2,0.0,6992.6,559.4,97.3,119.8,85.1,97.3,119.6,77.9,10.0,0.0,0.0,50.0,97.3
2013-06-18 18:24:07,97.3,119.8,79.6,8.3,0.0,6995.2,559.6,97.3,119.8,88.4,97.3,119.6,79.3,10.0,0.0,0.0,50.0,97.3
2013-06-18 18:24:08,97.5,119.9,78.3,8.3,0.0,6995.0,559.6,97.5,119.9,84.5,97.3,119.7,78.2,10.0,0.0,0.0,50.0,97.5
2013-06-18 18:24:09,97.5,119.8,78.2,8.3,0.0,6992.7,559.4,97.5,120.0,84.6,97.5,119.8,78.1,10.0,0.0,0.0,50.0,97.5
2013-06-18 18:24:10,97.4,119.7,78.4,8.3,0.0,6992.5,559.4,97.5,119.8,86.4,97.4,119.6,77.8,10.0,0.0,0.0,50.0,97.4
2013-06-18 18:24:11,97.3,119.7,80.2,8.4,0.0,6992.5,559.4,97.4,119.9,85.9,97.3,119.7,77.9,10.0,0.0,0.0,50.0,97.3
2013-06-18 18:24:12,97.5,119.5,81.1,8.4,0.0,6992.8,559.4,97.5,119.8,86.4,97.3,119.5,78.4,10.0,0.0,0.0,50.0,97.5
2013-06-18 18:24:13,97.5,119.7,80.5,8.4,0.0,6995.2,559.6,97.5,119.8,85.8,97.5,119.5,79.3,10.0,0.0,0.0,50.0,97.5
2013-06-18 18:24:14,97.7,119.7,81.5,8.5,0.0,6992.8,559.4,97.7,119.7,84.7,97.5,119.6,78.0,10.0,0.0,0.0,50.0,97.7
2013-06-18 18:24:15,97.6,119.6,80.8,8.5,0.0,6992.6,559.4,97.7,119.7,84.6,97.6,119.5,78.1,10.0,0.0,0.0,50.0,97.6
2013-06-18 18:24:16,97.5,119.7,85.6,8.5,0.0,6992.8,559.4,97.6,119.7,86.5,97.5,119.5,78.3,10.0,0.0,0.0,50.0,97.5
2013-06-18 18:24:17,97.6,119.6,83.8,8.5,0.0,6995.0,559.6,97.6,119.7,85.6,97.5,119.6,78.2,10.0,0.0,0.0,50.0,97.6
2013-06-18 18:24:18,97.6,119.8,80.3,8.5,0.0,6995.0,559.6,97.6,119.8,84.9,97.6,119.5,78.8,10.0,0.0,0.0,50.0,97.6
2013-06-18 18:24:19,97.7,119.8,78.5,8.6,0.0,6992.9,559.4,97.7,119.8,86.0,97.6,119.7,78.1,10.0,0.0,0.0,50.0,97.7
2013-06-18 18:24:20,97.7,119.7,78.1,8.6,0.0,6992.7,559.4,97.7,119.8,84.7,97.7,119.6,78.1,10.0,0.0,0.0,50.0,97.7
2013-06-18 18:24:21,97.5,119.8,79.2,8.6,0.0,6992.7,559.4,97.7,119.9,85.4,97.5,119.6,78.0,10.0,0.0,0.0,50.0,97.5
2013-06-18 18:24:22,97.6,119.8,79.1,8.7,0.0,6992.9,559.4,97.6,119.9,85.8,97.5,119.7,78.7,10.0,0.0,0.0,50.0,97.6
2013-06-18 18:24:23,97.7,119.7,78.0,8.7,0.0,6992.7,559.4,97.7,119.8,84.4,97.6,119.6,78.0,10.0,0.0,0.0,50.0,97.7
2013-06-18 18:24:24,97.6,119.8,79.3,8.7,0.0,6992.8,559.4,97.7,119.9,85.7,97.6,119.7,77.6,10.0,0.0,0.0,50.0,97.6
2013-06-18 18:24:25,97.6,119.8,79.7,8.7,0.0,6992.9,559.4,97.6,119.9,86.0,97.6,119.8,78.0,10.0,0.0,0.0,50.0,97.6
2013-06-18 18:24:26,97.6,119.8,79.7,8.8,0.0,6994.9,559.5,97.6,119.8,84.4,97.6,119.6,77.9,10.0,0.0,0.0,50.0,97.6
2013-06-18 18:24:27,97.6,119.8,78.1,8.8,0.0,6995.1,559.6,97.6,119.9,88.1,97.6,119.6,78.1,10.0,0.0,0.0,50.0,97.6
2013-06-18 18:24:28,97.7,119.8,81.0,8.8,0.0,6992.9,559.4,97.7,119.9,87.3,97.6,119.7,77.8,10.0,0.0,0.0,50.0,97.7
2013-06-18 18:24:29,97.6,119.9,77.7,8.8,0.0,6992.6,559.4,97.7,119.9,86.4,97.6,119.7,77.5,10.0,0.0,0.0,50.0,97.6
2013-06-18 18:24:30,97.4,119.7,79.5,8.9,0.0,6992.7,559.4,97.6,119.9,89.6,97.4,119.6,77.6,10.0,0.0,0.0,50.0,97.4
2013-06-18 18:24:31,97.6,119.7,84.1,8.9,0.0,6993.1,559.4,97.6,119.8,92.4,97.4,119.6,78.6,10.0,0.0,0.0,50.0,97.6
2013-06-18 18:24:32,97.8,119.9,78.3,8.9,0.0,6993.2,559.4,97.8,119.9,87.2,97.6,119.7,78.3,9.9,0.0,0.0,50.0,97.9
2013-06-18 18:24:33,97.8,119.7,77.9,9.0,0.0,6993.1,559.4,97.8,119.9,88.8,97.8,119.7,77.9,10.0,0.0,0.0,50.0,97.8
2013-06-18 18:24:34,97.7,119.8,81.6,9.0,0.0,6995.0,559.6,97.8,119.9,86.0,97.7,119.6,77.6,10.0,0.0,0.0,50.0,97.7
2013-06-18 18:24:35,97.7,119.8,77.9,9.0,0.0,6992.7,559.4,97.7,120.0,85.0,97.7,119.8,77.8,10.0,0.0,0.0,50.0,97.7
2013-06-18 18:24:36,97.5,119.7,79.7,9.0,0.0,6992.8,559.4,97.7,119.8,88.9,97.5,119.6,77.6,10.0,0.0,0.0,50.0,97.5
2013-06-18 18:24:37,97.6,119.9,78.3,9.1,0.0,6995.0,559.6,97.6,119.9,87.1,97.5,119.7,78.3,10.0,0.0,0.0,50.0,97.6
2013-06-18 18:24:38,97.7,119.9,78.1,9.1,0.0,6994.9,559.5,97.7,119.9,84.8,97.6,119.8,77.8,10.0,0.0,0.0,50.0,97.7
2013-06-18 18:24:39,97.6,119.9,78.2,9.1,0.0,6992.7,559.4,97.7,120.0,85.7,97.6,119.8,77.5,10.0,0.0,0.0,50.0,97.6
2013-06-18 18:24:40,97.5,119.9,78.5,9.1,0.0,6992.4,559.3,97.6,120.0,84.3,97.5,119.7,77.6,10.0,0.0,0.0,50.0,97.5
2013-06-18 18:24:41,97.4,120.0,80.2,9.2,0.0,6994.4,559.5,97.5,120.1,84.5,97.4,119.8,78.0,10.0,0.0,0.0,50.0,97.4
2013-06-18 18:24:42,97.4,120.0,80.9,9.2,0.0,6994.6,559.5,97.4,120.0,86.7,97.4,119.9,78.1,10.0,0.0,0.0,50.0,97.4
2013-06-18 18:24:43,97.6,120.0,80.1,9.2,0.0,6992.6,559.4,97.6,120.1,84.4,97.4,119.9,78.0,10.0,0.0,0.0,50.0,97.6
2013-06-18 18:24:44,97.6,119.9,81.2,9.2,0.0,6992.5,559.4,97.6,120.1,84.6,97.6,119.9,77.9,10.0,0.0,0.0,50.0,97.6
2013-06-18 18:24:45,97.5,120.0,82.0,9.3,0.0,6992.4,559.3,97.6,120.1,84.8,97.5,119.9,77.7,10.0,0.0,0.0,50.0,97.5
2013-06-18 18:24:46,97.4,119.9,86.1,9.3,0.0,6992.3,559.3,97.5,120.0,86.1,97.4,119.8,77.8,10.0,0.0,0.0,50.0,97.4
2013-06-18 18:24:47,97.5,119.8,82.5,9.3,0.0,6992.2,559.3,97.5,120.0,86.1,97.4,119.8,78.0,10.0,0.0,0.0,50.0,97.5
2013-06-18 18:24:48,97.4,119.8,79.7,9.4,0.0,6992.2,559.3,97.5,120.0,85.2,97.4,119.8,77.8,10.0,0.0,0.0,50.0,97.4
2013-06-18 18:24:49,97.5,119.9,77.9,9.4,0.0,6992.1,559.3,97.5,120.0,86.0,97.4,119.7,77.9,10.0,0.0,0.0,50.0,97.5
2013-06-18 18:24:50,97.5,119.9,78.0,9.4,0.0,6994.0,559.5,97.5,119.9,84.5,97.5,119.7,77.9,10.0,0.0,0.0,50.0,97.5
2013-06-18 18:24:51,97.4,119.8,79.7,9.4,0.0,6992.0,559.3,97.5,119.9,84.3,97.4,119.7,78.0,10.0,0.0,0.0,50.0,97.4
2013-06-18 18:24:52,97.5,119.8,78.4,9.5,0.0,6992.1,559.3,97.5,119.9,86.0,97.4,119.7,78.4,10.0,0.0,0.0,50.0,97.5
2013-06-18 18:24:53,97.5,119.8,77.9,9.5,0.0,6992.0,559.3,97.5,119.9,85.4,97.5,119.7,77.8,10.0,0.0,0.0,50.0,97.5
2013-06-18 18:24:54,97.5,119.8,78.7,9.5,0.0,6993.8,559.5,97.5,119.9,84.3,97.5,119.7,77.7,10.0,0.0,0.0,50.0,97.5
2013-06-18 18:24:55,97.3,119.8,79.6,9.5,0.0,6991.9,559.3,97.5,119.9,85.3,97.3,119.7,77.7,10.0,0.0,0.0,50.0,97.3
2013-06-18 18:24:56,97.4,119.8,79.9,9.6,0.0,6992.0,559.3,97.4,119.9,88.9,97.3,119.7,78.4,10.0,0.0,0.0,50.0,97.4
2013-06-18 18:24:57,97.5,119.9,79.6,9.6,0.0,6992.2,559.3,97.5,119.9,85.9,97.4,119.6,79.2,10.0,0.0,0.0,50.0,97.5
2013-06-18 18:24:58,97.6,119.8,77.9,9.6,0.0,6991.9,559.3,97.6,119.9,84.4,97.5,119.7,77.6,10.0,0.0,0.0,50.0,97.6
2013-06-18 18:24:59,97.4,119.9,78.0,9.7,0.0,6991.8,559.3,97.6,120.0,87.5,97.4,119.7,77.5,10.0,0.0,0.0,50.0,97.4
2013-06-18 18:25:00,97.3,119.8,82.2,9.7,0.0,6991.8,559.3,97.4,120.0,85.6,97.3,119.7,77.5,10.0,0.0,0.0,50.0,97.3
2013-06-18 18:25:01,97.5,119.8,78.5,9.7,0.0,6991.8,559.3,97.5,119.9,86.4,97.3,119.7,78.5,10.0,0.0,0.0,50.0,97.5
2013-06-18 18:25:02,97.5,119.8,79.9,9.7,0.0,6992.1,559.3,97.5,119.9,88.0,97.5,119.7,78.0,10.0,0.0,0.0,50.0,97.5
2013-06-18 18:25:03,97.6,119.8,81.6,9.8,0.0,6993.9,559.5,97.6,119.9,84.5,97.5,119.6,77.9,10.0,0.0,0.0,50.0,97.6
2013-06-18 18:25:04,97.6,119.9,78.4,9.8,0.0,6991.7,559.3,97.6,119.9,84.3,97.6,119.7,77.7,10.0,0.0,0.0,50.0,97.6
2013-06-18 18:25:05,97.4,119.9,78.5,9.8,0.0,6991.7,559.3,97.6,119.9,85.5,97.4,119.7,77.7,10.0,0.0,0.0,50.0,97.4
2013-06-18 18:25:06,97.4,118.9,85.5,9.8,0.0,6991.8,559.3,97.4,119.9,86.6,97.4,118.6,77.8,10.0,0.0,0.0,50.0,97.4
2013-06-18 18:25:07,97.6,118.9,79.5,9.9,0.0,6993.6,559.4,97.6,118.9,85.5,97.4,118.8,79.0,10.0,0.0,0.0,50.0,97.6
2013-06-18 18:25:08,97.5,119.7,79.9,9.9,0.0,6993.6,559.4,97.6,119.7,86.2,97.5,118.7,78.3,10.0,0.0,0.0,50.0,97.5
2013-06-18 18:25:09,97.4,119.7,82.3,9.9,0.0,6991.5,559.3,97.5,119.8,84.8,97.4,119.7,77.9,10.0,0.0,0.0,50.0,97.4
2013-06-18 18:25:10,97.4,119.8,80.0,10.0,0.0,6991.4,559.3,97.4,119.9,84.8,97.4,119.6,78.1,10.0,0.0,0.0,50.0,97.4
2013-06-18 18:25:11,97.3,119.8,80.2,10.0,0.0,6991.4,559.3,97.4,119.8,85.9,97.3,119.6,77.7,10.0,0.0,0.0,50.0,97.3
2013-06-18 18:25:12,97.4,119.7,82.1,10.0,0.0,6993.3,559.4,97.4,119.9,86.3,97.3,119.7,78.0,10.0,0.0,0.0,50.0,97.4
2013-06-18 18:25:13,97.6,119.7,82.5,10.0,0.0,6993.4,559.4,97.6,119.8,85.7,97.4,119.6,78.2,10.0,0.0,0.0,50.0,97.6
2013-06-18 18:25:14,97.5,119.7,83.2,10.0,0.0,6991.5,559.3,97.6,119.9,84.7,97.5,119.7,77.9,10.0,0.0,0.0,50.0,97.5
2013-06-18 18:25:15,97.4,119.7,83.9,10.1,0.0,6991.3,559.3,97.5,119.8,85.3,97.4,119.6,78.0,10.0,0.0,0.0,50.0,97.4
2013-06-18 18:25:16,97.4,119.6,87.2,10.1,0.0,6991.2,559.3,97.4,119.8,87.2,97.4,119.6,77.9,10.0,0.0,0.0,50.0,97.4
2013-06-18 18:25:17,97.3,119.7,83.2,10.1,0.0,6992.9,559.4,97.4,119.8,87.2,97.3,119.6,78.2,10.0,0.0,0.0,50.0,97.3
2013-06-18 18:25:18,97.3,119.7,80.5,10.2,0.0,6990.9,559.2,97.3,119.8,86.8,97.3,119.7,78.2,10.0,0.0,0.0,50.0,97.3
2013-06-18 18:25:19,97.5,119.7,78.3,10.2,0.0,6991.0,559.2,97.5,119.8,88.5,97.3,119.6,78.2,10.0,0.0,0.0,50.0,97.5
2013-06-18 18:25:20,97.5,119.8,78.4,10.2,0.0,6991.0,559.2,97.5,119.8,85.2,97.5,119.6,78.2,10.0,0.0,0.0,50.0,97.5
2013-06-18 18:25:21,97.5,119.7,78.0,10.2,0.0,6990.7,559.2,97.5,119.9,85.3,97.5,119.6,77.9,10.0,0.0,0.0,50.0,97.5
2013-06-18 18:25:22,97.4,119.7,78.0,10.3,0.0,6990.7,559.2,97.5,119.8,87.8,97.4,119.6,78.0,10.0,0.0,0.0,50.0,97.4
2013-06-18 18:25:23,97.3,119.8,78.3,10.3,0.0,6990.6,559.2,97.4,119.8,85.7,97.3,119.6,78.0,10.0,0.0,0.0,50.0,97.3
2013-06-18 18:25:24,97.3,119.6,79.7,10.3,0.0,6990.6,559.2,97.3,119.8,84.6,97.3,119.6,78.1,10.0,0.0,0.0,50.0,97.3
2013-06-18 18:25:25,97.4,119.7,78.2,10.4,0.0,6990.8,559.2,97.4,119.8,91.1,97.3,119.5,78.2,10.0,0.0,0.0,50.0,97.4
2013-06-18 18:25:26,97.3,119.5,79.1,10.4,0.0,6990.7,559.2,97.4,119.8,84.9,97.3,119.5,78.0,10.0,0.0,0.0,50.0,97.3
2013-06-18 18:25:27,97.4,119.7,78.2,10.4,0.0,6990.6,559.2,97.4,119.7,85.1,97.3,119.5,78.0,10.0,0.0,0.0,50.0,97.4
2013-06-18 18:25:28,97.3,119.6,78.2,10.4,0.0,6990.5,559.2,97.4,119.7,87.3,97.3,119.5,78.0,10.0,0.0,0.0,50.0,97.3
2013-06-18 18:25:29,97.3,119.6,79.3,10.5,0.0,6992.2,559.3,97.3,119.6,84.8,97.3,119.4,78.1,10.0,0.0,0.0,50.0,97.3
2013-06-18 18:25:30,97.3,119.7,79.6,10.5,0.0,6990.4,559.2,97.3,119.7,85.0,97.3,119.4,78.3,10.0,0.0,0.0,50.0,97.3
2013-06-18 18:25:31,97.4,119.6,78.3,10.5,0.0,6990.6,559.2,97.4,119.7,88.0,97.3,119.5,78.2,10.0,0.0,0.0,50.0,97.4
2013-06-18 18:25:32,97.4,119.6,81.1,10.5,0.0,6990.8,559.2,97.4,119.6,86.3,97.4,119.5,78.1,10.0,0.0,0.0,50.0,97.4
2013-06-18 18:25:33,97.7,119.5,78.4,10.6,0.0,6990.7,559.2,97.7,119.6,84.9,97.4,119.4,78.4,10.0,0.0,0.0,50.0,97.7
2013-06-18 18:25:34,97.5,119.4,78.5,10.6,0.0,6992.4,559.3,97.7,119.5,85.5,97.5,119.4,78.0,10.0,0.0,0.0,50.0,97.5
2013-06-18 18:25:35,97.5,119.3,81.1,10.6,0.0,6990.5,559.2,97.5,119.5,84.7,97.5,119.3,78.1,10.0,0.0,0.0,50.0,97.5
2013-06-18 18:25:36,97.4,119.3,79.2,10.7,0.0,6990.5,559.2,97.5,119.4,86.3,97.4,119.2,78.2,10.0,0.0,0.0,50.0,97.4
2013-06-18 18:25:37,97.4,119.3,78.7,10.7,0.0,6990.4,559.2,97.4,119.5,85.1,97.4,119.3,78.1,10.0,0.0,0.0,50.0,97.4
2013-06-18 18:25:38,97.4,119.2,82.5,10.7,0.0,6990.4,559.2,97.4,119.4,85.2,97.4,119.2,78.1,10.0,0.0,0.0,50.0,97.4
2013-06-18 18:25:39,97.4,119.3,78.8,10.7,0.0,6990.3,559.2,97.4,119.4,85.1,97.4,119.2,78.4,10.0,0.0,0.0,50.0,97.4
2013-06-18 18:25:40,97.3,119.4,78.9,10.8,0.0,6992.0,559.3,97.4,119.5,85.2,97.3,119.3,78.0,10.0,0.0,0.0,50.0,97.3
2013-06-18 18:25:41,97.4,119.2,84.4,10.8,0.0,6990.2,559.2,97.4,119.4,85.4,97.3,119.2,77.9,10.0,0.0,0.0,50.0,97.4
2013-06-18 18:25:42,97.3,119.3,81.3,10.8,0.0,6990.2,559.2,97.4,119.3,87.1,97.3,119.1,78.3,10.0,0.0,0.0,50.0,97.3
2013-06-18 18:25:43,97.4,119.3,83.9,10.8,0.0,6990.7,559.2,97.4,119.4,88.0,97.3,119.2,79.8,10.0,0.0,0.0,50.0,97.4
2013-06-18 18:25:44,97.8,119.1,83.7,10.9,0.0,6992.4,559.3,97.8,119.4,85.9,97.4,119.1,78.8,9.9,0.0,0.0,50.0,98.6
2013-06-18 18:25:45,97.8,119.2,82.3,10.9,0.0,6990.7,559.2,97.8,119.3,86.8,97.8,119.0,78.6,10.0,0.0,0.0,50.0,97.8
2013-06-18 18:25:46,97.7,119.2,85.3,10.9,0.0,6990.8,559.2,97.8,119.4,85.3,97.7,119.2,78.5,10.0,0.0,0.0,50.0,97.7
2013-06-18 18:25:47,97.7,119.1,82.3,10.9,0.0,6990.5,559.2,97.7,119.3,85.3,97.7,119.1,78.7,10.0,0.0,0.0,50.0,97.7
2013-06-18 18:25:48,97.7,119.2,80.6,11.0,0.0,6990.7,559.2,97.7,119.2,86.2,97.7,119.1,79.3,10.0,0.0,0.0,50.0,97.7
2013-06-18 18:25:49,97.8,119.2,78.9,11.0,0.0,6992.6,559.4,97.8,119.3,87.2,97.7,119.1,78.9,10.0,0.0,0.0,50.0,97.8
2013-06-18 18:25:50,97.9,119.2,79.0,11.0,0.0,6990.8,559.2,97.9,119.2,85.5,97.8,119.1,78.8,10.0,0.0,0.0,50.0,97.9
2013-06-18 18:25:51,97.9,119.1,79.0,11.1,0.0,6990.8,559.2,97.9,119.2,88.2,97.9,119.0,78.9,10.0,0.0,0.0,50.0,97.9
2013-06-18 18:25:52,97.7,119.2,79.3,11.1,0.0,6990.9,559.2,97.9,119.3,85.1,97.7,119.0,78.8,10.0,0.0,0.0,50.0,97.7
2013-06-18 18:25:53,97.9,119.2,79.1,11.1,0.0,6992.5,559.4,97.9,119.3,85.9,97.7,119.1,78.9,10.0,0.0,0.0,50.0,97.9
2013-06-18 18:25:54,97.9,119.4,80.0,11.1,0.0,6991.1,559.2,97.9,119.5,87.8,97.9,119.1,78.9,10.0,0.0,0.0,50.0,97.9
2013-06-18 18:25:55,97.8,119.5,78.9,11.2,0.0,6991.3,559.3,97.9,119.5,86.4,97.8,119.4,78.9,10.0,0.0,0.0,50.0,97.8
2013-06-18 18:25:56,97.9,119.7,78.7,11.2,0.0,6991.2,559.2,97.9,119.7,84.9,97.8,119.5,78.4,10.0,0.0,0.0,50.0,97.9
2013-06-18 18:25:57,97.9,119.7,78.6,11.2,0.0,6991.3,559.3,97.9,119.7,87.1,97.9,119.6,78.6,10.0,0.0,0.0,50.0,97.9
2013-06-18 18:25:58,97.8,119.7,79.1,11.2,0.0,6991.3,559.3,97.9,119.8,85.4,97.8,119.5,78.5,10.0,0.0,0.0,50.0,97.8
2013-06-18 18:25:59,97.8,119.8,78.5,11.3,0.0,6991.2,559.3,97.8,119.8,84.9,97.8,119.6,78.2,10.0,0.0,0.0,50.0,97.8
2013-06-18 18:26:00,97.8,119.8,79.9,11.3,0.0,6991.4,559.3,97.8,119.8,85.7,97.8,119.6,78.2,10.0,0.0,0.0,50.0,97.8
2013-06-18 18:26:01,97.9,119.6,79.5,11.3,0.0,6991.6,559.3,97.9,119.8,86.7,97.8,119.6,79.5,10.0,0.0,0.0,50.0,97.9
2013-06-18 18:26:02,97.9,119.6,78.8,11.4,0.0,6991.5,559.3,97.9,119.8,85.3,97.9,119.6,78.3,10.0,0.0,0.0,50.0,97.9
2013-06-18 18:26:03,97.9,119.6,78.6,11.4,0.0,6993.2,559.4,97.9,119.7,85.6,97.9,119.5,78.4,10.0,0.0,0.0,50.0,97.9
2013-06-18 18:26:04,97.8,119.7,79.5,11.4,0.0,6991.6,559.3,97.9,119.8,85.4,97.8,119.6,78.1,10.0,0.0,0.0,50.0,97.8
2013-06-18 18:26:05,97.8,119.7,78.7,11.4,0.0,6991.4,559.3,97.8,119.8,87.1,97.8,119.7,78.1,10.0,0.0,0.0,50.0,97.8
2013-06-18 18:26:06,97.7,119.6,80.4,11.5,0.0,6991.6,559.3,97.8,119.8,88.7,97.7,119.6,78.2,10.0,0.0,0.0,50.0,97.7
2013-06-18 18:26:07,97.9,119.6,81.9,11.5,0.0,6991.9,559.3,97.9,119.7,88.8,97.7,119.5,79.8,10.0,0.0,0.0,50.0,97.9
2013-06-18 18:26:08,98.1,119.7,79.1,11.5,0.0,6991.9,559.3,98.1,119.8,85.6,97.9,119.6,78.5,10.0,0.0,0.0,50.0,98.1
2013-06-18 18:26:09,98.0,119.7,79.4,11.6,0.0,6991.9,559.3,98.1,119.8,86.1,98.0,119.6,78.3,10.0,0.0,0.0,50.0,98.0
2013-06-18 18:26:10,98.0,119.7,81.9,11.6,0.0,6991.9,559.3,98.0,119.8,86.4,98.0,119.6,78.3,10.0,0.0,0.0,50.0,98.0
2013-06-18 18:26:11,97.9,119.8,80.2,11.6,0.0,6991.9,559.3,98.0,119.9,86.2,97.9,119.7,78.3,10.0,0.0,0.0,50.0,97.9
2013-06-18 18:26:12,97.8,119.7,81.6,11.6,0.0,6993.7,559.5,97.9,119.9,86.8,97.8,119.6,78.2,10.0,0.0,0.0,50.0,97.8
2013-06-18 18:26:13,98.0,119.7,85.5,11.6,0.0,6992.4,559.3,98.0,119.8,87.3,97.8,119.6,79.6,10.0,0.0,0.0,50.0,98.0
2013-06-18 18:26:14,98.2,119.7,82.2,11.7,0.0,6992.4,559.3,98.2,119.9,85.9,98.0,119.6,78.3,10.0,0.0,0.0,50.0,98.2
2013-06-18 18:26:15,98.0,119.7,82.3,11.7,0.0,6992.6,559.4,98.2,119.9,91.5,98.0,119.6,78.3,10.0,0.0,0.0,50.0,98.0
2013-06-18 18:26:16,98.2,119.7,87.9,11.7,0.0,6992.6,559.4,98.2,119.9,87.9,98.0,119.6,78.4,10.0,0.0,0.0,50.0,98.2
2013-06-18 18:26:17,98.1,119.7,82.1,11.8,0.0,6994.1,559.5,98.2,119.9,87.9,98.1,119.7,78.4,10.0,0.0,0.0,50.0,98.1
2013-06-18 18:26:18,98.0,119.8,80.3,11.8,0.0,6994.2,559.5,98.1,119.8,85.1,98.0,119.6,78.2,10.0,0.0,0.0,50.0,98.0
2013-06-18 18:26:19,98.2,119.8,79.9,11.8,0.0,6992.9,559.4,98.2,119.8,88.3,98.0,119.6,79.3,10.0,0.0,0.0,50.0,98.2
2013-06-18 18:26:20,98.4,119.9,79.4,11.8,0.0,6992.9,559.4,98.4,119.9,87.5,98.2,119.7,78.5,10.0,0.0,0.0,50.0,98.4
2013-06-18 18:26:21,98.3,120.0,79.3,11.9,0.0,6993.0,559.4,98.4,120.0,85.2,98.3,119.8,78.6,10.0,0.0,0.0,50.0,98.3
2013-06-18 18:26:22,98.2,119.8,79.1,11.9,0.0,6993.0,559.4,98.3,120.0,84.9,98.2,119.6,78.5,10.0,0.0,0.0,50.0,98.2
2013-06-18 18:26:23,98.2,119.5,80.7,11.9,0.0,6993.1,559.4,98.2,119.9,87.0,98.2,119.5,79.0,10.0,0.0,0.0,50.0,98.2
2013-06-18 18:26:24,98.2,119.6,79.5,11.9,0.0,6993.4,559.4,98.2,119.7,86.6,98.2,119.5,79.3,10.0,0.0,0.0,50.0,98.2
2013-06-18 18:26:25,98.2,119.6,81.1,12.0,0.0,6993.5,559.4,98.2,119.7,86.0,98.2,119.5,78.5,10.0,0.0,0.0,50.0,98.2
2013-06-18 18:26:26,98.3,119.6,80.1,12.0,0.0,6993.7,559.4,98.3,119.7,86.2,98.2,119.5,78.6,10.0,0.0,0.0,50.0,98.3
2013-06-18 18:26:27,98.3,119.6,80.1,12.0,0.0,6993.7,559.5,98.3,119.7,85.9,98.3,119.4,79.0,10.0,0.0,0.0,50.0,98.3
2013-06-18 18:26:28,98.2,119.6,80.1,12.1,0.0,6995.2,559.6,98.3,119.7,85.3,98.2,119.5,78.5,10.0,0.0,0.0,50.0,98.2
2013-06-18 18:26:29,98.2,119.6,89.1,12.1,0.0,6996.5,559.7,98.2,119.6,100.9,98.2,119.4,79.2,10.0,0.0,0.0,50.0,98.2
2013-06-18 18:26:30,104.8,119.6,81.8,12.1,0.0,6995.2,559.6,104.8,119.7,89.1,98.2,119.5,79.6,10.0,0.0,0.0,50.0,104.8
2013-06-18 18:26:31,99.6,119.7,80.9,12.1,0.0,6995.2,559.6,104.8,119.7,85.4,99.6,119.5,78.7,10.0,0.0,0.0,50.0,99.6
2013-06-18 18:26:32,99.4,119.8,81.0,12.2,0.0,6995.2,559.6,99.6,119.8,85.2,99.4,119.6,78.3,10.0,0.0,0.0,50.0,99.4
2013-06-18 18:26:33,99.1,119.7,81.8,12.2,0.0,6995.3,559.6,99.4,119.8,85.2,99.1,119.5,78.4,10.0,0.0,0.0,50.0,99.1
2013-06-18 18:26:34,98.9,119.8,81.6,12.2,0.0,6995.2,559.6,99.1,119.8,85.2,98.9,119.6,78.3,10.0,0.0,0.0,50.0,98.9
2013-06-18 18:26:35,98.8,119.7,81.1,12.3,0.0,6995.2,559.6,98.9,119.8,85.2,98.8,119.6,78.7,10.0,0.0,0.0,50.0,98.8
2013-06-18 18:26:36,98.6,119.7,81.2,12.3,0.0,6995.4,559.6,98.8,119.8,86.5,98.6,119.6,78.9,10.0,0.0,0.0,50.0,98.6
2013-06-18 18:26:37,98.7,119.7,79.3,12.3,0.0,6995.3,559.6,98.7,119.8,85.2,98.6,119.6,78.4,10.0,0.0,0.0,50.0,98.7
2013-06-18 18:26:38,98.5,119.9,79.2,12.3,0.0,6995.3,559.6,98.7,119.9,85.0,98.5,119.7,78.4,10.0,0.0,0.0,50.0,98.5
2013-06-18 18:26:39,98.4,119.7,80.4,12.3,0.0,6996.9,559.7,98.5,119.9,86.0,98.4,119.6,78.3,10.0,0.0,0.0,50.0,98.4
2013-06-18 18:26:40,98.3,119.7,79.8,12.4,0.0,6995.3,559.6,98.4,119.9,84.8,98.3,119.6,78.4,10.0,0.0,0.0,50.0,98.3
2013-06-18 18:26:41,98.2,119.8,81.8,12.4,0.0,6995.5,559.6,98.3,119.9,86.8,98.2,119.7,78.7,10.0,0.0,0.0,50.0,98.2
2013-06-18 18:26:42,98.3,119.8,83.3,12.4,0.0,6995.8,559.6,98.3,119.9,89.5,98.2,119.7,79.5,10.0,0.0,0.0,50.0,98.3
2013-06-18 18:26:43,98.4,119.7,82.0,12.5,0.1,6995.7,559.6,98.4,119.9,84.9,98.3,119.7,78.3,10.0,0.0,0.0,50.0,98.4
2013-06-18 18:26:44,98.3,119.7,81.9,12.5,0.1,6997.1,559.7,98.4,119.8,84.5,98.3,119.6,78.1,10.0,0.0,0.0,50.0,98.3
2013-06-18 18:26:45,98.2,119.8,83.8,12.5,0.1,6995.5,559.6,98.3,119.9,86.3,98.2,119.6,78.0,10.0,0.0,0.0,50.0,98.2
2013-06-18 18:26:46,98.0,119.8,84.8,12.5,0.1,6995.4,559.6,98.2,119.8,84.8,98.0,119.7,77.9,10.0,0.0,0.0,50.0,98.0
2013-06-18 18:26:47,97.9,119.7,82.3,12.6,0.1,6995.3,559.6,98.0,119.8,84.8,97.9,119.7,77.7,10.0,0.0,0.0,50.0,97.9
2013-06-18 18:26:48,97.7,119.7,84.3,12.6,0.1,6995.3,559.6,97.9,119.8,84.8,97.7,119.6,79.3,10.0,0.0,0.0,50.0,97.7
2013-06-18 18:26:49,97.9,119.7,78.9,12.6,0.1,6996.7,559.7,97.9,119.7,88.4,97.7,119.6,78.0,10.0,0.0,0.0,50.0,97.9
2013-06-18 18:26:50,97.7,119.7,79.0,12.7,0.1,6995.1,559.6,97.9,119.8,85.2,97.7,119.6,78.1,10.0,0.0,0.0,50.0,97.7
2013-06-18 18:26:51,97.7,119.7,83.3,12.7,0.1,6995.1,559.6,97.7,119.8,84.7,97.7,119.6,77.8,10.0,0.0,0.0,50.0,97.7
2013-06-18 18:26:52,97.7,119.7,78.7,12.7,0.1,6994.9,559.5,97.7,119.8,85.3,97.7,119.6,77.8,10.0,0.0,0.0,50.0,97.7
2013-06-18 18:26:53,97.5,119.7,79.9,12.7,0.1,6996.5,559.7,97.7,119.8,85.3,97.5,119.6,78.3,10.0,0.0,0.0,50.0,97.5
2013-06-18 18:26:54,97.7,119.8,78.8,12.8,0.1,6994.9,559.5,97.7,119.8,88.5,97.5,119.5,77.9,10.0,0.0,0.0,50.0,97.7
2013-06-18 18:26:55,97.6,119.8,78.4,12.8,0.1,6994.9,559.5,97.7,119.8,87.3,97.6,119.6,78.0,10.0,0.0,0.0,50.0,97.6
2013-06-18 18:26:56,97.4,119.8,78.5,12.8,0.1,6994.8,559.5,97.6,119.8,86.7,97.4,119.6,78.0,10.0,0.0,0.0,50.0,97.4
2013-06-18 18:26:57,97.4,119.8,79.3,12.8,0.1,6994.9,559.5,97.4,119.9,86.2,97.4,119.6,78.1,10.0,0.0,0.0,50.0,97.4
2013-06-18 18:26:58,97.6,119.9,78.0,12.9,0.1,6996.4,559.7,97.6,119.9,86.1,97.4,119.7,77.7,10.0,0.0,0.0,50.0,97.6
2013-06-18 18:26:59,97.5,119.9,79.5,12.9,0.1,6996.4,559.7,97.6,119.9,86.0,97.5,119.6,77.7,10.0,0.0,0.0,50.0,97.5
2013-06-18 18:27:00,97.6,119.9,78.1,12.9,0.1,6994.9,559.5,97.6,119.9,87.2,97.5,119.7,77.9,10.0,0.0,0.0,50.0,97.6
2013-06-18 18:27:01,97.7,120.0,77.7,13.0,0.1,6994.9,559.5,97.7,120.0,85.0,97.6,119.7,77.7,10.0,0.0,0.0,50.0,97.7
2013-06-18 18:27:02,97.5,119.9,78.0,13.0,0.1,6994.8,559.5,97.7,120.0,85.0,97.5,119.7,77.7,10.0,0.0,0.0,50.0,97.5
2013-06-18 18:27:03,97.5,119.8,79.2,13.0,0.1,6994.9,559.5,97.5,119.9,86.3,97.5,119.8,78.0,10.0,0.0,0.0,50.0,97.5
2013-06-18 18:27:04,97.7,119.8,77.8,13.0,0.1,6994.9,559.5,97.7,120.0,85.0,97.5,119.7,77.8,10.0,0.0,0.0,50.0,97.7
2013-06-18 18:27:05,97.5,119.8,79.6,13.1,0.1,6994.9,559.5,97.7,120.0,87.2,97.5,119.8,77.8,10.0,0.0,0.0,50.0,97.5
2013-06-18 18:27:06,97.7,119.9,77.8,13.1,0.1,6994.9,559.5,97.7,120.0,84.5,97.5,119.8,77.8,10.0,0.0,0.0,50.0,97.7
2013-06-18 18:27:07,97.6,120.0,77.8,13.1,0.1,6994.8,559.5,97.7,120.0,84.6,97.6,119.8,77.8,10.0,0.0,0.0,50.0,97.6
2013-06-18 18:27:08,97.5,119.8,78.4,13.1,0.1,6996.2,559.6,97.6,120.0,89.0,97.5,119.8,77.7,10.0,0.0,0.0,50.0,97.5
2013-06-18 18:27:09,97.5,119.9,78.3,13.2,0.1,6996.0,559.6,97.5,120.0,84.3,97.5,119.8,77.8,10.0,0.0,0.0,50.0,97.5
2013-06-18 18:27:10,97.4,119.9,78.3,13.2,0.1,6994.5,559.5,97.5,120.0,84.2,97.4,119.8,77.9,10.0,0.0,0.0,50.0,97.4
2013-06-18 18:27:11,97.3,119.8,79.7,13.2,0.1,6994.5,559.5,97.4,119.9,89.3,97.3,119.7,77.6,10.0,0.0,0.0,50.0,97.3
2013-06-18 18:27:12,97.4,119.9,79.2,13.2,0.1,6994.3,559.5,97.4,119.9,84.7,97.3,119.7,77.6,10.0,0.0,0.0,50.0,97.4
2013-06-18 18:27:13,97.2,119.9,80.4,13.3,0.1,6995.7,559.6,97.4,120.0,84.3,97.2,119.8,77.8,10.0,0.0,0.0,50.0,97.2
2013-06-18 18:27:14,97.3,119.9,81.9,13.3,0.1,6994.2,559.5,97.3,120.0,86.7,97.2,119.8,77.8,10.0,0.0,0.0,50.0,97.3
2013-06-18 18:27:15,97.2,119.9,82.0,13.3,0.1,6994.0,559.5,97.3,119.9,84.5,97.2,119.8,77.9,10.0,0.0,0.0,50.0,97.2
2013-06-18 18:27:16,97.1,119.9,84.2,13.3,0.1,6993.9,559.5,97.2,120.0,84.2,97.1,119.8,77.7,10.0,0.0,0.0,50.0,97.1
2013-06-18 18:27:17,97.1,119.7,84.4,13.4,0.1,6995.4,559.6,97.1,120.0,84.4,97.1,119.7,78.8,10.0,0.0,0.0,50.0,97.1
2013-06-18 18:27:18,97.3,119.9,78.0,13.4,0.1,6993.8,559.5,97.3,120.0,86.7,97.1,119.6,77.8,10.0,0.0,0.0,50.0,97.3
2013-06-18 18:27:19,97.3,120.0,77.9,13.4,0.1,6993.8,559.5,97.3,120.0,84.7,97.3,119.9,77.8,10.0,0.0,0.0,50.0,97.3
2013-06-18 18:27:20,97.3,120.0,80.9,13.5,0.1,6994.0,559.5,97.3,120.0,89.3,97.3,119.8,77.9,10.0,0.0,0.0,50.0,97.3
2013-06-18 18:27:21,97.5,119.8,78.0,13.5,0.1,6993.8,559.5,97.5,120.0,85.1,97.3,119.8,78.0,10.0,0.0,0.0,50.0,97.5
2013-06-18 18:27:22,97.4,119.8,77.9,13.5,0.1,6993.8,559.5,97.5,119.9,84.5,97.4,119.7,77.9,10.0,0.0,0.0,50.0,97.4
2013-06-18 18:27:23,97.4,119.9,82.2,13.5,0.1,6993.8,559.5,97.4,119.9,84.8,97.4,119.8,77.9,10.0,0.0,0.0,50.0,97.4
2013-06-18 18:27:24,97.5,120.0,77.8,13.6,0.1,6993.7,559.5,97.5,120.0,85.9,97.4,119.8,77.7,10.0,0.0,0.0,50.0,97.5
2013-06-18 18:27:25,97.3,119.9,77.9,13.6,0.1,6995.0,559.6,97.5,120.0,84.4,97.3,119.8,77.7,10.0,0.0,0.0,50.0,97.3
2013-06-18 18:27:26,97.3,119.8,83.0,13.6,0.1,6993.8,559.5,97.3,120.0,85.6,97.3,119.8,77.7,10.0,0.0,0.0,50.0,97.3
2013-06-18 18:27:27,97.5,119.9,77.9,13.7,0.1,6993.7,559.4,97.5,119.9,84.8,97.3,119.8,77.9,10.0,0.0,0.0,50.0,97.5
2013-06-18 18:27:28,97.3,119.9,77.8,13.7,0.1,6993.6,559.4,97.5,119.9,84.7,97.3,119.6,77.8,10.0,0.0,0.0,50.0,97.3
2013-06-18 18:27:29,97.3,119.9,79.2,13.7,0.1,6994.9,559.5,97.3,119.9,84.0,97.3,119.8,77.6,10.0,0.0,0.0,50.0,97.3
2013-06-18 18:27:30,97.4,119.9,77.9,13.7,0.1,6994.9,559.5,97.4,119.9,85.8,97.3,119.7,77.9,10.0,0.0,0.0,50.0,97.4
2013-06-18 18:27:31,97.3,119.9,78.0,13.8,0.1,6993.5,559.4,97.4,119.9,85.9,97.3,119.8,77.8,10.0,0.0,0.0,50.0,97.3
2013-06-18 18:27:32,97.3,120.1,78.0,13.8,0.1,6993.3,559.4,97.3,120.1,84.6,97.3,119.8,77.8,10.0,0.0,0.0,50.0,97.3
2013-06-18 18:27:33,97.3,120.1,77.8,13.8,0.1,6993.3,559.4,97.3,120.1,84.3,97.3,119.8,77.8,10.0,0.0,0.0,50.0,97.3
2013-06-18 18:27:34,97.2,120.0,77.8,13.8,0.1,6993.2,559.4,97.3,120.1,85.7,97.2,119.8,77.6,10.0,0.0,0.0,50.0,97.2
2013-06-18 18:27:35,97.2,119.9,79.5,13.9,0.1,6993.1,559.4,97.2,120.0,85.8,97.2,119.8,77.7,10.0,0.0,0.0,50.0,97.2
2013-06-18 18:27:36,97.4,119.9,78.4,13.9,0.1,6993.2,559.4,97.4,120.0,84.7,97.2,119.8,78.3,10.0,0.0,0.0,50.0,97.4
2013-06-18 18:27:37,97.3,120.0,78.6,13.9,0.1,6994.5,559.5,97.4,120.0,88.5,97.3,119.8,77.9,10.0,0.0,0.0,50.0,97.3
2013-06-18 18:27:38,97.3,119.8,78.8,13.9,0.1,6993.0,559.4,97.3,120.0,84.5,97.3,119.8,78.0,10.0,0.0,0.0,50.0,97.3
2013-06-18 18:27:39,97.3,119.7,78.8,14.0,0.1,6992.9,559.4,97.3,119.8,84.4,97.3,119.6,77.9,10.0,0.0,0.0,50.0,97.3
2013-06-18 18:27:40,97.2,119.8,79.2,14.0,0.1,6992.8,559.4,97.3,119.8,87.0,97.2,119.5,78.0,10.0,0.0,0.0,50.0,97.2
2013-06-18 18:27:41,97.2,119.8,80.9,14.0,0.1,6992.8,559.4,97.2,119.9,87.1,97.2,119.6,78.1,10.0,0.0,0.0,50.0,97.2
2013-06-18 18:27:42,97.4,119.7,80.4,14.0,0.1,6994.1,559.5,97.4,119.8,86.9,97.2,119.6,78.1,10.0,0.0,0.0,50.0,97.4
2013-06-18 18:27:43,97.3,119.7,81.9,14.1,0.1,6992.8,559.4,97.4,119.8,87.5,97.3,119.6,78.1,10.0,0.0,0.0,50.0,97.3
2013-06-18 18:27:44,97.3,119.6,82.0,14.1,0.1,6992.6,559.4,97.3,119.8,86.5,97.3,119.6,77.9,10.0,0.0,0.0,50.0,97.3
2013-06-18 18:27:45,97.2,119.6,82.6,14.1,0.1,6992.5,559.4,97.3,119.7,85.4,97.2,119.5,78.0,10.0,0.0,0.0,50.0,97.2
2013-06-18 18:27:46,97.2,119.7,86.6,14.2,0.1,6992.5,559.4,97.2,119.7,86.6,97.2,119.5,78.1,10.0,0.0,0.0,50.0,97.2
2013-06-18 18:27:47,97.2,119.6,83.4,14.2,0.1,6992.4,559.3,97.2,119.8,86.6,97.2,119.6,78.1,10.0,0.0,0.0,50.0,97.2
2013-06-18 18:27:48,97.3,119.7,79.2,14.2,0.1,6992.4,559.3,97.3,119.7,88.0,97.2,119.5,77.9,10.0,0.0,0.0,50.0,97.3
2013-06-18 18:27:49,97.3,119.8,80.4,14.2,0.1,6992.3,559.3,97.3,119.8,85.4,97.3,119.6,77.5,10.0,0.0,0.0,50.0,97.3
2013-06-18 18:27:50,97.3,119.7,80.0,14.3,0.1,6992.1,559.3,97.3,119.9,84.6,97.3,119.6,77.6,10.0,0.0,0.0,50.0,97.3
2013-06-18 18:27:51,97.1,119.6,80.6,14.3,0.1,6993.4,559.4,97.3,119.8,84.5,97.1,119.6,77.7,10.0,0.0,0.0,50.0,97.1
2013-06-18 18:27:52,97.1,119.6,83.9,14.3,0.1,6992.1,559.3,97.1,119.7,85.7,97.1,119.5,78.7,10.0,0.0,0.0,50.0,97.1
2013-06-18 18:27:53,97.3,119.7,80.9,14.4,0.1,6992.1,559.3,97.3,119.8,85.7,97.1,119.6,78.1,10.0,0.0,0.0,50.0,97.3
2013-06-18 18:27:54,97.3,119.7,78.6,14.4,0.1,6992.0,559.3,97.3,119.8,85.8,97.3,119.6,77.7,10.0,0.0,0.0,50.0,97.3
2013-06-18 18:27:55,97.2,119.8,81.0,14.4,0.1,6991.9,559.3,97.3,119.8,84.9,97.2,119.5,77.7,10.0,0.0,0.0,50.0,97.2
2013-06-18 18:27:56,97.2,119.8,77.7,14.4,0.1,6991.7,559.3,97.2,119.9,84.7,97.2,119.6,77.6,10.0,0.0,0.0,50.0,97.2
2013-06-18 18:27:57,97.1,119.7,77.8,14.5,0.1,6991.7,559.3,97.2,119.8,85.0,97.1,119.7,77.7,10.0,0.0,0.0,50.0,97.1
2013-06-18 18:27:58,97.0,119.7,82.2,14.5,0.1,6991.6,559.3,97.1,119.8,84.4,97.0,119.6,77.6,10.0,0.0,0.0,50.0,97.0
2013-06-18 18:27:59,97.0,119.8,79.0,14.5,0.1,6991.5,559.3,97.0,119.8,84.2,97.0,119.5,78.1,10.0,0.0,0.0,50.0,97.0
2013-06-18 18:28:00,97.1,119.8,77.6,14.5,0.1,6991.5,559.3,97.1,119.8,86.6,97.0,119.6,77.6,10.0,0.0,0.0,50.0,97.1
2013-06-18 18:28:01,97.1,119.8,80.4,14.6,0.1,6991.4,559.3,97.1,119.8,84.6,97.1,119.6,77.6,10.0,0.0,0.0,50.0,97.1
2013-06-18 18:28:02,97.1,119.7,79.1,14.6,0.1,6991.4,559.3,97.1,119.9,85.8,97.1,119.7,79.1,10.0,0.0,0.0,50.0,97.1
2013-06-18 18:28:03,97.2,119.7,77.4,14.6,0.1,6992.6,559.4,97.2,119.8,87.0,97.1,119.6,77.4,10.0,0.0,0.0,50.0,97.2
2013-06-18 18:28:04,97.1,119.9,77.5,14.7,0.1,6991.1,559.2,97.2,119.9,83.9,97.1,119.7,77.3,10.0,0.0,0.0,50.0,97.1
2013-06-18 18:28:05,97.0,120.0,79.0,14.7,0.1,6991.1,559.2,97.1,120.0,85.5,97.0,119.8,77.5,10.0,0.0,0.0,50.0,97.0
2013-06-18 18:28:06,97.1,120.0,77.7,14.7,0.1,6991.1,559.2,97.1,120.0,86.5,97.0,119.9,77.7,10.0,0.0,0.0,50.0,97.1
2013-06-18 18:28:07,97.1,119.9,77.8,14.7,0.1,6990.9,559.2,97.1,120.1,84.2,97.1,119.9,77.5,10.0,0.0,0.0,50.0,97.1
2013-06-18 18:28:08,97.1,120.0,77.7,14.7,0.1,6990.8,559.2,97.1,120.0,83.8,97.1,119.8,77.4,10.0,0.0,0.0,50.0,97.1
2013-06-18 18:28:09,97.0,120.1,77.9,14.8,0.1,6990.7,559.2,97.1,120.1,85.3,97.0,119.9,77.3,10.0,0.0,0.0,50.0,97.0
2013-06-18 18:28:10,96.9,120.0,78.4,14.8,0.1,6990.4,559.2,97.0,120.1,83.9,96.9,119.8,77.3,10.0,0.0,0.0,50.0,96.9
2013-06-18 18:28:11,96.9,120.0,80.3,14.8,0.1,6991.8,559.3,96.9,120.0,85.8,96.9,119.8,77.7,10.0,0.0,0.0,50.0,96.9
2013-06-18 18:28:12,97.0,120.1,79.2,14.9,0.1,6991.8,559.3,97.0,120.1,84.9,96.9,119.9,77.5,10.0,0.0,0.0,50.0,97.0
2013-06-18 18:28:13,97.0,120.0,80.4,14.9,0.1,6990.3,559.2,97.0,120.2,84.1,97.0,120.0,77.3,10.0,0.0,0.0,50.0,97.0
2013-06-18 18:28:14,96.9,119.9,80.9,14.9,0.1,6990.2,559.2,97.0,120.1,84.2,96.9,119.9,77.4,10.0,0.0,0.0,50.0,96.9
2013-06-18 18:28:15,96.8,119.9,82.1,14.9,0.1,6990.2,559.2,96.9,120.0,84.3,96.8,119.8,77.9,10.0,0.0,0.0,50.0,96.8
2013-06-18 18:28:16,96.9,120.0,84.2,15.0,0.1,6990.0,559.2,96.9,120.1,84.2,96.8,119.9,77.5,10.0,0.0,0.0,50.0,96.9
2013-06-18 18:28:17,96.9,119.9,80.9,15.0,0.1,6989.9,559.1,96.9,120.1,84.2,96.9,119.9,78.4,10.0,0.0,0.0,50.0,96.9
2013-06-18 18:28:18,96.9,119.9,77.9,15.0,0.1,6989.9,559.1,96.9,119.9,85.6,96.9,119.8,77.5,10.0,0.0,0.0,50.0,96.9
2013-06-18 18:28:19,97.0,119.9,78.8,15.0,0.1,6989.8,559.1,97.0,119.9,84.3,96.9,119.8,77.9,10.0,0.0,0.0,50.0,97.0
2013-06-18 18:28:20,97.1,119.8,77.5,15.1,0.1,6991.0,559.2,97.1,119.9,85.2,97.0,119.7,77.5,10.0,0.0,0.0,50.0,97.1
2013-06-18 18:28:21,97.0,119.7,78.4,15.1,0.1,6989.7,559.1,97.1,119.8,84.2,97.0,119.6,77.5,10.0,0.0,0.0,50.0,97.0
2013-06-18 18:28:22,96.9,119.7,77.4,15.1,0.1,6989.4,559.1,97.0,119.9,84.2,96.9,119.6,77.4,10.0,0.0,0.0,50.0,96.9
2013-06-18 18:28:23,96.8,119.7,78.9,15.2,0.1,6989.4,559.1,96.9,119.8,84.0,96.8,119.7,77.3,10.0,0.0,0.0,50.0,96.8
2013-06-18 18:28:24,97.0,119.8,78.9,15.2,0.1,6989.4,559.1,97.0,119.9,85.7,96.8,119.7,77.5,10.0,0.0,0.0,50.0,97.0
2013-06-18 18:28:25,96.9,119.7,77.6,15.2,0.1,6989.2,559.1,97.0,119.9,84.8,96.9,119.7,77.6,10.0,0.0,0.0,50.0,96.9
2013-06-18 18:28:26,96.8,119.7,77.9,15.2,0.1,6989.2,559.1,96.9,119.8,85.9,96.8,119.6,77.5,10.0,0.0,0.0,50.0,96.8
2013-06-18 18:28:27,96.9,119.6,81.1,15.3,0.1,6989.2,559.1,96.9,119.7,85.5,96.8,119.5,77.6,10.0,0.0,0.0,50.0,96.9
2013-06-18 18:28:28,97.0,119.6,77.5,15.3,0.1,6989.0,559.1,97.0,119.7,84.6,96.9,119.5,77.5,10.0,0.0,0.0,50.0,97.0
2013-06-18 18:28:29,96.9,119.8,79.0,15.3,0.1,6989.0,559.1,97.0,119.8,86.7,96.9,119.6,77.4,10.0,0.0,0.0,50.0,96.9
2013-06-18 18:28:30,97.0,119.8,81.1,15.3,0.1,6989.0,559.1,97.0,119.9,86.1,96.9,119.6,77.7,10.0,0.0,0.0,50.0,97.0
2013-06-18 18:28:31,97.0,119.7,77.7,15.4,0.1,6988.8,559.1,97.0,119.8,87.1,97.0,119.5,77.7,10.0,0.0,0.0,50.0,97.0
2013-06-18 18:28:32,96.9,119.7,77.7,15.4,0.1,6988.7,559.0,97.0,119.7,88.4,96.9,119.4,77.4,10.0,0.0,0.0,50.0,96.9
2013-06-18 18:28:33,96.9,119.6,82.4,15.4,0.1,6988.6,559.0,96.9,119.8,86.0,96.9,119.5,77.5,10.0,0.0,0.0,50.0,96.9
2013-06-18 18:28:34,96.8,119.6,77.8,15.4,0.1,6988.4,559.0,96.9,119.7,84.8,96.8,119.5,77.8,10.0,0.0,0.0,50.0,96.8
2013-06-18 18:28:35,96.8,119.8,79.3,15.5,0.1,6988.4,559.0,96.8,119.8,87.8,96.8,119.6,77.6,10.0,0.0,0.0,50.0,96.8
2013-06-18 18:28:36,97.0,119.9,79.3,15.5,0.1,6988.3,559.0,97.0,119.9,85.6,96.8,119.7,77.7,10.0,0.0,0.0,50.0,97.0
2013-06-18 18:28:37,97.0,119.9,77.7,15.5,0.1,6988.2,559.0,97.0,119.9,84.8,97.0,119.7,77.6,10.0,0.0,0.0,50.0,97.0
2013-06-18 18:28:38,96.8,119.9,77.9,15.5,0.1,6989.3,559.1,97.0,119.9,84.7,96.8,119.7,77.3,10.0,0.0,0.0,50.0,96.8
2013-06-18 18:28:39,96.8,119.9,78.0,15.6,0.1,6989.1,559.1,96.8,120.0,84.2,96.8,119.8,77.4,10.0,0.0,0.0,50.0,96.8
2013-06-18 18:28:40,96.8,119.9,78.4,15.6,0.1,6987.8,559.0,96.8,120.0,84.5,96.8,119.8,77.6,10.0,0.0,0.0,50.0,96.8
2013-06-18 18:28:41,96.7,119.9,80.1,15.6,0.1,6987.8,559.0,96.8,120.0,86.0,96.7,119.8,77.2,10.0,0.0,0.0,50.0,96.7
2013-06-18 18:28:42,96.8,120.0,79.2,15.7,0.1,6987.6,559.0,96.8,120.1,84.0,96.7,119.9,77.6,10.0,0.0,0.0,50.0,96.8
2013-06-18 18:28:43,96.9,119.9,80.8,15.7,0.1,6988.8,559.1,96.9,120.0,84.3,96.8,119.8,77.5,10.0,0.0,0.0,50.0,96.9
2013-06-18 18:28:44,96.8,120.0,81.1,15.7,0.1,6987.5,559.0,96.9,120.1,84.6,96.8,119.9,77.4,10.0,0.0,0.0,50.0,96.8
2013-06-18 18:28:45,96.8,120.0,82.4,15.7,0.1,6987.3,558.9,96.8,120.1,83.9,96.8,119.9,77.5,10.0,0.0,0.0,50.0,96.8
2013-06-18 18:28:46,96.8,120.0,83.6,15.8,0.1,6987.2,558.9,96.8,120.1,83.6,96.8,120.0,77.4,10.0,0.0,0.0,50.0,96.8
2013-06-18 18:28:47,96.7,120.1,78.9,15.8,0.1,6988.2,559.0,96.8,120.2,84.6,96.7,120.0,77.6,10.0,0.0,0.0,50.0,96.7
2013-06-18 18:28:48,96.7,120.2,78.9,15.8,0.1,6987.0,558.9,96.7,120.2,84.0,96.7,120.0,78.7,10.0,0.0,0.0,50.0,96.7
2013-06-18 18:28:49,96.9,120.2,77.6,15.8,0.1,6987.0,558.9,96.9,120.2,85.6,96.7,120.0,77.5,10.0,0.0,0.0,50.0,96.9
2013-06-18 18:28:50,96.9,120.1,77.6,15.9,0.1,6986.9,558.9,96.9,120.3,84.5,96.9,120.0,77.3,10.0,0.0,0.0,50.0,96.9
2013-06-18 18:28:51,96.8,120.1,77.5,15.9,0.1,6986.7,558.9,96.9,120.2,83.4,96.8,120.0,77.3,10.0,0.0,0.0,50.0,96.8
2013-06-18 18:28:52,96.8,120.0,77.6,15.9,0.1,6986.6,558.9,96.8,120.1,85.2,96.8,119.9,77.3,10.0,0.0,0.0,50.0,96.8
2013-06-18 18:28:53,96.8,119.9,79.7,16.0,0.1,6986.7,558.9,96.8,120.0,86.1,96.8,119.8,77.5,10.0,0.0,0.0,50.0,96.8
2013-06-18 18:28:54,97.0,119.9,78.1,16.0,0.1,6986.6,558.9,97.0,120.0,84.6,96.8,119.8,77.7,10.0,0.0,0.0,50.0,97.0
2013-06-18 18:28:55,96.8,120.0,77.8,16.0,0.1,6986.5,558.9,97.0,120.0,86.6,96.8,119.9,77.5,10.0,0.0,0.0,50.0,96.8
2013-06-18 18:28:56,96.8,119.9,79.9,16.0,0.1,6986.4,558.9,96.8,120.0,84.7,96.8,119.7,77.4,10.0,0.0,0.0,50.0,96.8
2013-06-18 18:28:57,96.9,120.0,78.0,16.1,0.1,6986.4,558.9,96.9,120.1,86.4,96.8,119.8,78.0,10.0,0.0,0.0,50.0,96.9
2013-06-18 18:28:58,96.9,120.0,79.5,16.1,0.1,6986.4,558.9,96.9,120.1,86.3,96.9,119.9,77.3,10.0,0.0,0.0,50.0,96.9
2013-06-18 18:28:59,97.0,119.9,79.6,16.1,0.1,6987.6,559.0,97.0,120.0,85.4,96.9,119.8,77.8,10.0,0.0,0.0,50.0,97.0
2013-06-18 18:29:00,97.1,119.9,90.2,16.2,0.1,6987.8,559.0,97.1,120.0,101.4,97.0,119.6,77.4,10.0,0.0,0.0,50.0,97.1
2013-06-18 18:29:01,109.3,120.1,78.7,16.2,0.1,6987.8,559.0,109.3,120.1,90.2,97.1,119.8,77.8,10.0,0.0,0.0,50.0,109.3
2013-06-18 18:29:02,97.2,120.1,82.3,16.2,0.1,6987.9,559.0,109.3,120.2,85.7,97.2,120.0,77.7,10.0,0.0,0.0,50.0,97.2
2013-06-18 18:29:03,97.3,120.1,78.9,16.2,0.1,6988.9,559.1,97.3,120.1,84.3,97.2,119.9,77.7,10.0,0.0,0.0,50.0,97.3
2013-06-18 18:29:04,97.2,120.1,80.2,16.2,0.1,6987.8,559.0,97.3,120.1,86.5,97.2,120.0,77.4,10.0,0.0,0.0,50.0,97.2
2013-06-18 18:29:05,97.3,120.0,82.2,16.3,0.1,6987.8,559.0,97.3,120.1,84.2,97.2,119.9,77.8,10.0,0.0,0.0,50.0,97.3
2013-06-18 18:29:06,97.3,120.0,79.0,16.3,0.1,6987.6,559.0,97.3,120.1,83.9,97.3,119.9,77.6,10.0,0.0,0.0,50.0,97.3
2013-06-18 18:29:07,97.1,120.0,79.9,16.3,0.1,6988.7,559.0,97.3,120.0,84.3,97.1,119.8,77.6,10.0,0.0,0.0,50.0,97.1
2013-06-18 18:29:08,97.1,120.0,84.6,16.4,0.1,6987.4,558.9,97.1,120.2,84.6,97.1,119.9,77.6,10.0,0.0,0.0,50.0,97.1
2013-06-18 18:29:09,97.1,120.0,80.7,16.4,0.1,6987.2,558.9,97.1,120.1,84.6,97.1,119.9,77.4,10.0,0.0,0.0,50.0,97.1
2013-06-18 18:29:10,96.9,120.0,82.7,16.4,0.1,6988.4,559.0,97.1,120.1,85.7,96.9,119.9,77.4,10.0,0.0,0.0,50.0,96.9
2013-06-18 18:29:11,97.1,120.1,80.5,16.4,0.1,6987.2,558.9,97.1,120.2,84.0,96.9,120.0,77.6,10.0,0.0,0.0,50.0,97.1
2013-06-18 18:29:12,97.2,120.1,80.0,16.5,0.1,6987.1,558.9,97.2,120.1,85.3,97.1,120.0,77.6,10.0,0.0,0.0,50.0,97.2
2013-06-18 18:29:13,97.1,120.0,80.7,16.5,0.1,6987.1,558.9,97.2,120.1,84.1,97.1,120.0,77.8,10.0,0.0,0.0,50.0,97.1
2013-06-18 18:29:14,97.0,119.9,80.3,16.5,0.1,6988.0,559.0,97.1,120.1,83.8,97.0,119.8,77.3,10.0,0.0,0.0,50.0,97.0
2013-06-18 18:29:15,97.0,120.2,83.5,16.5,0.1,6986.8,558.9,97.0,120.2,85.5,97.0,119.8,77.3,10.0,0.0,0.0,50.0,97.0
2013-06-18 18:29:16,96.8,120.1,83.5,16.6,0.1,6986.8,558.9,97.0,120.3,83.5,96.8,120.1,77.5,10.0,0.0,0.0,50.0,96.8
2013-06-18 18:29:17,97.0,120.1,77.8,16.6,0.1,6986.6,558.9,97.0,120.2,85.5,96.8,120.0,77.5,10.0,0.0,0.0,50.0,97.0
2013-06-18 18:29:18,97.1,120.1,77.6,16.6,0.1,6986.6,558.9,97.1,120.2,86.9,97.0,119.9,77.5,10.0,0.0,0.0,50.0,97.1
2013-06-18 18:29:19,97.0,120.1,77.4,16.7,0.1,6986.5,558.9,97.1,120.2,85.4,97.0,119.9,77.4,10.0,0.0,0.0,50.0,97.0
2013-06-18 18:29:20,97.0,120.1,77.3,16.7,0.1,6986.3,558.9,97.0,120.1,85.8,97.0,119.9,77.3,10.0,0.0,0.0,50.0,97.0
2013-06-18 18:29:21,96.9,120.2,77.5,16.7,0.1,6986.2,558.8,97.0,120.2,88.8,96.9,120.0,77.3,10.0,0.0,0.0,50.0,96.9
2013-06-18 18:29:22,96.8,120.2,77.5,16.7,0.1,6986.1,558.8,96.9,120.2,85.2,96.8,120.1,77.3,10.0,0.0,0.0,50.0,96.8
2013-06-18 18:29:23,96.9,120.2,77.3,16.8,0.1,6986.0,558.8,96.9,120.2,84.6,96.8,120.0,77.3,10.0,0.0,0.0,50.0,96.9
2013-06-18 18:29:24,96.8,120.3,77.2,16.8,0.1,6985.8,558.8,96.9,120.3,87.3,96.8,120.1,77.1,10.0,0.0,0.0,50.0,96.8
2013-06-18 18:29:25,96.6,120.3,78.9,16.8,0.1,6985.9,558.8,96.8,120.3,86.5,96.6,120.1,77.0,10.0,0.0,0.0,50.0,96.6
2013-06-18 18:29:26,96.8,120.3,77.3,16.8,0.1,6985.7,558.8,96.8,120.3,84.4,96.6,120.1,77.2,10.0,0.0,0.0,50.0,96.8
2013-06-18 18:29:27,96.8,120.3,77.4,16.9,0.1,6986.8,558.9,96.8,120.3,86.2,96.8,120.1,77.2,10.0,0.0,0.0,50.0,96.8
2013-06-18 18:29:28,96.8,120.3,79.1,16.9,0.1,6985.8,558.8,96.8,120.3,85.8,96.8,120.0,77.3,10.0,0.0,0.0,50.0,96.8
2013-06-18 18:29:29,97.0,120.3,77.2,16.9,0.1,6985.6,558.8,97.0,120.4,84.7,96.8,120.1,77.1,10.0,0.0,0.0,50.0,97.0
2013-06-18 18:29:30,96.9,120.2,77.4,17.0,0.1,6985.5,558.8,97.0,120.4,85.2,96.9,120.1,77.0,10.0,0.0,0.0,50.0,96.9
2013-06-18 18:29:31,96.8,120.2,81.9,17.0,0.1,6985.7,558.8,96.9,120.3,92.1,96.8,120.1,77.1,10.0,0.0,0.0,50.0,96.8
2013-06-18 18:29:32,97.2,120.2,77.7,17.0,0.1,6985.7,558.8,97.2,120.3,85.8,96.8,120.2,77.7,9.9,0.0,0.0,50.0,97.9
2013-06-18 18:29:33,97.2,120.2,77.1,17.0,0.1,6985.6,558.8,97.2,120.3,84.9,97.2,120.1,77.1,10.0,0.0,0.0,50.0,97.2
2013-06-18 18:29:34,97.1,120.2,80.6,17.0,0.1,6985.7,558.8,97.2,120.3,85.3,97.1,120.2,76.9,10.0,0.0,0.0,50.0,97.1
2013-06-18 18:29:35,97.3,120.3,77.4,17.1,0.1,6985.6,558.8,97.3,120.3,83.9,97.1,120.1,77.4,10.0,0.0,0.0,50.0,97.3
2013-06-18 18:29:36,97.1,120.3,77.5,17.1,0.1,6986.6,558.9,97.3,120.4,84.1,97.1,120.2,77.1,10.0,0.0,0.0,50.0,97.1
2013-06-18 18:29:37,97.1,120.2,81.8,17.1,0.1,6985.6,558.8,97.1,120.3,85.4,97.1,120.1,77.2,10.0,0.0,0.0,50.0,97.1
2013-06-18 18:29:38,97.3,120.2,77.7,17.2,0.1,6985.4,558.8,97.3,120.3,83.8,97.1,120.1,77.4,10.0,0.0,0.0,50.0,97.3
2013-06-18 18:29:39,97.1,120.2,79.4,17.2,0.1,6985.5,558.8,97.3,120.3,85.4,97.1,120.1,77.2,10.0,0.0,0.0,50.0,97.1
2013-06-18 18:29:40,97.3,120.2,82.3,17.2,0.1,6986.6,558.9,97.3,120.3,84.0,97.1,119.9,77.5,10.0,0.0,0.0,50.0,97.3
2013-06-18 18:29:41,97.3,120.2,78.2,17.2,0.1,6986.4,558.9,97.3,120.3,83.8,97.3,120.1,77.5,10.0,0.0,0.0,50.0,97.3
2013-06-18 18:29:42,97.1,120.3,79.6,17.3,0.1,6985.2,558.8,97.3,120.3,83.7,97.1,120.1,77.1,10.0,0.0,0.0,50.0,97.1
2013-06-18 18:29:43,97.0,120.2,84.3,17.3,0.1,6985.1,558.8,97.1,120.3,84.3,97.0,120.1,77.2,10.0,0.0,0.0,50.0,97.0
2013-06-18 18:29:44,97.0,120.0,80.7,17.3,0.1,6986.0,558.8,97.0,120.2,85.4,97.0,119.9,77.4,10.0,0.0,0.0,50.0,97.0
2013-06-18 18:29:45,96.9,120.1,85.5,17.4,0.1,6985.0,558.8,97.0,120.1,85.5,96.9,120.0,77.6,10.0,0.0,0.0,50.0,96.9
2013-06-18 18:29:46,97.0,120.0,81.2,17.4,0.1,6984.8,558.7,97.0,120.2,85.5,96.9,120.0,77.2,10.0,0.0,0.0,50.0,97.0
2013-06-18 18:29:47,97.0,120.0,77.4,17.4,0.1,6984.7,558.7,97.0,120.1,88.0,97.0,119.9,77.3,10.0,0.0,0.0,50.0,97.0
2013-06-18 18:29:48,96.9,120.1,77.4,17.4,0.1,6984.6,558.7,97.0,120.1,83.7,96.9,119.9,77.4,10.0,0.0,0.0,50.0,96.9
2013-06-18 18:29:49,96.8,120.2,77.4,17.5,0.1,6984.4,558.7,96.9,120.2,83.6,96.8,120.0,77.3,10.0,0.0,0.0,50.0,96.8
2013-06-18 18:29:50,96.8,120.2,77.4,17.5,0.1,6984.3,558.7,96.8,120.3,86.9,96.8,120.0,77.3,10.0,0.0,0.0,50.0,96.8
2013-06-18 18:29:51,96.7,120.2,78.7,17.5,0.1,6984.3,558.7,96.8,120.3,85.0,96.7,120.1,77.3,10.0,0.0,0.0,50.0,96.7
2013-06-18 18:29:52,96.9,120.3,77.4,17.5,0.1,6984.2,558.7,96.9,120.3,85.0,96.7,120.1,77.3,10.0,0.0,0.0,50.0,96.9
2013-06-18 18:29:53,96.9,120.2,77.3,17.6,0.1,6984.1,558.7,96.9,120.3,86.0,96.9,120.1,77.3,10.0,0.0,0.0,50.0,96.9
2013-06-18 18:29:54,96.7,120.2,77.5,17.6,0.1,6984.0,558.7,96.9,120.3,83.6,96.7,120.1,77.1,10.0,0.0,0.0,50.0,96.7
2013-06-18 18:29:55,96.7,120.1,77.6,17.6,0.1,6985.0,558.8,96.7,120.3,83.9,96.7,120.1,77.2,10.0,0.0,0.0,50.0,96.7
2013-06-18 18:29:56,96.7,120.1,77.3,17.7,0.1,6984.9,558.7,96.7,120.2,85.1,96.7,119.9,77.3,10.0,0.0,0.0,50.0,96.7
2013-06-18 18:29:57,96.7,120.2,77.6,17.7,0.1,6983.7,558.7,96.7,120.3,84.2,96.7,120.1,77.0,10.0,0.0,0.0,50.0,96.7
2013-06-18 18:29:58,96.7,120.2,77.4,17.7,0.1,6983.6,558.6,96.7,120.3,84.1,96.7,120.1,77.0,10.0,0.0,0.0,50.0,96.7
2013-06-18 18:29:59,96.7,120.2,77.4,17.7,0.1,6984.6,558.7,96.7,120.3,84.6,96.7,120.0,77.2,10.0,0.0,0.0,50.0,96.7
